source_file,central_bank,region,doc_type,speaker,date,period_year,period_quarter,year_quarter,sentence_count,token_count,avg_sentence_length,long_word_share,complexity_score,inflation_net,gdp_growth_net,ai_net,unemployment_net,uncertainty_net,rates_net,financial_conditions_net,overall_net_tone
boc/policy_statement/boc_2020-01-22_policy_statement_bank_of_canada_ba986e8c.txt,BOC,Canada,policy_statement,Bank of Canada,2020-01-22,2020,1,2020-Q1,24,493,20.541666666666668,0.20342612419700215,4.178711634546753,-0.006085192697768763,0.002028397565922921,0.0,0.0,-0.004056795131845842,0.0,0.0,0.010141987829614604
boc/policy_statement/boc_2020-03-04_policy_statement_bank_of_canada_4fcbaeeb.txt,BOC,Canada,policy_statement,Bank of Canada,2020-03-04,2020,1,2020-Q1,23,431,18.73913043478261,0.24644549763033174,4.618174325159695,-0.01160092807424594,0.004640371229698376,0.0,0.0,0.002320185614849188,0.002320185614849188,0.0,0.0069605568445475635
boc/policy_statement/boc_2020-04-15_policy_statement_bank_of_canada_5eff1bca.txt,BOC,Canada,policy_statement,Bank of Canada,2020-04-15,2020,2,2020-Q2,32,688,21.5,0.2383808095952024,5.125187406296852,-0.00436046511627907,0.0,0.0,0.0,-0.0014534883720930232,0.0,-0.0014534883720930232,0.005813953488372093
boc/policy_statement/boc_2020-06-03_policy_statement_bank_of_canada_5a600725.txt,BOC,Canada,policy_statement,Bank of Canada,2020-06-03,2020,2,2020-Q2,27,546,20.22222222222222,0.21348314606741572,4.317103620474406,-0.009157509157509158,0.003663003663003663,0.0,0.0,-0.0018315018315018315,0.0,0.0,0.005494505494505495
boc/policy_statement/boc_2020-07-15_policy_statement_bank_of_canada_73b694fd.txt,BOC,Canada,policy_statement,Bank of Canada,2020-07-15,2020,3,2020-Q3,28,664,23.714285714285715,0.2302839116719243,5.461018476791348,-0.007530120481927711,0.0015060240963855422,0.0,0.0,-0.0015060240963855422,0.0,0.0,0.0030120481927710845
boc/policy_statement/boc_2020-09-09_policy_statement_bank_of_canada_5a134272.txt,BOC,Canada,policy_statement,Bank of Canada,2020-09-09,2020,3,2020-Q3,24,502,20.916666666666668,0.23203285420944558,4.853353867214237,-0.0099601593625498,0.00199203187250996,0.0,0.0,-0.00199203187250996,0.00199203187250996,0.0,-0.00398406374501992
boc/policy_statement/boc_2020-10-28_policy_statement_bank_of_canada_a0da7a19.txt,BOC,Canada,policy_statement,Bank of Canada,2020-10-28,2020,4,2020-Q4,29,533,18.379310344827587,0.224,4.11696551724138,-0.01125703564727955,0.001876172607879925,0.0,0.0,0.0,0.0,0.0,0.01125703564727955
boc/policy_statement/boc_2020-12-09_policy_statement_bank_of_canada_694ad384.txt,BOC,Canada,policy_statement,Bank of Canada,2020-12-09,2020,4,2020-Q4,10,252,25.2,0.242914979757085,6.121457489878542,-0.027777777777777776,0.003968253968253968,0.0,0.0,0.0,0.0,0.0,0.003968253968253968
boc/policy_statement/boc_2021-01-20_policy_statement_bank_of_canada_2c7d9d06.txt,BOC,Canada,policy_statement,Bank of Canada,2021-01-20,2021,1,2021-Q1,27,617,22.85185185185185,0.231433506044905,5.288684193692829,-0.012965964343598054,0.0016207455429497568,0.0,0.0,-0.0032414910858995136,0.0,0.0,0.009724473257698542
boc/policy_statement/boc_2021-03-10_policy_statement_bank_of_canada_500fde01.txt,BOC,Canada,policy_statement,Bank of Canada,2021-03-10,2021,1,2021-Q1,28,580,20.714285714285715,0.24199288256227758,5.012709710218608,-0.01206896551724138,0.005172413793103448,0.0,-0.0017241379310344827,-0.0017241379310344827,0.0017241379310344827,0.0,0.01896551724137931
boc/policy_statement/boc_2021-04-21_policy_statement_bank_of_canada_f81c4df8.txt,BOC,Canada,policy_statement,Bank of Canada,2021-04-21,2021,2,2021-Q2,34,763,22.441176470588236,0.23066298342541436,5.176348716282093,-0.011795543905635648,0.002621231979030144,0.0,0.0,-0.002621231979030144,0.0,0.0,0.01310615989515072
boc/policy_statement/boc_2021-06-09_policy_statement_bank_of_canada_5b95ad69.txt,BOC,Canada,policy_statement,Bank of Canada,2021-06-09,2021,2,2021-Q2,28,567,20.25,0.2391304347826087,4.842391304347826,-0.015873015873015872,0.001763668430335097,0.0,-0.001763668430335097,-0.001763668430335097,0.001763668430335097,0.0,0.014109347442680775
boc/policy_statement/boc_2021-07-14_policy_statement_bank_of_canada_2c34e0c4.txt,BOC,Canada,policy_statement,Bank of Canada,2021-07-14,2021,3,2021-Q3,30,648,21.6,0.22875816993464052,4.9411764705882355,-0.012345679012345678,0.0030864197530864196,0.0,0.0,-0.0030864197530864196,0.0015432098765432098,0.0,0.010802469135802469
boc/policy_statement/boc_2021-09-08_policy_statement_bank_of_canada_5ba221c3.txt,BOC,Canada,policy_statement,Bank of Canada,2021-09-08,2021,3,2021-Q3,22,442,20.09090909090909,0.24882629107981222,4.999146393512591,-0.01583710407239819,0.0,0.0,0.0,-0.0022624434389140274,0.0022624434389140274,0.0,0.00904977375565611
boc/policy_statement/boc_2021-10-27_policy_statement_bank_of_canada_c1884611.txt,BOC,Canada,policy_statement,Bank of Canada,2021-10-27,2021,4,2021-Q4,28,578,20.642857142857142,0.218018018018018,4.5005148005148,-0.01384083044982699,0.0017301038062283738,0.0,0.0,0.0,0.0017301038062283738,0.0,0.012110726643598616
boc/policy_statement/boc_2021-12-08_policy_statement_bank_of_canada_af7f72bd.txt,BOC,Canada,policy_statement,Bank of Canada,2021-12-08,2021,4,2021-Q4,26,503,19.346153846153847,0.22950819672131148,4.440100882723834,-0.019880715705765408,0.0019880715705765406,0.0,0.0019880715705765406,-0.0019880715705765406,0.0019880715705765406,0.0,0.015904572564612324
boc/policy_statement/boc_2022-01-26_policy_statement_bank_of_canada_d1939ca6.txt,BOC,Canada,policy_statement,Bank of Canada,2022-01-26,2022,1,2022-Q1,18,382,21.22222222222222,0.22437673130193905,4.761772853185596,-0.020942408376963352,0.010471204188481676,0.0,0.002617801047120419,0.0,0.002617801047120419,0.0,0.01832460732984293
boc/policy_statement/boc_2022-03-02_policy_statement_bank_of_canada_27cb8a11.txt,BOC,Canada,policy_statement,Bank of Canada,2022-03-02,2022,1,2022-Q1,30,517,17.233333333333334,0.2134387351778656,3.6782608695652175,-0.02321083172147002,0.0019342359767891683,0.0,-0.0019342359767891683,-0.0038684719535783366,0.0,0.0,0.0038684719535783366
boc/policy_statement/boc_2022-04-13_policy_statement_bank_of_canada_bc03c49f.txt,BOC,Canada,policy_statement,Bank of Canada,2022-04-13,2022,2,2022-Q2,33,629,19.060606060606062,0.20563847429519072,3.919593949444696,-0.02066772655007949,0.0,0.0,0.001589825119236884,-0.003179650238473768,0.0,0.0,0.017488076311605722
boc/policy_statement/boc_2022-06-01_policy_statement_bank_of_canada_381ea39e.txt,BOC,Canada,policy_statement,Bank of Canada,2022-06-01,2022,2,2022-Q2,22,421,19.136363636363637,0.23471882640586797,4.491664814403201,-0.0332541567695962,0.0023752969121140144,0.0,0.0023752969121140144,-0.0023752969121140144,0.0,0.0,0.0166270783847981
boc/policy_statement/boc_2022-07-13_policy_statement_bank_of_canada_532520a4.txt,BOC,Canada,policy_statement,Bank of Canada,2022-07-13,2022,3,2022-Q3,9,212,23.555555555555557,0.19597989949748743,4.61641541038526,-0.02358490566037736,0.0,0.0,0.0,0.0,0.0,0.0,0.0047169811320754715
boc/policy_statement/boc_2022-09-07_policy_statement_bank_of_canada_be175b34.txt,BOC,Canada,policy_statement,Bank of Canada,2022-09-07,2022,3,2022-Q3,23,408,17.73913043478261,0.21212121212121213,3.7628458498023716,-0.024509803921568627,0.0,0.0,0.0,-0.0024509803921568627,0.0,0.0,0.0024509803921568627
boc/policy_statement/boc_2022-10-26_policy_statement_bank_of_canada_f6b59cbd.txt,BOC,Canada,policy_statement,Bank of Canada,2022-10-26,2022,4,2022-Q4,12,268,22.333333333333332,0.20866141732283464,4.6601049868766395,-0.029850746268656716,0.007462686567164179,0.0,0.0,0.0,0.0,0.0,0.0037313432835820895
boc/policy_statement/boc_2022-12-07_policy_statement_bank_of_canada_580b0aa5.txt,BOC,Canada,policy_statement,Bank of Canada,2022-12-07,2022,4,2022-Q4,19,366,19.263157894736842,0.23119777158774374,4.453599179006011,-0.03551912568306011,0.00546448087431694,0.0,0.0,0.0,0.0,0.0,0.01366120218579235
boc/policy_statement/boc_2023-01-25_policy_statement_bank_of_canada_f8e4cb4d.txt,BOC,Canada,policy_statement,Bank of Canada,2023-01-25,2023,1,2023-Q1,30,587,19.566666666666666,0.22661870503597123,4.4341726618705035,-0.020442930153321975,0.0034071550255536627,0.0,0.0,-0.0017035775127768314,-0.005110732538330494,0.0,0.0068143100511073255
boc/policy_statement/boc_2023-03-08_policy_statement_bank_of_canada_f419bc98.txt,BOC,Canada,policy_statement,Bank of Canada,2023-03-08,2023,1,2023-Q1,27,504,18.666666666666668,0.2402464065708419,4.484599589322382,-0.021825396825396824,0.003968253968253968,0.0,0.003968253968253968,0.0,-0.003968253968253968,0.0,0.013888888888888888
boc/policy_statement/boc_2023-04-12_policy_statement_bank_of_canada_50f8ade8.txt,BOC,Canada,policy_statement,Bank of Canada,2023-04-12,2023,2,2023-Q2,30,592,19.733333333333334,0.22456140350877193,4.4313450292397665,-0.02195945945945946,0.005067567567567568,0.0,0.005067567567567568,0.0,-0.006756756756756757,0.0,0.02027027027027027
boc/policy_statement/boc_2023-06-07_policy_statement_bank_of_canada_ebcd1ccd.txt,BOC,Canada,policy_statement,Bank of Canada,2023-06-07,2023,2,2023-Q2,6,167,27.833333333333332,0.21875,6.088541666666666,-0.023952095808383235,0.0,0.0,0.0,0.0,-0.011976047904191617,0.0,0.0
boc/policy_statement/boc_2023-07-12_policy_statement_bank_of_canada_9d026067.txt,BOC,Canada,policy_statement,Bank of Canada,2023-07-12,2023,3,2023-Q3,5,117,23.4,0.3217391304347826,7.528695652173912,-0.042735042735042736,0.0,0.0,0.008547008547008548,0.0,-0.008547008547008548,0.0,0.008547008547008548
boc/policy_statement/boc_2023-09-06_policy_statement_bank_of_canada_8c87ffcf.txt,BOC,Canada,policy_statement,Bank of Canada,2023-09-06,2023,3,2023-Q3,6,123,20.5,0.23076923076923078,4.730769230769231,-0.032520325203252036,0.0,0.0,0.0,0.0,0.0,0.0,0.0
boc/policy_statement/boc_2023-10-25_policy_statement_bank_of_canada_e344f84b.txt,BOC,Canada,policy_statement,Bank of Canada,2023-10-25,2023,4,2023-Q4,6,139,23.166666666666668,0.21705426356589147,5.028423772609819,-0.02877697841726619,0.0,0.0,0.0,-0.007194244604316547,0.0,0.0,0.0
boc/policy_statement/boc_2023-12-06_policy_statement_bank_of_canada_41254bab.txt,BOC,Canada,policy_statement,Bank of Canada,2023-12-06,2023,4,2023-Q4,12,242,20.166666666666668,0.19148936170212766,3.8617021276595747,-0.024793388429752067,0.008264462809917356,0.0,0.0,0.0,0.0,0.0,0.008264462809917356
boc/policy_statement/boc_2024-01-24_policy_statement_bank_of_canada_88f0c8bf.txt,BOC,Canada,policy_statement,Bank of Canada,2024-01-24,2024,1,2024-Q1,10,184,18.4,0.17964071856287425,3.305389221556886,-0.021739130434782608,0.010869565217391304,0.0,0.0,0.0,0.0,0.0,0.021739130434782608
boc/policy_statement/boc_2024-03-06_policy_statement_bank_of_canada_e3719472.txt,BOC,Canada,policy_statement,Bank of Canada,2024-03-06,2024,1,2024-Q1,7,138,19.714285714285715,0.2,3.942857142857143,-0.043478260869565216,0.0,0.0,0.007246376811594203,0.0,0.0,0.0,0.007246376811594203
boc/policy_statement/boc_2024-04-10_policy_statement_bank_of_canada_7407e08e.txt,BOC,Canada,policy_statement,Bank of Canada,2024-04-10,2024,2,2024-Q2,32,562,17.5625,0.22348484848484848,3.9249526515151514,-0.021352313167259787,0.0071174377224199285,0.0,0.0017793594306049821,0.0,0.0,0.0,0.02491103202846975
boc/policy_statement/boc_2024-06-05_policy_statement_bank_of_canada_c76692b6.txt,BOC,Canada,policy_statement,Bank of Canada,2024-06-05,2024,2,2024-Q2,11,174,15.818181818181818,0.2781065088757396,4.399139322216245,-0.005747126436781609,0.005747126436781609,0.0,0.0,0.0,-0.005747126436781609,0.0,0.011494252873563218
boc/policy_statement/boc_2024-07-24_policy_statement_bank_of_canada_7e6a09cd.txt,BOC,Canada,policy_statement,Bank of Canada,2024-07-24,2024,3,2024-Q3,1,30,30.0,0.21428571428571427,6.428571428571428,-0.03333333333333333,0.0,0.0,0.0,0.0,0.0,0.0,0.0
boc/policy_statement/boc_2024-09-04_policy_statement_bank_of_canada_825763bb.txt,BOC,Canada,policy_statement,Bank of Canada,2024-09-04,2024,3,2024-Q3,1,22,22.0,0.23809523809523808,5.238095238095238,-0.045454545454545456,0.0,0.0,0.0,0.0,0.0,0.0,-0.045454545454545456
boc/policy_statement/boc_2024-10-23_policy_statement_bank_of_canada_45a45330.txt,BOC,Canada,policy_statement,Bank of Canada,2024-10-23,2024,4,2024-Q4,5,105,21.0,0.24742268041237114,5.195876288659794,-0.047619047619047616,0.01904761904761905,0.0,0.0,0.0,0.0,0.0,0.01904761904761905
boc/policy_statement/boc_2024-12-11_policy_statement_bank_of_canada_2d7049aa.txt,BOC,Canada,policy_statement,Bank of Canada,2024-12-11,2024,4,2024-Q4,1,47,47.0,0.11363636363636363,5.340909090909091,-0.0425531914893617,0.0,0.0,0.0,0.0,0.0,0.0,0.0425531914893617
boc/policy_statement/boc_2025-01-29_policy_statement_bank_of_canada_6bd77daa.txt,BOC,Canada,policy_statement,Bank of Canada,2025-01-29,2025,1,2025-Q1,60,1179,19.65,0.21297107800175286,4.184881682734443,-0.007633587786259542,0.0008481764206955047,0.0,0.0008481764206955047,-0.0033927056827820186,0.0,0.0,0.007633587786259542
boc/policy_statement/boc_2025-04-16_policy_statement_bank_of_canada_3a9bb22c.txt,BOC,Canada,policy_statement,Bank of Canada,2025-04-16,2025,2,2025-Q2,39,665,17.05128205128205,0.23466257668711657,4.001297781972629,-0.02406015037593985,0.0030075187969924814,0.0,0.0015037593984962407,-0.015037593984962405,0.0,0.0,-0.006015037593984963
boc/policy_statement/boc_2025-06-04_policy_statement_bank_of_canada_9071f88c.txt,BOC,Canada,policy_statement,Bank of Canada,2025-06-04,2025,2,2025-Q2,10,225,22.5,0.2420091324200913,5.445205479452055,-0.02666666666666667,0.013333333333333334,0.0,0.0,-0.0044444444444444444,0.0,0.0,0.008888888888888889
boc/policy_statement/boc_2025-07-30_policy_statement_bank_of_canada_2dec29df.txt,BOC,Canada,policy_statement,Bank of Canada,2025-07-30,2025,3,2025-Q3,4,117,29.25,0.27350427350427353,8.0,-0.02564102564102564,-0.008547008547008548,0.0,0.0,-0.008547008547008548,0.0,0.0,-0.008547008547008548
boc/policy_statement/boc_2025-09-17_policy_statement_bank_of_canada_d1c0f866.txt,BOC,Canada,policy_statement,Bank of Canada,2025-09-17,2025,3,2025-Q3,3,59,19.666666666666668,0.23728813559322035,4.666666666666667,-0.01694915254237288,0.0,0.0,0.0,0.0,0.0,0.0,0.01694915254237288
boc/policy_statement/boc_2025-10-29_policy_statement_bank_of_canada_a33318dd.txt,BOC,Canada,policy_statement,Bank of Canada,2025-10-29,2025,4,2025-Q4,39,670,17.17948717948718,0.21806853582554517,3.7463056154644936,-0.016417910447761194,0.0029850746268656717,0.0014925373134328358,0.0014925373134328358,-0.004477611940298508,0.0,0.0,0.0
boc/policy_statement/boc_2025-12-10_policy_statement_bank_of_canada_2cab0daa.txt,BOC,Canada,policy_statement,Bank of Canada,2025-12-10,2025,4,2025-Q4,18,334,18.555555555555557,0.18181818181818182,3.373737373737374,-0.020958083832335328,0.0,0.0,0.0,-0.011976047904191617,0.0,0.0,-0.008982035928143712
boc/policy_statement/boc_2026-01-28_policy_statement_bank_of_canada_d00d2930.txt,BOC,Canada,policy_statement,Bank of Canada,2026-01-28,2026,1,2026-Q1,33,544,16.484848484848484,0.21346153846153845,3.5188811188811187,-0.012867647058823529,0.007352941176470588,0.001838235294117647,0.0,-0.0055147058823529415,0.001838235294117647,0.0,0.01838235294117647
boc/policy_statement/boc_2026-03-18_policy_statement_bank_of_canada_010e983f.txt,BOC,Canada,policy_statement,Bank of Canada,2026-03-18,2026,1,2026-Q1,35,634,18.114285714285714,0.20717781402936378,3.752878116989047,-0.012618296529968454,0.0031545741324921135,0.0015772870662460567,0.0,-0.00946372239747634,0.0015772870662460567,0.0,-0.0015772870662460567
boc/speech/boc_2020-01-09_speech_stephen_s_poloz_5cec3899.txt,BOC,Canada,speech,Stephen S Poloz,2020-01-09,2020,1,2020-Q1,81,1564,19.308641975308642,0.1628812459441921,3.145015662428598,-0.0006393861892583121,0.0,0.0,0.0019181585677749361,-0.0038363171355498722,0.0,0.0,0.005754475703324808
boc/speech/boc_2020-01-22_speech_stephen_s_poloz_907509d0.txt,BOC,Canada,speech,Stephen S Poloz,2020-01-22,2020,1,2020-Q1,47,992,21.106382978723403,0.22824974411463664,4.817526514079139,-0.004032258064516129,0.0,0.0,0.0,-0.005040322580645161,0.0,0.0,0.0010080645161290322
boc/speech/boc_2020-01-30_speech_paul_beaudry_bd67a8f5.txt,BOC,Canada,speech,Paul Beaudry,2020-01-30,2020,1,2020-Q1,387,7149,18.472868217054263,0.2179356529334692,4.025896596437652,-0.004476150510560917,0.0,0.0,-0.00013987970345502866,-0.001258917331095258,0.000839278220730172,0.0,-0.005455308434746118
boc/speech/boc_2020-02-25_speech_timothy_lane_ffcbcd0d.txt,BOC,Canada,speech,Timothy Lane,2020-02-25,2020,1,2020-Q1,172,3260,18.953488372093023,0.19779527559055118,3.7489104559604467,0.0,0.0,0.0,0.0,-0.00030674846625766873,0.0,0.0,0.003067484662576687
boc/speech/boc_2020-03-05_speech_stephen_s_poloz_b24ed647.txt,BOC,Canada,speech,Stephen S Poloz,2020-03-05,2020,1,2020-Q1,163,3020,18.52760736196319,0.17979046975329505,3.3310872310119697,-0.002980132450331126,0.002980132450331126,0.0006622516556291391,0.00033112582781456954,-0.00033112582781456954,0.0,0.0,0.006291390728476821
boc/speech/boc_2020-04-15_speech_stephen_s_poloz_c3a540d6.txt,BOC,Canada,speech,Stephen S Poloz,2020-04-15,2020,2,2020-Q2,57,1277,22.403508771929825,0.2003218020917136,4.487911250370496,-0.011746280344557557,0.0007830853563038371,0.0,0.0,0.0007830853563038371,0.0,0.0,0.0007830853563038371
boc/speech/boc_2020-04-30_speech_stephen_s_poloz_45101fb3.txt,BOC,Canada,speech,Stephen S Poloz,2020-04-30,2020,2,2020-Q2,138,2573,18.644927536231883,0.18971701873256278,3.53726006665858,-0.005052467936261173,-0.001165954139137194,0.0,0.0,0.0,0.0,0.0,-0.005441119315973571
boc/speech/boc_2020-05-20_speech_timothy_lane_b1c4ee61.txt,BOC,Canada,speech,Timothy Lane,2020-05-20,2020,2,2020-Q2,175,3401,19.434285714285714,0.19826034793041392,3.8530482474933585,-0.0052925610114672155,-0.00029403116730373417,0.0,-0.0005880623346074683,-0.0005880623346074683,0.00029403116730373417,0.0,-0.004704498676859747
boc/speech/boc_2020-05-25_speech_stephen_s_poloz_667db2ca.txt,BOC,Canada,speech,Stephen S Poloz,2020-05-25,2020,2,2020-Q2,542,9413,17.367158671586715,0.21626699082771578,3.755943145131529,-0.0058429831084670135,0.0003187081695527462,0.0,0.00021247211303516414,-0.007330287899713163,0.0,0.0,-0.01083607776479337
boc/speech/boc_2020-06-04_speech_toni_gravelle_5dc80f18.txt,BOC,Canada,speech,Toni Gravelle,2020-06-04,2020,2,2020-Q2,182,3376,18.54945054945055,0.17207890743550835,3.1919691840784408,-0.004146919431279621,0.0002962085308056872,0.0,-0.0002962085308056872,-0.0017772511848341231,0.0,0.0,0.001481042654028436
boc/speech/boc_2020-06-16_speech_tiff_macklem_679d9166.txt,BOC,Canada,speech,Tiff Macklem,2020-06-16,2020,2,2020-Q2,119,2283,19.18487394957983,0.19911308203991132,3.8199593806480463,-0.0056942619360490585,0.0008760402978537013,0.0,0.0004380201489268506,0.0,0.0,0.0,0.006132282084975909
boc/speech/boc_2020-06-18_speech_lawrence_schembri_4194658a.txt,BOC,Canada,speech,Lawrence Schembri,2020-06-18,2020,2,2020-Q2,274,6346,23.16058394160584,0.22760210803689065,5.271397728474847,-0.0026788528206744405,0.0,0.0,-0.000787897888433659,-0.0026788528206744405,0.0001575795776867318,0.0,0.0004727387330601954
boc/speech/boc_2020-06-22_speech_tiff_macklem_cc28d954.txt,BOC,Canada,speech,Tiff Macklem,2020-06-22,2020,2,2020-Q2,131,2237,17.076335877862597,0.1970040853381752,3.364107930545786,-0.011175681716584712,0.0004470272686633885,0.0,0.0004470272686633885,-0.0004470272686633885,0.0,0.0,0.0031291908806437194
boc/speech/boc_2020-07-15_speech_tiff_macklem_24c978e8.txt,BOC,Canada,speech,Tiff Macklem,2020-07-15,2020,3,2020-Q3,62,1208,19.483870967741936,0.2037351443123939,3.969549263376965,-0.006622516556291391,-0.0008278145695364238,0.0,0.0008278145695364238,-0.0024834437086092716,0.0008278145695364238,0.0,0.0016556291390728477
boc/speech/boc_2020-08-25_speech_lawrence_schembri_850d512d.txt,BOC,Canada,speech,Lawrence Schembri,2020-08-25,2020,3,2020-Q3,233,4817,20.673819742489272,0.24538945541332177,5.073137367922622,-0.030516919244342952,0.0,0.0,0.0,-0.0006227942702927133,-0.00020759809009757111,0.0,0.0035291675316587085
boc/speech/boc_2020-08-26_speech_carolyn_wilkins_0a6bc037.txt,BOC,Canada,speech,Carolyn Wilkins,2020-08-26,2020,3,2020-Q3,81,1688,20.839506172839506,0.1820931639443436,3.7947316140500247,-0.008886255924170616,0.0005924170616113745,0.0,0.0,0.0,0.0,0.0,0.004739336492890996
boc/speech/boc_2020-08-27_speech_tiff_macklem_159ec8e3.txt,BOC,Canada,speech,Tiff Macklem,2020-08-27,2020,3,2020-Q3,96,1690,17.604166666666668,0.20303030303030303,3.5741792929292933,-0.0029585798816568047,0.0,0.0,0.0,0.0017751479289940828,0.0,0.0,0.0
boc/speech/boc_2020-09-10_speech_tiff_macklem_e71ed68b.txt,BOC,Canada,speech,Tiff Macklem,2020-09-10,2020,3,2020-Q3,187,3590,19.197860962566846,0.19542924113682977,3.751823399364807,-0.0019498607242339832,-0.0011142061281337048,0.0,-0.003064066852367688,-0.0002785515320334262,0.0002785515320334262,0.0002785515320334262,0.007520891364902507
boc/speech/boc_2020-10-08_speech_tiff_macklem_956abfb9.txt,BOC,Canada,speech,Tiff Macklem,2020-10-08,2020,4,2020-Q4,170,2894,17.023529411764706,0.2007079646017699,3.4167579385736593,0.0,-0.0003455425017277125,0.0,0.0,-0.00138217000691085,0.0,0.0,-0.008638562543192813
boc/speech/boc_2020-10-28_speech_tiff_macklem_d8689f00.txt,BOC,Canada,speech,Tiff Macklem,2020-10-28,2020,4,2020-Q4,64,1258,19.65625,0.20966420966420968,4.121212121212121,-0.005564387917329093,0.0,0.0,-0.001589825119236884,-0.0023847376788553257,0.0,0.0,0.001589825119236884
boc/speech/boc_2020-11-12_speech_carolyn_wilkins_071156de.txt,BOC,Canada,speech,Carolyn Wilkins,2020-11-12,2020,4,2020-Q4,286,4276,14.951048951048952,0.1795688388045076,2.6847424990492117,-0.0009354536950420954,0.0007015902712815715,0.00023386342376052386,0.0,-0.00023386342376052386,0.0,0.0,0.011225444340505144
boc/speech/boc_2020-11-17_speech_tiff_macklem_efaaa17a.txt,BOC,Canada,speech,Tiff Macklem,2020-11-17,2020,4,2020-Q4,74,1443,19.5,0.21175637393767704,4.129249291784703,-0.000693000693000693,0.000693000693000693,0.0,0.0,-0.000693000693000693,0.0,0.0,0.010395010395010396
boc/speech/boc_2020-11-23_speech_toni_gravelle_b104950f.txt,BOC,Canada,speech,Toni Gravelle,2020-11-23,2020,4,2020-Q4,171,3887,22.730994152046783,0.20251135452845312,4.603284415509341,0.0,-0.0002572678157962439,0.0,0.0,-0.0007718034473887317,0.0,-0.0002572678157962439,-0.002829945973758683
boc/speech/boc_2020-11-26_speech_tiff_macklem_682f1d16.txt,BOC,Canada,speech,Tiff Macklem,2020-11-26,2020,4,2020-Q4,103,1884,18.29126213592233,0.18923327895595432,3.4613155102234754,-0.006369426751592357,0.0,0.0,-0.0005307855626326964,-0.0010615711252653928,0.0,0.0,0.0005307855626326964
boc/speech/boc_2020-12-10_speech_paul_beaudry_5bf998d9.txt,BOC,Canada,speech,Paul Beaudry,2020-12-10,2020,4,2020-Q4,154,3007,19.525974025974026,0.17019099590723055,3.3231449655392358,-0.006651147322913203,0.0006651147322913202,0.0,0.0,-0.0003325573661456601,0.0003325573661456601,0.0003325573661456601,0.0009976720984369804
boc/speech/boc_2020-12-15_speech_tiff_macklem_34a74a1e.txt,BOC,Canada,speech,Tiff Macklem,2020-12-15,2020,4,2020-Q4,222,3614,16.27927927927928,0.20252438324727481,3.2969509957461764,0.0,0.0002767017155506364,0.0002767017155506364,0.0,-0.001936912008854455,0.0,0.0,0.004980630879911455
boc/speech/boc_2021-01-20_speech_tiff_macklem_63b2ab71.txt,BOC,Canada,speech,Tiff Macklem,2021-01-20,2021,1,2021-Q1,59,1149,19.47457627118644,0.21005385996409337,4.090709916927852,-0.006962576153176675,0.0008703220191470844,0.0,0.0,-0.0026109660574412533,0.0,0.0,0.006962576153176675
boc/speech/boc_2021-02-10_speech_timothy_lane_c563f8f0.txt,BOC,Canada,speech,Timothy Lane,2021-02-10,2021,1,2021-Q1,187,3489,18.657754010695186,0.18716577540106952,3.492092996654179,0.0,0.0,0.0,0.0,0.0,0.0,0.0,0.004299226139294927
boc/speech/boc_2021-02-23_speech_tiff_macklem_5c6f7850.txt,BOC,Canada,speech,Tiff Macklem,2021-02-23,2021,1,2021-Q1,238,3795,15.945378151260504,0.18892240197422538,3.0124391407234676,-0.0031620553359683794,0.0,0.001844532279314888,-0.00026350461133069827,0.00026350461133069827,0.0,0.0,0.002898550724637681
boc/speech/boc_2021-03-11_speech_lawrence_schembri_ffb926a0.txt,BOC,Canada,speech,Lawrence Schembri,2021-03-11,2021,1,2021-Q1,202,3741,18.519801980198018,0.20192036147980796,3.739525110376047,-0.0024057738572574178,0.0002673082063619353,0.0,-0.0008019246190858059,-0.0016038492381716118,0.0,0.0,0.004276931301790965
boc/speech/boc_2021-03-23_speech_toni_gravelle_12d7d3d6.txt,BOC,Canada,speech,Toni Gravelle,2021-03-23,2021,1,2021-Q1,201,4342,21.601990049751244,0.18702107279693486,4.04002735365319,-0.0013818516812528789,0.00023030861354214648,0.0,0.0,-0.0009212344541685859,0.0,0.00023030861354214648,0.0006909258406264394
boc/speech/boc_2021-04-21_speech_tiff_macklem_11031382.txt,BOC,Canada,speech,Tiff Macklem,2021-04-21,2021,2,2021-Q2,68,1364,20.058823529411764,0.20238984316654218,4.059702148222994,-0.005865102639296188,-0.0007331378299120235,0.0,-0.0007331378299120235,-0.001466275659824047,0.0,0.0,0.007331378299120235
boc/speech/boc_2021-05-13_speech_tiff_macklem_8b1542f5.txt,BOC,Canada,speech,Tiff Macklem,2021-05-13,2021,2,2021-Q2,249,3323,13.345381526104418,0.20050361976707587,2.675797303156599,-0.004213060487511285,0.0003009328919650918,0.0,-0.0003009328919650918,0.0003009328919650918,0.0,0.0,0.0036111947035811012
boc/speech/boc_2021-07-14_speech_tiff_macklem_dd29c010.txt,BOC,Canada,speech,Tiff Macklem,2021-07-14,2021,3,2021-Q3,68,1435,21.102941176470587,0.19686162624821682,4.1543593186204575,-0.009059233449477353,0.0,0.0,0.0,-0.003484320557491289,0.0,0.0,0.009059233449477353
boc/speech/boc_2021-09-09_speech_tiff_macklem_236247bd.txt,BOC,Canada,speech,Tiff Macklem,2021-09-09,2021,3,2021-Q3,141,2631,18.659574468085108,0.20511826289259402,3.8274195012086163,-0.0049410870391486126,0.0003800836183960471,0.0,0.0,-0.0011402508551881414,0.0,0.0003800836183960471,0.004561003420752566
boc/speech/boc_2021-10-07_speech_tiff_macklem_751c9a9c.txt,BOC,Canada,speech,Tiff Macklem,2021-10-07,2021,4,2021-Q4,146,2863,19.60958904109589,0.23227917121046893,4.554899090243648,-0.0013971358714634998,0.0,0.0,-0.00034928396786587494,-0.0024449877750611247,0.0,-0.00034928396786587494,-0.0013971358714634998
boc/speech/boc_2021-10-27_speech_tiff_macklem_c6f75ef4.txt,BOC,Canada,speech,Tiff Macklem,2021-10-27,2021,4,2021-Q4,74,1458,19.7027027027027,0.17321178120617112,3.4127402297107765,-0.00823045267489712,0.0006858710562414266,0.0,0.00205761316872428,-0.0006858710562414266,-0.0006858710562414266,0.0,0.004801097393689987
boc/speech/boc_2021-11-29_speech_tiff_macklem_471e993e.txt,BOC,Canada,speech,Tiff Macklem,2021-11-29,2021,4,2021-Q4,58,1132,19.517241379310345,0.1967799642218247,3.8406020603294064,0.0,0.0,0.0,0.0,0.0,0.0,0.0,0.00441696113074205
boc/speech/boc_2021-12-09_speech_toni_gravelle_fab67631.txt,BOC,Canada,speech,Toni Gravelle,2021-12-09,2021,4,2021-Q4,136,2740,20.147058823529413,0.20822429906542056,4.195107201759209,-0.012408759124087591,0.0,0.000364963503649635,0.0,-0.0010948905109489052,0.0,0.0,-0.007664233576642336
boc/speech/boc_2021-12-15_speech_tiff_macklem_229e3fd4.txt,BOC,Canada,speech,Tiff Macklem,2021-12-15,2021,4,2021-Q4,245,4178,17.053061224489795,0.22819623389494548,3.891444347808499,-0.020344662517951174,0.00023934897079942556,0.0,-0.00023934897079942556,0.0,0.0,0.0,0.0023934897079942556
boc/speech/boc_2022-02-02_speech_tiff_macklem_3e450804.txt,BOC,Canada,speech,Tiff Macklem,2022-02-02,2022,1,2022-Q1,60,1156,19.266666666666666,0.2049469964664311,3.948645465253239,-0.01730103806228374,0.0,0.0,0.0,-0.0017301038062283738,0.0,0.0,0.006055363321799308
boc/speech/boc_2022-02-09_speech_tiff_macklem_a06cd022.txt,BOC,Canada,speech,Tiff Macklem,2022-02-09,2022,1,2022-Q1,179,2886,16.122905027932962,0.2048851622311338,3.3033440122852076,-0.005544005544005544,0.000693000693000693,0.0003465003465003465,0.0,-0.000693000693000693,0.0,0.0,0.02668052668052668
boc/speech/boc_2022-02-16_speech_timothy_lane_bd91ede4.txt,BOC,Canada,speech,Timothy Lane,2022-02-16,2022,1,2022-Q1,191,3595,18.82198952879581,0.21235632183908046,3.9969684660287657,-0.00611961057023644,-0.0002781641168289291,0.0,-0.0005563282336578582,-0.004450625869262865,0.0,0.0,-0.005285118219749653
boc/speech/boc_2022-03-03_speech_tiff_macklem_503723b7.txt,BOC,Canada,speech,Tiff Macklem,2022-03-03,2022,1,2022-Q1,157,3169,20.18471337579618,0.20143182557761147,4.065843664047457,-0.0192489744398864,0.0003155569580309246,0.0,-0.0003155569580309246,-0.0012622278321236984,0.0,0.0003155569580309246,0.0009466708740927738
boc/speech/boc_2022-03-03_speech_tiff_macklem_ed216554.txt,BOC,Canada,speech,Tiff Macklem,2022-03-03,2022,1,2022-Q1,79,1380,17.468354430379748,0.1709653647752395,2.9864835872130446,-0.011594202898550725,0.0,0.0,-0.0007246376811594203,-0.002898550724637681,0.0,0.0,0.0007246376811594203
boc/speech/boc_2022-04-13_speech_tiff_macklem_b877f6b8.txt,BOC,Canada,speech,Tiff Macklem,2022-04-13,2022,2,2022-Q2,85,1480,17.41176470588235,0.18446601941747573,3.2118789263278122,-0.01891891891891892,0.0006756756756756757,0.0,0.0013513513513513514,-0.002702702702702703,-0.002027027027027027,0.0,0.008783783783783784
boc/speech/boc_2022-04-25_speech_tiff_macklem_eaee2cd4.txt,BOC,Canada,speech,Tiff Macklem,2022-04-25,2022,2,2022-Q2,82,1349,16.451219512195124,0.17011494252873563,2.798598261844688,-0.01704966641957005,-0.0014825796886582653,0.0,0.0007412898443291327,-0.0014825796886582653,-0.0029651593773165306,0.0,0.0014825796886582653
boc/speech/boc_2022-04-27_speech_carolyn_rogers_tiff_macklem_2edc2aa3.txt,BOC,Canada,speech,Carolyn Rogers; Tiff Macklem,2022-04-27,2022,2,2022-Q2,70,1211,17.3,0.2064026958719461,3.5707666385846677,-0.004128819157720892,0.0,0.0,-0.0008257638315441783,-0.0016515276630883566,0.0,0.0,-0.00495458298926507
boc/speech/boc_2022-04-27_speech_tiff_macklem_aa57b40b.txt,BOC,Canada,speech,Tiff Macklem,2022-04-27,2022,2,2022-Q2,82,1351,16.475609756097562,0.1713848508033665,2.82366991994327,-0.017024426350851222,-0.0014803849000740192,0.0,0.0007401924500370096,-0.0014803849000740192,-0.0029607698001480384,0.0,0.0014803849000740192
boc/speech/boc_2022-05-03_speech_carolyn_rogers_0e5799d8.txt,BOC,Canada,speech,Carolyn Rogers,2022-05-03,2022,2,2022-Q2,168,3180,18.928571428571427,0.18506598004505953,3.5030346222814837,-0.006603773584905661,0.0,0.0,0.0006289308176100629,-0.0009433962264150943,0.0,0.0,0.0018867924528301887
boc/speech/boc_2022-05-05_speech_lawrence_l_schembri_133df0dc.txt,BOC,Canada,speech,Lawrence L Schembri,2022-05-05,2022,2,2022-Q2,187,3599,19.245989304812834,0.2586054721977052,4.977118152083107,0.0,0.0,0.0,0.0,0.0,0.0002778549597110308,0.0,0.0066685190330647405
boc/speech/boc_2022-05-12_speech_toni_gravelle_7169d27c.txt,BOC,Canada,speech,Toni Gravelle,2022-05-12,2022,2,2022-Q2,186,3257,17.510752688172044,0.16768390619980725,2.9362714112514636,-0.015351550506601168,0.0012281240405280934,0.0,0.0,0.0,-0.00092109303039607,0.0,0.0052195271722443965
boc/speech/boc_2022-06-02_speech_paul_beaudry_c77d1c12.txt,BOC,Canada,speech,Paul Beaudry,2022-06-02,2022,2,2022-Q2,156,2894,18.55128205128205,0.18888096935138987,3.503984136557194,-0.025915687629578438,0.0003455425017277125,0.0,0.0010366275051831375,-0.000691085003455425,-0.0003455425017277125,0.0,0.0017277125086385626
boc/speech/boc_2022-07-13_speech_carolyn_rogers_tiff_macklem_f496cf03.txt,BOC,Canada,speech,Carolyn Rogers; Tiff Macklem,2022-07-13,2022,3,2022-Q3,75,1293,17.24,0.17501988862370724,3.0173428798727127,-0.027842227378190254,0.0015467904098994587,0.0,0.0015467904098994587,-0.0015467904098994587,0.0,0.0,0.002320185614849188
boc/speech/boc_2022-09-08_speech_carolyn_rogers_5789509a.txt,BOC,Canada,speech,Carolyn Rogers,2022-09-08,2022,3,2022-Q3,123,2304,18.73170731707317,0.17706949977866313,3.3168140446344703,-0.017795138888888888,0.00043402777777777775,0.0,0.0,-0.00043402777777777775,-0.0013020833333333333,0.0,0.0008680555555555555
boc/speech/boc_2022-09-20_speech_paul_beaudry_5770a06b.txt,BOC,Canada,speech,Paul Beaudry,2022-09-20,2022,3,2022-Q3,225,3986,17.715555555555557,0.20948410630536737,3.711127323258642,-0.010286001003512292,-0.0017561465127947818,0.0,0.0,-0.0005017561465127947,0.0,0.0,-0.0027596588058203713
boc/speech/boc_2022-10-06_speech_tiff_macklem_67fb4977.txt,BOC,Canada,speech,Tiff Macklem,2022-10-06,2022,4,2022-Q4,182,3345,18.37912087912088,0.20781637717121587,3.8194823166907534,-0.030194319880418534,-0.00029895366218236175,0.0,0.00029895366218236175,-0.0026905829596412557,-0.0005979073243647235,0.0,-0.00029895366218236175
boc/speech/boc_2022-10-26_speech_tiff_macklem_c29fe378.txt,BOC,Canada,speech,Tiff Macklem,2022-10-26,2022,4,2022-Q4,79,1376,17.417721518987342,0.1819537658463833,3.1692200228433345,-0.0188953488372093,0.0,0.0,0.0,-0.0014534883720930232,-0.002180232558139535,0.0,0.0029069767441860465
boc/speech/boc_2022-11-01_speech_tiff_macklem_778c2cfb.txt,BOC,Canada,speech,Tiff Macklem,2022-11-01,2022,4,2022-Q4,46,773,16.804347826086957,0.1584553928095872,2.6627395356915415,-0.016817593790426907,0.00129366106080207,0.0,0.0,0.00258732212160414,-0.00258732212160414,0.0,0.0038809831824062097
boc/speech/boc_2022-11-10_speech_tiff_macklem_5bb489d8.txt,BOC,Canada,speech,Tiff Macklem,2022-11-10,2022,4,2022-Q4,258,4511,17.484496124031008,0.18280064382616693,3.1961771484489883,-0.005542008423852805,-0.0017734426956328973,0.0,0.0,-0.00022168033695411216,0.00022168033695411216,0.0,0.003990246065174019
boc/speech/boc_2022-11-14_speech_tiff_macklem_20a131c0.txt,BOC,Canada,speech,Tiff Macklem,2022-11-14,2022,4,2022-Q4,120,2128,17.733333333333334,0.1697931697931698,3.0109988776655445,-0.004699248120300752,-0.0009398496240601503,0.0,-0.00046992481203007516,0.00046992481203007516,0.0,-0.00046992481203007516,0.0014097744360902255
boc/speech/boc_2022-11-22_speech_carolyn_rogers_99e16dd6.txt,BOC,Canada,speech,Carolyn Rogers,2022-11-22,2022,4,2022-Q4,118,2376,20.135593220338983,0.18478260869565216,3.720707442888725,-0.005892255892255892,0.0008417508417508417,0.0,-0.00042087542087542086,-0.0025252525252525255,-0.00042087542087542086,0.0,-0.0021043771043771043
boc/speech/boc_2022-11-23_speech_tiff_macklem_b85df485.txt,BOC,Canada,speech,Tiff Macklem,2022-11-23,2022,4,2022-Q4,51,860,16.862745098039216,0.16028708133971292,2.7028801951402572,-0.015116279069767442,0.0011627906976744186,0.0,0.0,0.002325581395348837,-0.002325581395348837,0.0,0.0011627906976744186
boc/speech/boc_2022-12-08_speech_sharon_kozicki_2ead53cb.txt,BOC,Canada,speech,Sharon Kozicki,2022-12-08,2022,4,2022-Q4,159,2809,17.666666666666668,0.20510948905109488,3.6236009732360097,-0.02029191883232467,0.000711997152011392,0.0,-0.000355998576005696,0.00177999288002848,-0.000355998576005696,0.0,0.004271982912068352
boc/speech/boc_2022-12-12_speech_tiff_macklem_85849866.txt,BOC,Canada,speech,Tiff Macklem,2022-12-12,2022,4,2022-Q4,147,2546,17.31972789115646,0.1752701080432173,3.035630578762117,-0.01610369206598586,-0.00039277297721916735,0.0007855459544383347,0.0,-0.00039277297721916735,-0.00039277297721916735,0.0,-0.00039277297721916735
boc/speech/boc_2023-01-25_speech_tiff_macklem_066c6d83.txt,BOC,Canada,speech,Tiff Macklem,2023-01-25,2023,1,2023-Q1,70,1260,18.0,0.18934426229508197,3.4081967213114757,-0.026984126984126985,0.0031746031746031746,0.0,0.0,-0.0007936507936507937,-0.005555555555555556,0.0,0.003968253968253968
boc/speech/boc_2023-02-07_speech_tiff_macklem_562dbfac.txt,BOC,Canada,speech,Tiff Macklem,2023-02-07,2023,1,2023-Q1,210,3739,17.804761904761904,0.18598156939402402,3.3113575617345514,-0.02407060711420166,0.0005349023803155924,0.0,0.0024070607114201658,-0.0008023535704733886,-0.0018721583311045735,0.0,0.004011767852366943
boc/speech/boc_2023-02-16_speech_paul_beaudry_f37c8d04.txt,BOC,Canada,speech,Paul Beaudry,2023-02-16,2023,1,2023-Q1,231,4064,17.593073593073594,0.1957249549317538,3.443403536115357,-0.027066929133858268,-0.00024606299212598425,0.0,-0.00024606299212598425,-0.0027066929133858267,0.00024606299212598425,0.0,-0.00024606299212598425
boc/speech/boc_2023-02-16_speech_tiff_macklem_9ef83171.txt,BOC,Canada,speech,Tiff Macklem,2023-02-16,2023,1,2023-Q1,51,940,18.431372549019606,0.1721132897603486,3.1722841642103465,-0.02872340425531915,0.0031914893617021275,0.0,0.0010638297872340426,0.0010638297872340426,-0.00425531914893617,0.0,0.00851063829787234
boc/speech/boc_2023-03-09_speech_carolyn_rogers_7ef5dce5.txt,BOC,Canada,speech,Carolyn Rogers,2023-03-09,2023,1,2023-Q1,171,3155,18.450292397660817,0.16285153695225638,3.0046584741775955,-0.014896988906497623,0.0012678288431061807,0.0,0.0009508716323296355,0.0003169572107765452,-0.001901743264659271,0.0,0.007606973058637084
boc/speech/boc_2023-03-29_speech_toni_gravelle_adea3d32.txt,BOC,Canada,speech,Toni Gravelle,2023-03-29,2023,1,2023-Q1,182,3583,19.686813186813186,0.17283236994219653,3.4025185796862094,-0.0016745743790120011,0.0005581914596706671,0.0,0.0,-0.0005581914596706671,0.0,-0.0008372871895060006,-0.00027909572983533354
boc/speech/boc_2023-04-12_speech_tiff_macklem_3ed0ec7f.txt,BOC,Canada,speech,Tiff Macklem,2023-04-12,2023,2,2023-Q2,66,1259,19.075757575757574,0.18992568125516102,3.622976253034056,-0.024622716441620333,0.0007942811755361397,0.0,0.0015885623510722795,0.0,-0.003971405877680699,-0.0007942811755361397,0.0023828435266084196
boc/speech/boc_2023-04-18_speech_tiff_macklem_03ccdd93.txt,BOC,Canada,speech,Tiff Macklem,2023-04-18,2023,2,2023-Q2,44,811,18.431818181818183,0.1643312101910828,3.0289229878401853,-0.02342786683107275,0.002466091245376079,0.0,0.002466091245376079,0.0,-0.004932182490752158,-0.0012330456226880395,0.004932182490752158
boc/speech/boc_2023-04-20_speech_tiff_macklem_e08edd86.txt,BOC,Canada,speech,Tiff Macklem,2023-04-20,2023,2,2023-Q2,44,815,18.522727272727273,0.16603295310519645,3.0753831086530705,-0.023312883435582823,0.00245398773006135,0.0,0.00245398773006135,0.0,-0.0049079754601227,-0.001226993865030675,0.0049079754601227
boc/speech/boc_2023-05-04_speech_tiff_macklem_79f57d35.txt,BOC,Canada,speech,Tiff Macklem,2023-05-04,2023,2,2023-Q2,124,2216,17.870967741935484,0.19599627560521415,3.502643118880279,-0.00947653429602888,-0.0009025270758122744,0.0,0.002707581227436823,-0.0009025270758122744,-0.0009025270758122744,0.0,0.00315884476534296
boc/speech/boc_2023-05-18_speech_tiff_macklem_21d72475.txt,BOC,Canada,speech,Tiff Macklem,2023-05-18,2023,2,2023-Q2,73,1298,17.78082191780822,0.22161315583398591,3.940464058527585,0.0015408320493066256,-0.0015408320493066256,0.0,0.0,-0.0015408320493066256,-0.0007704160246533128,-0.0007704160246533128,-0.0030816640986132513
boc/speech/boc_2023-06-08_speech_paul_beaudry_d2b8b79c.txt,BOC,Canada,speech,Paul Beaudry,2023-06-08,2023,2,2023-Q2,265,4341,16.381132075471697,0.1644895984518626,2.6945258372812657,-0.005759041695461875,0.000230361667818475,0.000230361667818475,0.000230361667818475,-0.000691085003455425,-0.001151808339092375,0.0,0.000230361667818475
boc/speech/boc_2023-07-12_speech_tiff_macklem_300c856c.txt,BOC,Canada,speech,Tiff Macklem,2023-07-12,2023,3,2023-Q3,72,1271,17.65277777777778,0.19001610305958133,3.3543120415101093,-0.025177025963808025,0.0023603461841070024,0.0,0.0007867820613690008,-0.0007867820613690008,-0.003147128245476003,0.0,0.007081038552321007
boc/speech/boc_2023-09-07_speech_tiff_macklem_17bb378c.txt,BOC,Canada,speech,Tiff Macklem,2023-09-07,2023,3,2023-Q3,194,3604,18.577319587628867,0.1718840579710145,3.193145076946063,-0.01997780244173141,0.000832408435072142,0.0,0.001664816870144284,-0.0002774694783573807,-0.000832408435072142,0.0,0.001664816870144284
boc/speech/boc_2023-10-03_speech_nicolas_vincent_ccaacacc.txt,BOC,Canada,speech,Nicolas Vincent,2023-10-03,2023,4,2023-Q4,207,3834,18.52173913043478,0.17508055853920515,3.2427964320739733,-0.015127803860198226,0.0,0.0,0.0,-0.000782472613458529,0.0,0.0,0.0026082420448617634
boc/speech/boc_2023-10-25_speech_tiff_macklem_71ad578a.txt,BOC,Canada,speech,Tiff Macklem,2023-10-25,2023,4,2023-Q4,68,1148,16.88235294117647,0.1767857142857143,2.984558823529412,-0.02264808362369338,0.003484320557491289,0.0,0.002613240418118467,-0.0017421602787456446,-0.0008710801393728223,-0.0008710801393728223,0.006097560975609756
boc/speech/boc_2023-10-30_speech_tiff_macklem_eb4e9469.txt,BOC,Canada,speech,Tiff Macklem,2023-10-30,2023,4,2023-Q4,45,855,19.0,0.17896009673518742,3.400241837968561,-0.026900584795321637,0.0011695906432748538,0.0,0.0011695906432748538,0.0,-0.0011695906432748538,0.0,0.0023391812865497076
boc/speech/boc_2023-11-01_speech_tiff_macklem_0a1933dc.txt,BOC,Canada,speech,Tiff Macklem,2023-11-01,2023,4,2023-Q4,38,747,19.657894736842106,0.18232044198895028,3.5840360569933125,-0.02677376171352075,0.0013386880856760374,0.0,0.0013386880856760374,0.0,-0.0013386880856760374,0.0,0.002677376171352075
boc/speech/boc_2023-11-09_speech_carolyn_rogers_4bad2af6.txt,BOC,Canada,speech,Carolyn Rogers,2023-11-09,2023,4,2023-Q4,108,2107,19.50925925925926,0.16429622363903876,3.205297622291247,-0.0028476506881822496,0.0,0.0,0.0,0.0,-0.0009492168960607499,-0.0009492168960607499,-0.0028476506881822496
boc/speech/boc_2023-11-22_speech_tiff_macklem_181e1443.txt,BOC,Canada,speech,Tiff Macklem,2023-11-22,2023,4,2023-Q4,148,2397,16.195945945945947,0.15937635339974016,2.5812508047241702,-0.025031289111389236,-0.0008343763037129745,0.0,0.0,-0.001668752607425949,-0.00041718815185648727,0.0,0.003337505214851898
boc/speech/boc_2023-12-07_speech_toni_gravelle_6c5bfec3.txt,BOC,Canada,speech,Toni Gravelle,2023-12-07,2023,4,2023-Q4,190,3652,19.221052631578946,0.18486916951080773,3.553380037123525,-0.011226725082146768,0.0002738225629791895,0.0,0.001095290251916758,-0.000547645125958379,0.0,0.0,0.0065717415115005475
boc/speech/boc_2023-12-15_speech_tiff_macklem_9581096c.txt,BOC,Canada,speech,Tiff Macklem,2023-12-15,2023,4,2023-Q4,201,3030,15.074626865671641,0.16541353383458646,2.493547301088542,-0.01782178217821782,0.0006600660066006601,0.0,0.00033003300330033004,-0.0016501650165016502,-0.0016501650165016502,0.0,-0.0013201320132013201
boc/speech/boc_2024-01-24_speech_tiff_macklem_84754d3f.txt,BOC,Canada,speech,Tiff Macklem,2024-01-24,2024,1,2024-Q1,57,924,16.210526315789473,0.17758046614872364,2.8786728196740463,-0.02813852813852814,0.0021645021645021645,0.0,0.0010822510822510823,0.0,-0.005411255411255411,0.0,0.0
boc/speech/boc_2024-02-01_speech_tiff_macklem_0ce1ea53.txt,BOC,Canada,speech,Tiff Macklem,2024-02-01,2024,1,2024-Q1,53,854,16.11320754716981,0.1872749099639856,3.0175994926272396,-0.02927400468384075,0.00234192037470726,0.0,0.00117096018735363,0.0,-0.00585480093676815,0.0,-0.00117096018735363
boc/speech/boc_2024-02-06_speech_tiff_macklem_80f82fbf.txt,BOC,Canada,speech,Tiff Macklem,2024-02-06,2024,1,2024-Q1,189,3103,16.417989417989418,0.1790596865621874,2.939800039166495,-0.019336126329358685,-0.0009668063164679343,0.0,0.0,-0.0012890750886239124,0.0,0.0,0.0012890750886239124
boc/speech/boc_2024-03-06_speech_tiff_macklem_aab89433.txt,BOC,Canada,speech,Tiff Macklem,2024-03-06,2024,1,2024-Q1,54,935,17.314814814814813,0.20108695652173914,3.481783413848631,-0.026737967914438502,0.0021390374331550803,0.0,0.0021390374331550803,-0.0010695187165775401,-0.0053475935828877,0.0,0.0010695187165775401
boc/speech/boc_2024-03-21_speech_toni_gravelle_a3a7af2e.txt,BOC,Canada,speech,Toni Gravelle,2024-03-21,2024,1,2024-Q1,195,4236,21.723076923076924,0.17301625818975977,3.7584454855990894,-0.0009442870632672333,0.00023607176581680832,0.0,0.0,-0.000708215297450425,-0.00023607176581680832,0.0,-0.0028328611898017
boc/speech/boc_2024-03-26_speech_carolyn_rogers_bf375466.txt,BOC,Canada,speech,Carolyn Rogers,2024-03-26,2024,1,2024-Q1,180,3050,16.944444444444443,0.1588254921588255,2.691209728246765,-0.0045901639344262295,0.0,0.0006557377049180328,0.0,0.0003278688524590164,0.0,0.0,0.020327868852459016
boc/speech/boc_2024-04-10_speech_tiff_macklem_8620cd16.txt,BOC,Canada,speech,Tiff Macklem,2024-04-10,2024,2,2024-Q2,51,829,16.254901960784313,0.19206939281288724,3.1220691498408533,-0.024125452352231604,0.006031363088057901,0.0,0.0024125452352231603,0.0,-0.0012062726176115801,0.0,0.020506634499396863
boc/speech/boc_2024-05-01_speech_tiff_macklem_97ec025e.txt,BOC,Canada,speech,Tiff Macklem,2024-05-01,2024,2,2024-Q2,44,745,16.931818181818183,0.18232044198895028,3.0870165745856357,-0.025503355704697986,0.005369127516778523,0.0,0.0026845637583892616,0.0,-0.0013422818791946308,0.0,0.020134228187919462
boc/speech/boc_2024-05-02_speech_tiff_macklem_b0ae61f9.txt,BOC,Canada,speech,Tiff Macklem,2024-05-02,2024,2,2024-Q2,42,717,17.071428571428573,0.17959770114942528,3.0659893267651888,-0.026499302649930265,0.005578800557880056,0.0,0.002789400278940028,0.0,-0.001394700139470014,0.0,0.022315202231520222
boc/speech/boc_2024-05-09_speech_tiff_macklem_554269bb.txt,BOC,Canada,speech,Tiff Macklem,2024-05-09,2024,2,2024-Q2,74,1220,16.486486486486488,0.200332502078138,3.302779088315248,-0.002459016393442623,-0.000819672131147541,0.0,0.0,-0.001639344262295082,-0.001639344262295082,0.0,0.005737704918032787
boc/speech/boc_2024-06-05_speech_tiff_macklem_91d2ea3e.txt,BOC,Canada,speech,Tiff Macklem,2024-06-05,2024,2,2024-Q2,31,601,19.387096774193548,0.2144082332761578,4.156753167708737,-0.033277870216306155,0.0033277870216306157,0.0,0.0033277870216306157,0.0,-0.0066555740432612314,0.0,0.018302828618968387
boc/speech/boc_2024-06-12_speech_tiff_macklem_f927eeb7.txt,BOC,Canada,speech,Tiff Macklem,2024-06-12,2024,2,2024-Q2,48,763,15.895833333333334,0.15220293724966621,2.419392523364486,-0.023591087811271297,0.0,0.0,0.0,-0.001310615989515072,-0.001310615989515072,0.0,-0.001310615989515072
boc/speech/boc_2024-06-13_speech_sharon_kozicki_49321fb8.txt,BOC,Canada,speech,Sharon Kozicki,2024-06-13,2024,2,2024-Q2,232,3708,15.982758620689655,0.17075924357888794,2.729203772372916,-0.0056634304207119745,0.0008090614886731392,0.0,0.0,-0.0008090614886731392,0.00026968716289104636,0.0,-0.002157497303128371
boc/speech/boc_2024-06-24_speech_tiff_macklem_3b1efb45.txt,BOC,Canada,speech,Tiff Macklem,2024-06-24,2024,2,2024-Q2,187,3362,17.97860962566845,0.17775723967960566,3.195828020336012,-0.007733491969066032,0.001189767995240928,0.000297441998810232,0.003271861986912552,0.0,-0.000297441998810232,0.0,0.012790005948839975
boc/speech/boc_2024-07-24_speech_tiff_macklem_63faf959.txt,BOC,Canada,speech,Tiff Macklem,2024-07-24,2024,3,2024-Q3,51,855,16.764705882352942,0.21223021582733814,3.5579771476936104,-0.031578947368421054,0.0023391812865497076,0.0,0.0011695906432748538,-0.0011695906432748538,0.0,0.0,-0.007017543859649123
boc/speech/boc_2024-09-04_speech_tiff_macklem_a3061bb6.txt,BOC,Canada,speech,Tiff Macklem,2024-09-04,2024,3,2024-Q3,45,730,16.22222222222222,0.199438202247191,3.2353308364544318,-0.03424657534246575,0.0013698630136986301,0.0,0.0013698630136986301,0.0,0.0,0.0,-0.0027397260273972603
boc/speech/boc_2024-09-10_speech_tiff_macklem_56391dbf.txt,BOC,Canada,speech,Tiff Macklem,2024-09-10,2024,3,2024-Q3,248,3772,15.209677419354838,0.21525283227410888,3.273926142491688,-0.002651113467656416,0.0007953340402969247,0.0007953340402969247,0.0,-0.0007953340402969247,0.0,0.0,0.008483563096500531
boc/speech/boc_2024-09-19_speech_nicolas_vincent_91d80d72.txt,BOC,Canada,speech,Nicolas Vincent,2024-09-19,2024,3,2024-Q3,194,3526,18.175257731958762,0.180615473109002,3.2827327741357784,-0.005388542257515599,0.0002836074872376631,0.0,0.0,0.0,0.0,0.0,0.0008508224617129892
boc/speech/boc_2024-09-20_speech_tiff_macklem_2b143c52.txt,BOC,Canada,speech,Tiff Macklem,2024-09-20,2024,3,2024-Q3,206,3010,14.611650485436893,0.17554105118515975,2.5649444857637422,-0.004651162790697674,-0.000664451827242525,0.03222591362126246,-0.0003322259136212625,-0.002990033222591362,0.0,0.0,0.009966777408637873
boc/speech/boc_2024-09-24_speech_tiff_macklem_d87a25dd.txt,BOC,Canada,speech,Tiff Macklem,2024-09-24,2024,3,2024-Q3,73,1261,17.273972602739725,0.20502431118314424,3.5415843342732174,-0.00951625693893735,0.0031720856463124504,0.0031720856463124504,0.0,-0.011102299762093577,0.0,0.0,-0.0055511498810467885
boc/speech/boc_2024-10-23_speech_tiff_macklem_c44a0937.txt,BOC,Canada,speech,Tiff Macklem,2024-10-23,2024,4,2024-Q4,51,846,16.58823529411765,0.19757575757575757,3.2774331550802143,-0.02955082742316785,0.001182033096926714,0.0,0.0,-0.001182033096926714,0.001182033096926714,0.0,0.001182033096926714
boc/speech/boc_2024-11-06_speech_carolyn_rogers_a175a982.txt,BOC,Canada,speech,Carolyn Rogers,2024-11-06,2024,4,2024-Q4,189,3546,18.761904761904763,0.18731820826061663,3.514446383556331,-0.0011280315848843769,0.0,0.0,0.0,-0.0002820078962210942,-0.0008460236886632825,0.0,-0.0025380710659898475
boc/speech/boc_2024-12-11_speech_tiff_macklem_992085f5.txt,BOC,Canada,speech,Tiff Macklem,2024-12-11,2024,4,2024-Q4,46,838,18.217391304347824,0.17216117216117216,3.1363274406752666,-0.021479713603818614,0.002386634844868735,0.0,0.0,-0.0011933174224343676,-0.0011933174224343676,0.0,0.0059665871121718375
boc/speech/boc_2024-12-16_speech_tiff_macklem_edf9e418.txt,BOC,Canada,speech,Tiff Macklem,2024-12-16,2024,4,2024-Q4,195,2940,15.076923076923077,0.18492672714584787,2.788126040045091,-0.014285714285714285,0.0013605442176870747,0.0010204081632653062,0.0,-0.004421768707482994,-0.0006802721088435374,0.0,-0.0013605442176870747
boc/speech/boc_2025-01-16_speech_toni_gravelle_efdb287f.txt,BOC,Canada,speech,Toni Gravelle,2025-01-16,2025,1,2025-Q1,161,3554,22.074534161490682,0.16051177667926722,3.543222697628048,0.0,0.0002813731007315701,0.0,0.0,0.0,0.0,0.0,0.0008441193021947102
boc/speech/boc_2025-01-29_speech_tiff_macklem_84ee5699.txt,BOC,Canada,speech,Tiff Macklem,2025-01-29,2025,1,2025-Q1,61,1039,17.0327868852459,0.21182266009852216,3.6079302269240086,-0.015399422521655439,0.0028873917228103944,0.0,0.0,-0.004812319538017324,0.0009624639076034649,0.0009624639076034649,-0.005774783445620789
boc/speech/boc_2025-02-06_speech_tiff_macklem_b166c2d1.txt,BOC,Canada,speech,Tiff Macklem,2025-02-06,2025,1,2025-Q1,74,1115,15.067567567567568,0.20677035681610248,3.1155263222966796,-0.007174887892376682,-0.0008968609865470852,0.0008968609865470852,-0.0008968609865470852,-0.003587443946188341,0.0,0.0,-0.0008968609865470852
boc/speech/boc_2025-02-21_speech_tiff_macklem_fa6f49c5.txt,BOC,Canada,speech,Tiff Macklem,2025-02-21,2025,1,2025-Q1,224,3725,16.629464285714285,0.19331272829446475,3.214687111146791,-0.01261744966442953,0.0005369127516778523,0.0,0.0,-0.002147651006711409,0.0,0.0,0.0005369127516778523
boc/speech/boc_2025-03-20_speech_tiff_macklem_d6cf59cb.txt,BOC,Canada,speech,Tiff Macklem,2025-03-20,2025,1,2025-Q1,204,3266,16.00980392156863,0.17036802030456852,2.727558599581965,-0.008573178199632579,0.0009185548071034905,0.0,0.0003061849357011635,-0.014084507042253521,0.0003061849357011635,0.0,-0.015003061849357012
boc/speech/boc_2025-04-16_speech_tiff_macklem_692baa5d.txt,BOC,Canada,speech,Tiff Macklem,2025-04-16,2025,2,2025-Q2,70,1286,18.37142857142857,0.1907051282051282,3.5035256410256403,-0.02021772939346812,0.0023328149300155523,0.0,0.0007776049766718507,-0.007776049766718507,0.0007776049766718507,0.0,-0.008553654743390357
boc/speech/boc_2025-06-04_speech_tiff_macklem_2b15cc1b.txt,BOC,Canada,speech,Tiff Macklem,2025-06-04,2025,2,2025-Q2,59,1006,17.050847457627118,0.21941354903943378,3.741186954807972,-0.016898608349900597,0.0009940357852882703,0.0,-0.0009940357852882703,-0.008946322067594433,0.0,0.0,0.0
boc/speech/boc_2025-06-05_speech_sharon_kozicki_4b522780.txt,BOC,Canada,speech,Sharon Kozicki,2025-06-05,2025,2,2025-Q2,213,3619,16.990610328638496,0.20359281437125748,3.4591661746928675,-0.004144791378833932,0.0,0.0,0.0,-0.00303951367781155,0.0,0.0,-0.0033158331030671458
boc/speech/boc_2025-06-18_speech_tiff_macklem_f19c41da.txt,BOC,Canada,speech,Tiff Macklem,2025-06-18,2025,2,2025-Q2,218,3352,15.376146788990825,0.17712519319938178,2.7235029706620537,-0.014021479713603818,0.0008949880668257757,0.0,-0.0002983293556085919,-0.0032816229116945108,0.0002983293556085919,0.0,-0.0038782816229116944
boc/speech/boc_2025-08-26_speech_tiff_macklem_113de8fe.txt,BOC,Canada,speech,Tiff Macklem,2025-08-26,2025,3,2025-Q3,202,3489,17.27227722772277,0.1986970684039088,3.4319508498081075,-0.021496130696474634,0.0,0.00028661507595299513,-0.00028661507595299513,-0.005159071367153913,0.0,0.0,0.0
boc/speech/boc_2025-09-17_speech_tiff_macklem_be289142.txt,BOC,Canada,speech,Tiff Macklem,2025-09-17,2025,3,2025-Q3,47,868,18.46808510638298,0.19929660023446658,3.6806265745429148,-0.013824884792626729,0.001152073732718894,0.0,0.001152073732718894,-0.009216589861751152,0.0,0.0,-0.002304147465437788
boc/speech/boc_2025-09-23_speech_tiff_macklem_4ab83e2a.txt,BOC,Canada,speech,Tiff Macklem,2025-09-23,2025,3,2025-Q3,230,3758,16.339130434782607,0.18079868708971553,2.954093330796308,-0.00026609898882384245,0.0010643959552953698,0.0,0.0005321979776476849,-0.0013304949441192123,0.0,0.0,0.007184672698243746
boc/speech/boc_2025-10-02_speech_rhys_mendes_b77594aa.txt,BOC,Canada,speech,Rhys Mendes,2025-10-02,2025,4,2025-Q4,237,3943,16.637130801687764,0.18976377952755905,3.1571248214226384,-0.03702764392594471,0.0,0.000253613999492772,0.0,-0.002028911995942176,0.0,0.0,-0.00126806999746386
boc/speech/boc_2025-10-09_speech_carolyn_rogers_32e12453.txt,BOC,Canada,speech,Carolyn Rogers,2025-10-09,2025,4,2025-Q4,193,3361,17.414507772020727,0.18195812807881773,3.168711235610914,-0.0002975304968759298,0.0,0.0005950609937518596,0.0,0.0,0.0,0.0,0.011901219875037191
boc/speech/boc_2025-12-10_speech_tiff_macklem_b2f9ed5e.txt,BOC,Canada,speech,Tiff Macklem,2025-12-10,2025,4,2025-Q4,52,936,18.0,0.20175438596491227,3.631578947368421,-0.01282051282051282,0.003205128205128205,0.0,-0.0010683760683760685,-0.007478632478632479,0.0,0.0,-0.002136752136752137
boc/speech/boc_2025-12-16_speech_tiff_macklem_8d81edfe.txt,BOC,Canada,speech,Tiff Macklem,2025-12-16,2025,4,2025-Q4,194,3315,17.087628865979383,0.17189928504818153,2.9373511852305247,-0.007239819004524887,-0.00030165912518853697,0.00030165912518853697,0.0,-0.0021116138763197585,0.0,0.0,0.0030165912518853697
boe/policy_statement/boe_2020-03-01_policy_statement_bank_of_england_d2423fe6.txt,BOE,UK,policy_statement,Bank of England,2020-03-01,2020,1,2020-Q1,55,1227,22.30909090909091,0.24915824915824916,5.558494031221304,-0.004889975550122249,0.0,0.0,-0.0008149959250203749,-0.0032599837000814994,0.0,0.0,-0.004074979625101874
boe/policy_statement/boe_2020-05-01_policy_statement_bank_of_england_95025260.txt,BOE,UK,policy_statement,Bank of England,2020-05-01,2020,2,2020-Q2,8,172,21.5,0.2085889570552147,4.484662576687116,-0.011627906976744186,0.0,0.0,0.0,-0.005813953488372093,0.0,0.0,-0.005813953488372093
boe/policy_statement/boe_2020-06-01_policy_statement_bank_of_england_9e7f8c75.txt,BOE,UK,policy_statement,Bank of England,2020-06-01,2020,2,2020-Q2,3,99,33.0,0.20212765957446807,6.670212765957446,-0.020202020202020204,0.0,0.0,0.0,0.0,0.0,0.0,0.0
boe/policy_statement/boe_2020-08-01_policy_statement_bank_of_england_79b08562.txt,BOE,UK,policy_statement,Bank of England,2020-08-01,2020,3,2020-Q3,34,713,20.970588235294116,0.23572474377745242,4.943286538627164,-0.008415147265077139,0.0,0.0,0.0,-0.004207573632538569,0.0,0.0,-0.009817671809256662
boe/policy_statement/boe_2020-09-01_policy_statement_bank_of_england_6717032d.txt,BOE,UK,policy_statement,Bank of England,2020-09-01,2020,3,2020-Q3,28,633,22.607142857142858,0.22607260726072606,5.110855728429986,-0.009478672985781991,0.0,0.0,0.0,-0.00315955766192733,0.0,0.0,-0.009478672985781991
boe/policy_statement/boe_2020-11-01_policy_statement_bank_of_england_9168856c.txt,BOE,UK,policy_statement,Bank of England,2020-11-01,2020,4,2020-Q4,5,131,26.2,0.24,6.287999999999999,-0.022900763358778626,0.0,0.0,0.0,0.0,0.0,0.0,0.0
boe/policy_statement/boe_2020-12-01_policy_statement_bank_of_england_54f26070.txt,BOE,UK,policy_statement,Bank of England,2020-12-01,2020,4,2020-Q4,28,661,23.607142857142858,0.2377952755905512,5.613667041619798,-0.007564296520423601,0.0015128593040847202,0.0,0.0,-0.0015128593040847202,0.0,0.0,-0.007564296520423601
boe/policy_statement/boe_2021-02-01_policy_statement_bank_of_england_40b7e88c.txt,BOE,UK,policy_statement,Bank of England,2021-02-01,2021,1,2021-Q1,27,568,21.037037037037038,0.2351851851851852,4.947599451303155,-0.01056338028169014,0.0035211267605633804,0.0,0.0,-0.0017605633802816902,0.0,0.0,0.0035211267605633804
boe/policy_statement/boe_2021-03-01_policy_statement_bank_of_england_7562f5fa.txt,BOE,UK,policy_statement,Bank of England,2021-03-01,2021,1,2021-Q1,29,732,25.24137931034483,0.22425952045133993,5.660619619668305,-0.009562841530054645,0.001366120218579235,0.0,0.0,-0.001366120218579235,0.0,0.0,0.0
boe/policy_statement/boe_2021-05-01_policy_statement_bank_of_england_b37e0090.txt,BOE,UK,policy_statement,Bank of England,2021-05-01,2021,2,2021-Q2,3,75,25.0,0.2777777777777778,6.944444444444445,-0.013333333333333334,0.0,0.0,0.0,0.0,0.0,0.0,0.0
boe/policy_statement/boe_2021-06-01_policy_statement_bank_of_england_99952376.txt,BOE,UK,policy_statement,Bank of England,2021-06-01,2021,2,2021-Q2,3,75,25.0,0.2777777777777778,6.944444444444445,-0.013333333333333334,0.0,0.0,0.0,0.0,0.0,0.0,0.0
boe/policy_statement/boe_2021-08-01_policy_statement_bank_of_england_a0a4490f.txt,BOE,UK,policy_statement,Bank of England,2021-08-01,2021,3,2021-Q3,60,1621,27.016666666666666,0.20504527813712808,5.539639931004744,-0.010487353485502776,0.001850709438618137,0.0,0.0,-0.0006169031462060457,0.0,0.0,0.005552128315854411
boe/policy_statement/boe_2021-09-01_policy_statement_bank_of_england_760ae6db.txt,BOE,UK,policy_statement,Bank of England,2021-09-01,2021,3,2021-Q3,97,2543,26.216494845360824,0.21529509559434745,5.644282763880676,-0.01219032638615808,0.0007864726700747149,0.0,0.0,-0.00039323633503735744,0.0,0.0,0.001966181675186787
boe/policy_statement/boe_2021-11-01_policy_statement_bank_of_england_7e8af80f.txt,BOE,UK,policy_statement,Bank of England,2021-11-01,2021,4,2021-Q4,59,1533,25.983050847457626,0.22620689655172413,5.8775452951490355,-0.010437051532941943,0.0006523157208088715,0.0,0.0,0.0,0.0,0.0,-0.0019569471624266144
boe/policy_statement/boe_2021-12-01_policy_statement_bank_of_england_95808f68.txt,BOE,UK,policy_statement,Bank of England,2021-12-01,2021,4,2021-Q4,135,3657,27.08888888888889,0.2145922746781116,5.813066285169289,-0.009023789991796555,0.0005468963631391851,0.0,0.0,-0.00027344818156959256,0.0,0.0,0.006836204539239814
boe/policy_statement/boe_2022-02-01_policy_statement_bank_of_england_fdd9fe0a.txt,BOE,UK,policy_statement,Bank of England,2022-02-01,2022,1,2022-Q1,29,691,23.82758620689655,0.22290076335877862,5.311187154514346,-0.017366136034732273,0.0,0.0,0.0,0.0,0.0,0.0,0.005788712011577424
boe/policy_statement/boe_2022-03-01_policy_statement_bank_of_england_86aad538.txt,BOE,UK,policy_statement,Bank of England,2022-03-01,2022,1,2022-Q1,26,589,22.653846153846153,0.21402877697841727,4.848574986164914,-0.02037351443123939,0.001697792869269949,0.0,0.0,0.0,0.0,0.0,0.010186757215619695
boe/policy_statement/boe_2022-05-01_policy_statement_bank_of_england_6cdb65b6.txt,BOE,UK,policy_statement,Bank of England,2022-05-01,2022,2,2022-Q2,52,1297,24.942307692307693,0.23021001615508885,5.741969056791351,-0.02081727062451812,0.002313030069390902,0.0,0.0007710100231303007,0.0,0.0,0.0,0.002313030069390902
boe/policy_statement/boe_2022-06-01_policy_statement_bank_of_england_8b867d9d.txt,BOE,UK,policy_statement,Bank of England,2022-06-01,2022,2,2022-Q2,18,421,23.38888888888889,0.21105527638190955,4.936348408710217,-0.021377672209026127,0.0,0.0,0.0,0.0,0.0,0.0,0.007125890736342043
boe/policy_statement/boe_2022-08-01_policy_statement_bank_of_england_b982af5d.txt,BOE,UK,policy_statement,Bank of England,2022-08-01,2022,3,2022-Q3,137,3543,25.861313868613138,0.2154074074074074,5.570718572587186,-0.007902907140841095,0.0022579734688117415,0.0,0.0011289867344058708,-0.0011289867344058708,0.0,0.0,0.0005644933672029354
boe/policy_statement/boe_2022-09-01_policy_statement_bank_of_england_93ddae0e.txt,BOE,UK,policy_statement,Bank of England,2022-09-01,2022,3,2022-Q3,33,882,26.727272727272727,0.20210280373831777,5.401656754460493,-0.007936507936507936,0.0011337868480725624,0.0,0.0,-0.0022675736961451248,0.0,0.0,0.0011337868480725624
boe/policy_statement/boe_2022-11-01_policy_statement_bank_of_england_997577ad.txt,BOE,UK,policy_statement,Bank of England,2022-11-01,2022,4,2022-Q4,53,1276,24.07547169811321,0.21487603305785125,5.173241852487136,-0.0109717868338558,-0.001567398119122257,0.0,0.0,-0.001567398119122257,-0.001567398119122257,0.0,-0.006269592476489028
boe/policy_statement/boe_2022-12-01_policy_statement_bank_of_england_143a43bd.txt,BOE,UK,policy_statement,Bank of England,2022-12-01,2022,4,2022-Q4,33,750,22.727272727272727,0.211864406779661,4.815100154083205,-0.017333333333333333,0.0,0.0,0.0,0.0,0.0,0.0,0.0
boe/policy_statement/boe_2023-02-01_policy_statement_bank_of_england_b620740d.txt,BOE,UK,policy_statement,Bank of England,2023-02-01,2023,1,2023-Q1,24,397,16.541666666666668,0.24128686327077747,3.9912868632707776,-0.04030226700251889,0.0,0.0,0.0025188916876574307,-0.005037783375314861,0.0,0.0,-0.010075566750629723
boe/policy_statement/boe_2023-03-01_policy_statement_bank_of_england_0e14c40a.txt,BOE,UK,policy_statement,Bank of England,2023-03-01,2023,1,2023-Q1,30,726,24.2,0.2259475218658892,5.467930029154519,-0.02203856749311295,0.0,0.0,0.0027548209366391185,-0.005509641873278237,0.0,0.0,-0.0013774104683195593
boe/policy_statement/boe_2023-05-01_policy_statement_bank_of_england_0c29097c.txt,BOE,UK,policy_statement,Bank of England,2023-05-01,2023,2,2023-Q2,17,373,21.941176470588236,0.23822714681440443,5.2269838683395795,-0.02680965147453083,0.0,0.0,0.005361930294906166,-0.005361930294906166,0.0,0.0,-0.002680965147453083
boe/policy_statement/boe_2023-06-01_policy_statement_bank_of_england_0fc5fc55.txt,BOE,UK,policy_statement,Bank of England,2023-06-01,2023,2,2023-Q2,24,532,22.166666666666668,0.22265625,4.935546875,-0.015037593984962405,0.0018796992481203006,0.0,0.0037593984962406013,-0.009398496240601503,0.0,0.0,0.0037593984962406013
boe/policy_statement/boe_2023-08-01_policy_statement_bank_of_england_79d511c5.txt,BOE,UK,policy_statement,Bank of England,2023-08-01,2023,3,2023-Q3,16,372,23.25,0.21910112359550563,5.094101123595506,-0.024193548387096774,0.0,0.0,0.002688172043010753,-0.005376344086021506,-0.002688172043010753,0.0,0.002688172043010753
boe/policy_statement/boe_2023-09-01_policy_statement_bank_of_england_3ece5090.txt,BOE,UK,policy_statement,Bank of England,2023-09-01,2023,3,2023-Q3,13,326,25.076923076923077,0.2070063694267516,5.191082802547771,-0.012269938650306749,0.0,0.0,0.003067484662576687,-0.003067484662576687,0.0,0.0,0.003067484662576687
boe/policy_statement/boe_2023-11-01_policy_statement_bank_of_england_5d8c1e1d.txt,BOE,UK,policy_statement,Bank of England,2023-11-01,2023,4,2023-Q4,22,501,22.772727272727273,0.22483940042826553,5.120206346116411,-0.01996007984031936,0.0,0.0,0.0,-0.003992015968063872,-0.005988023952095809,0.0,-0.003992015968063872
boe/policy_statement/boe_2023-12-01_policy_statement_bank_of_england_dd101a8a.txt,BOE,UK,policy_statement,Bank of England,2023-12-01,2023,4,2023-Q4,25,524,20.96,0.22593320235756384,4.735559921414538,-0.02862595419847328,0.0,0.0,0.0019083969465648854,-0.003816793893129771,-0.0019083969465648854,0.0,0.0019083969465648854
boe/policy_statement/boe_2024-02-01_policy_statement_bank_of_england_65430faa.txt,BOE,UK,policy_statement,Bank of England,2024-02-01,2024,1,2024-Q1,9,199,22.11111111111111,0.23157894736842105,5.12046783625731,-0.02512562814070352,0.0,0.0,0.0,0.0,-0.01507537688442211,0.0,0.0
boe/policy_statement/boe_2024-03-01_policy_statement_bank_of_england_cddff350.txt,BOE,UK,policy_statement,Bank of England,2024-03-01,2024,1,2024-Q1,28,580,20.714285714285715,0.20840950639853748,4.317054061112562,-0.01896551724137931,0.0017241379310344827,0.0,0.0,0.0,-0.006896551724137931,0.0,-0.005172413793103448
boe/policy_statement/boe_2024-05-01_policy_statement_bank_of_england_fdd1e005.txt,BOE,UK,policy_statement,Bank of England,2024-05-01,2024,2,2024-Q2,9,212,23.555555555555557,0.22613065326633167,5.326633165829146,-0.02830188679245283,0.0,0.0,0.0,0.0,-0.009433962264150943,0.0,-0.0047169811320754715
boe/policy_statement/boe_2024-06-01_policy_statement_bank_of_england_2f442bf9.txt,BOE,UK,policy_statement,Bank of England,2024-06-01,2024,2,2024-Q2,30,676,22.533333333333335,0.23547400611620795,5.306014271151886,-0.029585798816568046,0.0,0.0,0.0014792899408284023,-0.0029585798816568047,-0.005917159763313609,0.0,-0.004437869822485207
boe/policy_statement/boe_2024-08-01_policy_statement_bank_of_england_b0e7e3ea.txt,BOE,UK,policy_statement,Bank of England,2024-08-01,2024,3,2024-Q3,8,181,22.625,0.23214285714285715,5.252232142857143,-0.03314917127071823,0.0,0.0,0.0,-0.0055248618784530384,-0.0055248618784530384,0.0,-0.016574585635359115
boe/policy_statement/boe_2024-09-01_policy_statement_bank_of_england_19fcfebf.txt,BOE,UK,policy_statement,Bank of England,2024-09-01,2024,3,2024-Q3,32,776,24.25,0.21862348178137653,5.301619433198381,-0.01804123711340206,0.001288659793814433,0.0,0.0,-0.002577319587628866,-0.003865979381443299,0.0,-0.005154639175257732
boe/policy_statement/boe_2024-11-01_policy_statement_bank_of_england_f7d9fa4b.txt,BOE,UK,policy_statement,Bank of England,2024-11-01,2024,4,2024-Q4,10,245,24.5,0.20175438596491227,4.942982456140351,-0.004081632653061225,0.0,0.0,0.0,0.0,0.0,0.0,-0.00816326530612245
boe/policy_statement/boe_2024-12-01_policy_statement_bank_of_england_cd3c2b1f.txt,BOE,UK,policy_statement,Bank of England,2024-12-01,2024,4,2024-Q4,48,1154,24.041666666666668,0.23722627737226276,5.703315085158151,-0.02079722703639515,0.0008665511265164644,0.0,0.0017331022530329288,-0.006065857885615251,0.0,0.0,-0.005199306759098787
boe/policy_statement/boe_2025-02-01_policy_statement_bank_of_england_eff3f211.txt,BOE,UK,policy_statement,Bank of England,2025-02-01,2025,1,2025-Q1,8,173,21.625,0.22151898734177214,4.790348101265822,-0.011560693641618497,0.005780346820809248,0.0,0.0,-0.005780346820809248,0.0,0.0,0.005780346820809248
boe/policy_statement/boe_2025-03-01_policy_statement_bank_of_england_70762411.txt,BOE,UK,policy_statement,Bank of England,2025-03-01,2025,1,2025-Q1,30,621,20.7,0.2427843803056027,5.025636672325976,-0.014492753623188406,0.0,0.0,0.0,-0.004830917874396135,0.0,0.0,-0.004830917874396135
boe/policy_statement/boe_2025-05-01_policy_statement_bank_of_england_24e02cac.txt,BOE,UK,policy_statement,Bank of England,2025-05-01,2025,2,2025-Q2,11,182,16.545454545454547,0.21893491124260356,3.622377622377623,-0.01098901098901099,0.005494505494505495,0.0,0.0,-0.005494505494505495,0.0,0.0,0.005494505494505495
boe/policy_statement/boe_2025-06-01_policy_statement_bank_of_england_4d269b4e.txt,BOE,UK,policy_statement,Bank of England,2025-06-01,2025,2,2025-Q2,139,3175,22.841726618705035,0.22474498190194142,5.133563435529957,-0.013543307086614173,0.0015748031496062992,0.0,0.0009448818897637795,-0.004094488188976378,0.0,0.0,0.002204724409448819
boe/policy_statement/boe_2025-08-01_policy_statement_bank_of_england_576f5e66.txt,BOE,UK,policy_statement,Bank of England,2025-08-01,2025,3,2025-Q3,11,212,19.272727272727273,0.26865671641791045,5.17774762550882,-0.014150943396226415,0.0,0.0,0.0,0.0,0.0,0.0,-0.0047169811320754715
boe/policy_statement/boe_2025-09-01_policy_statement_bank_of_england_0b193015.txt,BOE,UK,policy_statement,Bank of England,2025-09-01,2025,3,2025-Q3,32,718,22.4375,0.22255192878338279,4.993508902077151,-0.002785515320334262,0.001392757660167131,0.0,0.0,0.0,0.0,0.0,-0.001392757660167131
boe/policy_statement/boe_2025-11-01_policy_statement_bank_of_england_111c5d8d.txt,BOE,UK,policy_statement,Bank of England,2025-11-01,2025,4,2025-Q4,26,421,16.192307692307693,0.2315270935960591,3.748957938613111,-0.004750593824228029,0.0023752969121140144,0.0,0.0023752969121140144,0.0,-0.004750593824228029,0.0,0.011876484560570071
boe/policy_statement/boe_2025-12-01_policy_statement_bank_of_england_55a05e25.txt,BOE,UK,policy_statement,Bank of England,2025-12-01,2025,4,2025-Q4,141,3149,22.333333333333332,0.2195364238410596,4.902980132450331,-0.018100984439504603,0.0022229279136233727,0.0,0.0012702445220704986,-0.0015878056525881232,0.00031756113051762465,0.0,0.006351222610352493
boe/policy_statement/boe_2026-02-01_policy_statement_bank_of_england_7386736f.txt,BOE,UK,policy_statement,Bank of England,2026-02-01,2026,1,2026-Q1,2,44,22.0,0.2894736842105263,6.368421052631579,0.0,0.0,0.0,0.0,0.0,0.0,0.0,0.0
boe/policy_statement/boe_2026-03-01_policy_statement_bank_of_england_b242797e.txt,BOE,UK,policy_statement,Bank of England,2026-03-01,2026,1,2026-Q1,2,26,13.0,0.22727272727272727,2.9545454545454546,0.0,0.0,0.0,0.0,0.0,0.0,0.0,0.0
boe/speech/boe_2020-01-09_speech_john_c_williams_b5bc0297.txt,BOE,UK,speech,John C Williams,2020-01-09,2020,1,2020-Q1,78,1646,21.102564102564102,0.20909665192672142,4.412475500915172,-0.032806804374240585,-0.0006075334143377885,0.0,0.0,0.001215066828675577,0.0,0.0,0.001215066828675577
boe/speech/boe_2020-01-09_speech_mark_carney_dda14998.txt,BOE,UK,speech,Mark Carney,2020-01-09,2020,1,2020-Q1,373,9703,26.013404825737265,0.23071923743500866,6.0017929244822765,-0.011439760898691127,0.0008244872719777389,0.0,0.0005153045449860868,-0.0018550963619499124,0.0005153045449860868,0.0,0.004843862722869216
boe/speech/boe_2020-01-22_speech_christina_segal_knowles_f4d23a54.txt,BOE,UK,speech,Christina Segal-Knowles,2020-01-22,2020,1,2020-Q1,115,2428,21.11304347826087,0.2153010033444816,4.545659444525229,-0.00041186161449752884,0.0,0.0,0.0,-0.0008237232289950577,0.0,-0.00041186161449752884,-0.00041186161449752884
boe/speech/boe_2020-01-29_speech_christina_segal_knowles_697682f7.txt,BOE,UK,speech,Christina Segal-Knowles,2020-01-29,2020,1,2020-Q1,167,3126,18.718562874251496,0.1740006718172657,3.257042515573488,0.0,0.0,0.0,0.0,-0.0012795905310300703,0.0,-0.0006397952655150352,-0.0019193857965451055
boe/speech/boe_2020-02-11_speech_jon_cunliffe_1728cbd4.txt,BOE,UK,speech,Jon Cunliffe,2020-02-11,2020,1,2020-Q1,201,4375,21.766169154228855,0.2011225444340505,4.377667322880453,0.0,0.0,0.002057142857142857,0.0,0.0,0.0,-0.0009142857142857143,-0.003657142857142857
boe/speech/boe_2020-02-26_speech_andrew_hauser_52d6a213.txt,BOE,UK,speech,Andrew Hauser,2020-02-26,2020,1,2020-Q1,132,3659,27.71969696969697,0.20517241379310344,5.687317136886102,0.0,0.0,0.0,0.0,0.0005465974309920743,0.0,0.0,-0.0038261820169445205
boe/speech/boe_2020-02-27_speech_mark_carney_152e0883.txt,BOE,UK,speech,Mark Carney,2020-02-27,2020,1,2020-Q1,152,2980,19.605263157894736,0.22900494001411434,4.48970211343461,0.0,0.0,0.0,0.0,0.0,0.0,0.0,-0.002348993288590604
boe/speech/boe_2020-02-28_speech_jon_cunliffe_6c9d37b7.txt,BOE,UK,speech,Jon Cunliffe,2020-02-28,2020,1,2020-Q1,215,5316,24.725581395348836,0.18522091452826547,4.5796947982895775,0.0,0.0,0.0,0.0,-0.0003762227238525207,0.0,-0.00018811136192626034,0.004514672686230248
boe/speech/boe_2020-03-05_speech_mark_carney_e10f661c.txt,BOE,UK,speech,Mark Carney,2020-03-05,2020,1,2020-Q1,480,11472,23.9,0.22593681116825864,5.399889786921381,-0.003486750348675035,0.0010460251046025104,0.0,0.0,-0.0008716875871687587,0.0,0.0,-0.0032252440725244074
boe/speech/boe_2020-03-10_speech_victoria_saporta_d979b5de.txt,BOE,UK,speech,Victoria Saporta,2020-03-10,2020,1,2020-Q1,177,4023,22.728813559322035,0.26043580992386456,5.919396967930549,0.00024857071836937607,0.0012428535918468805,0.0,0.0,0.0,0.0,0.0,0.0044742729306487695
boe/speech/boe_2020-05-19_speech_charlotte_gerken_7b9df0da.txt,BOE,UK,speech,Charlotte Gerken,2020-05-19,2020,2,2020-Q2,147,3539,24.07482993197279,0.22830518345952241,5.4964084643758495,0.0,0.0,0.0,0.0,-0.00028256569652444194,0.0,0.0,-0.00734670810963549
boe/speech/boe_2020-06-04_speech_andrew_hauser_5b96e880.txt,BOE,UK,speech,Andrew Hauser,2020-06-04,2020,2,2020-Q2,216,5354,24.787037037037038,0.16810513927030207,4.166828313209247,-0.00018677624206200972,0.0,0.0,0.0,-0.0005603287261860292,0.00018677624206200972,-0.00018677624206200972,-0.002054538662682107
boe/speech/boe_2020-06-09_speech_jon_cunliffe_ce95fabd.txt,BOE,UK,speech,Jon Cunliffe,2020-06-09,2020,2,2020-Q2,191,4909,25.701570680628272,0.1805380411937789,4.640111226284087,0.0,0.0,0.0,0.0,-0.001425952332450601,0.0,-0.00020370747606437156,-0.004277856997351803
boe/speech/boe_2020-06-11_speech_christina_segal_knowles_b8f08346.txt,BOE,UK,speech,Christina Segal-Knowles,2020-06-11,2020,2,2020-Q2,135,2898,21.466666666666665,0.2129860863360685,4.57210132001427,-0.0003450655624568668,0.0,0.0,0.0,-0.0010351966873706005,0.0,0.0,-0.002070393374741201
boe/speech/boe_2020-06-30_speech_andrew_g_haldane_aec6c853.txt,BOE,UK,speech,Andrew G Haldane,2020-06-30,2020,2,2020-Q2,378,7403,19.584656084656086,0.19393501805054153,3.798150631291426,-0.0010806429825746318,0.0005403214912873159,0.0,-0.000675401864109145,-0.0010806429825746318,0.00013508037282182898,0.0,-0.00013508037282182898
boe/speech/boe_2020-07-01_speech_sarah_breeden_331c3bba.txt,BOE,UK,speech,Sarah Breeden,2020-07-01,2020,3,2020-Q3,163,3481,21.355828220858896,0.189873417721519,4.054904092568145,0.0,0.0,0.0,0.0,-0.0008618213157138753,0.0,0.0,-0.005170927894283252
boe/speech/boe_2020-07-13_speech_andrew_bailey_5542328b.txt,BOE,UK,speech,Andrew Bailey,2020-07-13,2020,3,2020-Q3,127,3419,26.921259842519685,0.1826086956521739,4.9160561451557685,0.0,0.0,0.0,0.0,-0.0002924831822170225,0.0,0.0,-0.0002924831822170225
boe/speech/boe_2020-07-22_speech_sarah_breeden_efc098a5.txt,BOE,UK,speech,Sarah Breeden,2020-07-22,2020,3,2020-Q3,141,4046,28.69503546099291,0.17684478371501272,5.074567339793911,0.0,0.0,0.0,0.0,0.0,0.0,0.0,-0.0007414730598121602
boe/speech/boe_2020-07-23_speech_alex_brazier_a435a3fb.txt,BOE,UK,speech,Alex Brazier,2020-07-23,2020,3,2020-Q3,205,4391,21.41951219512195,0.18323863636363635,3.924882206208425,0.0,0.0,0.0,0.0,-0.0011386927806877705,-0.0002277385561375541,0.0,0.0002277385561375541
boe/speech/boe_2020-08-28_speech_andrew_bailey_087ba712.txt,BOE,UK,speech,Andrew Bailey,2020-08-28,2020,3,2020-Q3,1179,26690,22.63782866836302,0.2184325969252658,4.944839704779766,-0.0014612214312476582,-3.746721618583739e-05,0.0,0.0,-0.0003746721618583739,0.0,-0.0017609591607343573,-0.001236418134132634
boe/speech/boe_2020-09-02_speech_ben_broadbent_289ee809.txt,BOE,UK,speech,Ben Broadbent,2020-09-02,2020,3,2020-Q3,632,10838,17.14873417721519,0.17831489031256068,3.057874653809387,-0.01384019191732792,0.001568555083963831,0.0,0.0,-0.00046133973057759734,9.226794611551947e-05,0.0,0.0008304115150396752
boe/speech/boe_2020-09-03_speech_andrew_bailey_3a3f7c29.txt,BOE,UK,speech,Andrew Bailey,2020-09-03,2020,3,2020-Q3,188,4092,21.76595744680851,0.21027568922305764,4.576851703727404,0.0,0.0,0.00024437927663734115,0.0,0.0004887585532746823,0.0,-0.00024437927663734115,0.0012218963831867058
boe/speech/boe_2020-09-09_speech_anna_sweeney_63b27b43.txt,BOE,UK,speech,Anna Sweeney,2020-09-09,2020,3,2020-Q3,146,3978,27.246575342465754,0.24659685863874345,6.7189198881159005,0.0,0.00025138260432378077,-0.00025138260432378077,0.0,-0.00025138260432378077,0.0,0.0,-0.013826043237807943
boe/speech/boe_2020-09-18_speech_andrew_hauser_b10d9b92.txt,BOE,UK,speech,Andrew Hauser,2020-09-18,2020,3,2020-Q3,65,1163,17.892307692307693,0.12688553682342502,2.270275066548358,0.0,0.0,0.0,0.0,-0.0008598452278589854,0.0,0.0,-0.0060189165950128975
boe/speech/boe_2020-09-22_speech_anna_sweeney_f75e0e02.txt,BOE,UK,speech,Anna Sweeney,2020-09-22,2020,3,2020-Q3,98,2803,28.602040816326532,0.22027716994894236,6.300376605784546,0.0,-0.00035676061362825543,0.0,0.0,-0.0017838030681412772,0.0,0.0,-0.0067784516589368534
boe/speech/boe_2020-09-30_speech_andrew_g_haldane_2a73c6d4.txt,BOE,UK,speech,Andrew G Haldane,2020-09-30,2020,3,2020-Q3,296,5229,17.66554054054054,0.19229997994786444,3.397083091714132,-0.0009562057754828839,-0.0019124115509657677,0.0,-0.0009562057754828839,-0.0011474469305794606,0.0,0.0,-0.0034423407917383822
boe/speech/boe_2020-10-12_speech_david_ramsden_e2b5ba66.txt,BOE,UK,speech,David Ramsden,2020-10-12,2020,4,2020-Q4,42,1346,32.04761904761905,0.2118003025718608,6.787695410993445,0.0,0.0,0.022288261515601784,0.0,0.0,0.0,0.0,0.0014858841010401188
boe/speech/boe_2020-10-13_speech_victoria_cleland_a6cb3eaa.txt,BOE,UK,speech,Victoria Cleland,2020-10-13,2020,4,2020-Q4,135,3238,23.985185185185184,0.23636363636363636,5.669225589225589,0.0,0.00030883261272390367,0.0006176652254478073,0.0,0.0009264978381717109,0.0,0.0,0.0024706609017912293
boe/speech/boe_2020-10-14_speech_andrew_g_haldane_fdc26a18.txt,BOE,UK,speech,Andrew G Haldane,2020-10-14,2020,4,2020-Q4,267,4641,17.382022471910112,0.1683626271970398,2.92648296936877,0.0,0.00021547080370609782,0.00043094160741219563,0.00021547080370609782,-0.00043094160741219563,0.0,0.0,0.009480715363068304
boe/speech/boe_2020-10-16_speech_andrew_hauser_f2fb6b53.txt,BOE,UK,speech,Andrew Hauser,2020-10-16,2020,4,2020-Q4,248,6913,27.875,0.23078105781057812,6.433021986469865,0.0,0.0,0.0,0.0,-0.00014465499783017504,0.0,0.0,-0.0024591349631129756
boe/speech/boe_2020-10-21_speech_david_ramsden_2e23038b.txt,BOE,UK,speech,David Ramsden,2020-10-21,2020,4,2020-Q4,184,5050,27.445652173913043,0.18555646481178395,5.092718191845157,-0.001188118811881188,-0.00019801980198019803,0.0,-0.00019801980198019803,-0.0017821782178217822,0.000594059405940594,-0.0007920792079207921,-0.006138613861386139
boe/speech/boe_2020-11-09_speech_andrew_bailey_2356893c.txt,BOE,UK,speech,Andrew Bailey,2020-11-09,2020,4,2020-Q4,83,1909,23.0,0.16389038151531435,3.76947877485223,0.0,0.0,0.0,0.0,0.0,0.0,0.0,0.0026191723415400735
boe/speech/boe_2020-11-12_speech_jon_cunliffe_5f189166.txt,BOE,UK,speech,Jon Cunliffe,2020-11-12,2020,4,2020-Q4,180,4389,24.383333333333333,0.18453510436432638,4.499580961416825,0.0,-0.000227842333105491,0.0,0.0,-0.001594896331738437,0.0,0.0,-0.003189792663476874
boe/speech/boe_2020-11-12_speech_sam_woods_133be631.txt,BOE,UK,speech,Sam Woods,2020-11-12,2020,4,2020-Q4,155,4246,27.393548387096775,0.166463265804247,4.560019526482792,0.0,0.0,0.000706547338671691,0.0,0.0,0.0,0.0,0.0030617051342439945
boe/speech/boe_2020-11-17_speech_andrew_bailey_487ac72d.txt,BOE,UK,speech,Andrew Bailey,2020-11-17,2020,4,2020-Q4,88,1982,22.522727272727273,0.17142857142857143,3.861038961038961,-0.0005045408678102926,0.0,0.0,0.0,-0.004036326942482341,0.0,0.0,-0.0025227043390514633
boe/speech/boe_2020-11-17_speech_david_ramsden_802905e4.txt,BOE,UK,speech,David Ramsden,2020-11-17,2020,4,2020-Q4,219,5916,27.013698630136986,0.18978485219520727,5.126790801766421,-0.002028397565922921,-0.00016903313049357674,0.0,-0.00016903313049357674,-0.0008451656524678837,0.0,0.0,0.000676132521974307
boe/speech/boe_2020-11-18_speech_andrew_g_haldane_6b554157.txt,BOE,UK,speech,Andrew G Haldane,2020-11-18,2020,4,2020-Q4,323,6466,20.018575851393187,0.20072392234287595,4.018207064610018,-0.0001546551190844417,0.0003093102381688834,0.0,0.0,-0.0006186204763377668,0.0,0.0,0.0
boe/speech/boe_2020-11-28_speech_andrew_g_haldane_eba2cd2c.txt,BOE,UK,speech,Andrew G Haldane,2020-11-28,2020,4,2020-Q4,392,7086,18.0765306122449,0.23169993950393225,4.188331049298123,-0.01213660739486311,0.0,0.0,0.0,-0.0004233700254022015,0.0,0.0,0.0002822466836014677
boe/speech/boe_2020-12-02_speech_andrew_hauser_1e11510b.txt,BOE,UK,speech,Andrew Hauser,2020-12-02,2020,4,2020-Q4,112,3205,28.616071428571427,0.19757248819959541,5.653748434640208,0.0,0.0,0.0,0.0,-0.00031201248049921997,0.0,0.0,-0.0006240249609984399
boe/speech/boe_2020-12-03_speech_charlotte_gerken_ed3213dd.txt,BOE,UK,speech,Charlotte Gerken,2020-12-03,2020,4,2020-Q4,110,2962,26.927272727272726,0.22075208913649025,5.944251709293492,0.0,0.0,0.0,0.0,-0.003713706954760297,0.0,0.0,-0.00675219446320054
boe/speech/boe_2020-12-08_speech_andrew_hauser_4a63ca98.txt,BOE,UK,speech,Andrew Hauser,2020-12-08,2020,4,2020-Q4,71,1574,22.169014084507044,0.17179144385026737,3.808446938314378,0.0,0.0,0.0,0.0,-0.0012706480304955528,0.0,0.0,-0.0063532401524777635
boe/speech/boe_2021-01-07_speech_andrew_hauser_ca60362f.txt,BOE,UK,speech,Andrew Hauser,2021-01-07,2021,1,2021-Q1,158,4622,29.253164556962027,0.20113122171945702,5.883724726502091,0.0,0.00021635655560363478,0.0,0.0,-0.00021635655560363478,0.0,-0.0034617048896581565,-0.0019472090004327132
boe/speech/boe_2021-01-11_speech_david_bailey_5e4b25f5.txt,BOE,UK,speech,David Bailey,2021-01-11,2021,1,2021-Q1,160,3387,21.16875,0.21588164251207728,4.569944519927536,0.0,0.0,0.0,0.0,0.0008857395925597874,0.0,0.0,0.0
boe/speech/boe_2021-01-12_speech_ben_broadbent_c5cae92d.txt,BOE,UK,speech,Ben Broadbent,2021-01-12,2021,1,2021-Q1,375,7195,19.186666666666667,0.16976278936839098,3.2571820520148616,-0.002640722724113968,0.0005559416261292564,0.0,0.0001389854065323141,-0.0008339124391938846,0.0,0.0,-0.0029186935371785963
boe/speech/boe_2021-02-05_speech_andrew_bailey_88418889.txt,BOE,UK,speech,Andrew Bailey,2021-02-05,2021,1,2021-Q1,88,2146,24.386363636363637,0.16925978312116927,4.127630620204878,-0.013513513513513514,-0.00046598322460391424,0.0,0.0,-0.0013979496738117428,0.00046598322460391424,0.0,-0.0009319664492078285
boe/speech/boe_2021-02-10_speech_andrew_bailey_1b9ca84f.txt,BOE,UK,speech,Andrew Bailey,2021-02-10,2021,1,2021-Q1,119,2595,21.80672268907563,0.17003891050583658,3.707991367753327,0.0,0.0,0.0,0.0,-0.0003853564547206166,0.0,0.0,0.002697495183044316
boe/speech/boe_2021-02-10_speech_anna_sweeney_80056191.txt,BOE,UK,speech,Anna Sweeney,2021-02-10,2021,1,2021-Q1,97,2772,28.577319587628867,0.19387755102040816,5.540500736377025,0.0,0.0,0.0,0.0,-0.001443001443001443,0.0,0.0,-0.003246753246753247
boe/speech/boe_2021-02-17_speech_david_ramsden_f4811407.txt,BOE,UK,speech,David Ramsden,2021-02-17,2021,1,2021-Q1,228,6778,29.728070175438596,0.18316303187433278,5.445083465106261,-0.001622897609914429,0.00014753614635585718,0.0,-0.00014753614635585718,-0.0005901445854234287,0.00014753614635585718,-0.00044260843906757157,-0.001622897609914429
boe/speech/boe_2021-02-26_speech_andrew_g_haldane_dd39a6a8.txt,BOE,UK,speech,Andrew G Haldane,2021-02-26,2021,1,2021-Q1,322,6110,18.975155279503106,0.18944261156450773,3.594702970991125,-0.01358428805237316,-0.0003273322422258593,0.0003273322422258593,0.0,-0.0014729950900163667,0.00016366612111292964,0.0,-0.0016366612111292963
boe/speech/boe_2021-02-26_speech_david_ramsden_45674371.txt,BOE,UK,speech,David Ramsden,2021-02-26,2021,1,2021-Q1,168,4946,29.44047619047619,0.21639617145235124,6.37080633335315,0.0,0.0,0.0,0.0,0.0014152850788515972,0.0,0.0,0.002426202992317024
boe/speech/boe_2021-03-08_speech_andrew_bailey_47523563.txt,BOE,UK,speech,Andrew Bailey,2021-03-08,2021,1,2021-Q1,167,4309,25.802395209580837,0.1671049486014822,4.311707925292136,-0.0018565792527268509,0.0004641448131817127,0.0,0.00023207240659085636,-0.0018565792527268509,0.0,0.0,0.004873520538407983
boe/speech/boe_2021-03-16_speech_sam_woods_43bdb331.txt,BOE,UK,speech,Sam Woods,2021-03-16,2021,1,2021-Q1,128,3336,26.0625,0.19180576631259483,4.998937784522003,0.0,0.0,0.0,0.0,-0.0020983213429256594,0.0,0.0,-0.001498800959232614
boe/speech/boe_2021-03-25_speech_andrew_bailey_9aa47ff7.txt,BOE,UK,speech,Andrew Bailey,2021-03-25,2021,1,2021-Q1,72,1391,19.319444444444443,0.17302052785923755,3.342660475724992,0.0,0.0,0.0007189072609633358,0.0,0.0,0.0,0.0,0.0
boe/speech/boe_2021-04-14_speech_gareth_ramsay_d1c4095b.txt,BOE,UK,speech,Gareth Ramsay,2021-04-14,2021,2,2021-Q2,147,3156,21.46938775510204,0.1796194775878749,3.8563202127029466,0.0,0.0,0.0009505703422053232,0.0,-0.0003168567807351077,0.0,0.0,0.002217997465145754
boe/speech/boe_2021-04-21_speech_andrew_bailey_1e0480b8.txt,BOE,UK,speech,Andrew Bailey,2021-04-21,2021,2,2021-Q2,70,1562,22.314285714285713,0.19920844327176782,4.445194119864304,0.0,0.0,0.0,0.0,0.0,0.0,0.0,0.0019206145966709346
boe/speech/boe_2021-04-21_speech_david_ramsden_58c3048c.txt,BOE,UK,speech,David Ramsden,2021-04-21,2021,2,2021-Q2,104,2661,25.58653846153846,0.18242710795902287,4.667678214220768,0.0,0.0,0.005636978579481398,0.0,0.0,0.0,0.0,-0.003006388575723412
boe/speech/boe_2021-04-29_speech_charlotte_gerken_722e3390.txt,BOE,UK,speech,Charlotte Gerken,2021-04-29,2021,2,2021-Q2,125,3347,26.776,0.21069084088777743,5.641457955611128,0.0,0.0,0.0,0.0,-0.0014938751120406335,0.0,0.0,-0.00537795040334628
boe/speech/boe_2021-04-29_speech_victoria_saporta_a464d4b4.txt,BOE,UK,speech,Victoria Saporta,2021-04-29,2021,2,2021-Q2,183,4163,22.74863387978142,0.18662404720924514,4.2454421231261605,0.0,0.0,0.0,0.0,0.0,-0.00024021138601969732,0.0,0.005284650492433342
boe/speech/boe_2021-05-05_speech_sam_woods_6f362144.txt,BOE,UK,speech,Sam Woods,2021-05-05,2021,2,2021-Q2,111,3037,27.36036036036036,0.17223910840932116,4.712524074226201,0.0,0.0,-0.0006585446163977609,0.0,-0.00032927230819888045,0.0,0.0,0.0026341784655910436
boe/speech/boe_2021-05-11_speech_andrew_bailey_37a919f3.txt,BOE,UK,speech,Andrew Bailey,2021-05-11,2021,2,2021-Q2,120,3310,27.583333333333332,0.20074696545284781,5.537270463741052,0.0,0.0,-0.00030211480362537764,0.0,-0.00030211480362537764,0.0,0.0,0.002416918429003021
boe/speech/boe_2021-05-12_speech_andrew_bailey_6c4a7b0d.txt,BOE,UK,speech,Andrew Bailey,2021-05-12,2021,2,2021-Q2,156,3543,22.71153846153846,0.1655152561888313,3.759106106904034,0.0,0.0,0.0,0.0,-0.0002822466836014677,0.0,-0.0002822466836014677,-0.0002822466836014677
boe/speech/boe_2021-05-13_speech_jon_cunliffe_92831244.txt,BOE,UK,speech,Jon Cunliffe,2021-05-13,2021,2,2021-Q2,258,5542,21.48062015503876,0.1627735883759426,3.4964776231762555,-0.0005413208228076507,0.0,0.0,0.0,-0.0009022013713460845,0.0,0.0,0.003969686033922772
boe/speech/boe_2021-05-18_speech_sarah_breeden_05d0dd61.txt,BOE,UK,speech,Sarah Breeden,2021-05-18,2021,2,2021-Q2,153,3363,21.980392156862745,0.21596818598959927,4.747065421457663,-0.0002973535533749628,0.0,0.0,0.0,-0.0014867677668748143,0.0,0.0,-0.0011894142134998512
boe/speech/boe_2021-05-20_speech_jon_cunliffe_72572a7c.txt,BOE,UK,speech,Jon Cunliffe,2021-05-20,2021,2,2021-Q2,233,5477,23.506437768240342,0.1711486746062236,4.023095668748011,-0.0003651634106262553,-0.0009129085265656381,0.0,0.0,-0.0009129085265656381,0.0,0.0,-0.0032864706956362974
boe/speech/boe_2021-05-21_speech_andrew_hauser_22937d3e.txt,BOE,UK,speech,Andrew Hauser,2021-05-21,2021,2,2021-Q2,220,5132,23.327272727272728,0.2218990234780802,5.176299038588671,-0.00019485580670303975,0.0,0.0,0.0,0.000779423226812159,0.0,0.0,0.00019485580670303975
boe/speech/boe_2021-06-01_speech_andrew_bailey_98349ae5.txt,BOE,UK,speech,Andrew Bailey,2021-06-01,2021,2,2021-Q2,89,2502,28.1123595505618,0.19140140553947912,5.3807451310087275,-0.0007993605115907274,0.0,0.0,0.0003996802557953637,0.0,0.0,0.0,0.0
boe/speech/boe_2021-06-03_speech_andrew_bailey_057f46f6.txt,BOE,UK,speech,Andrew Bailey,2021-06-03,2021,2,2021-Q2,97,2803,28.896907216494846,0.2030381622823268,5.867174936880021,0.0,0.0,0.0,0.0,0.0007135212272565109,0.0,0.0,-0.0007135212272565109
boe/speech/boe_2021-06-10_speech_christina_segal_knowles_e0062e03.txt,BOE,UK,speech,Christina Segal-Knowles,2021-06-10,2021,2,2021-Q2,127,2846,22.409448818897637,0.1801930639971398,4.038027245164251,0.0,0.0,0.0,0.0,-0.0007027406886858749,0.0,-0.00035137034434293746,0.0017568517217146872
boe/speech/boe_2021-06-15_speech_andrew_bailey_239a2d4f.txt,BOE,UK,speech,Andrew Bailey,2021-06-15,2021,2,2021-Q2,107,2640,24.672897196261683,0.17111280487804878,4.221848643720082,-0.0003787878787878788,0.0,0.0,0.0,-0.0011363636363636363,0.0,0.0,0.001893939393939394
boe/speech/boe_2021-06-15_speech_anna_sweeney_9c4f5cb6.txt,BOE,UK,speech,Anna Sweeney,2021-06-15,2021,2,2021-Q2,151,3643,24.125827814569536,0.19206217041354426,4.63365885308968,0.0,0.0,0.0,0.0,-0.0008234971177600879,0.0,0.0,-0.0002744990392533626
boe/speech/boe_2021-06-21_speech_victoria_cleland_16747083.txt,BOE,UK,speech,Victoria Cleland,2021-06-21,2021,2,2021-Q2,135,3416,25.303703703703704,0.23799392097264438,6.022127659574468,0.0,0.0002927400468384075,0.0,0.0,0.000585480093676815,0.0,0.0,0.00351288056206089
boe/speech/boe_2021-06-30_speech_andrew_g_haldane_7d336196.txt,BOE,UK,speech,Andrew G Haldane,2021-06-30,2021,2,2021-Q2,687,12001,17.468704512372636,0.17817703768624013,3.112522022230812,-0.003833013915507041,0.0,0.0,0.0,0.0004999583368052662,0.0,0.0,-0.00133322223148071
boe/speech/boe_2021-07-01_speech_andrew_bailey_b0e707a2.txt,BOE,UK,speech,Andrew Bailey,2021-07-01,2021,3,2021-Q3,142,3313,23.330985915492956,0.15210058264336093,3.5486565513905264,-0.006036824630244492,-0.0006036824630244491,0.00030184123151222455,-0.0006036824630244491,-0.00030184123151222455,0.0,0.0,0.005131300935707818
boe/speech/boe_2021-07-14_speech_david_ramsden_95971929.txt,BOE,UK,speech,David Ramsden,2021-07-14,2021,3,2021-Q3,186,5361,28.822580645161292,0.18029953917050692,5.196698008027353,-0.009326618168252192,0.0013057265435553068,0.0,0.0,-0.0018653236336504384,0.0,0.0,0.003171050177205745
boe/speech/boe_2021-07-21_speech_victoria_saporta_5c712dc1.txt,BOE,UK,speech,Victoria Saporta,2021-07-21,2021,3,2021-Q3,223,5442,24.40358744394619,0.19867935521460478,4.848489018286454,0.0,0.0,0.0,0.0,-0.0016538037486218302,0.0,0.0,-0.0031238515251745683
boe/speech/boe_2021-07-22_speech_ben_broadbent_b1fb9fc4.txt,BOE,UK,speech,Ben Broadbent,2021-07-22,2021,3,2021-Q3,331,7296,22.042296072507554,0.15345122646891043,3.3824173665171315,-0.00712719298245614,0.00027412280701754384,0.0,0.0006853070175438596,-0.0005482456140350877,0.0,0.0,0.001918859649122807
boe/speech/boe_2021-09-13_speech_andrew_hauser_521343a9.txt,BOE,UK,speech,Andrew Hauser,2021-09-13,2021,3,2021-Q3,213,5598,26.281690140845072,0.18382080710847834,4.831121493865079,-0.0010718113612004287,0.0,0.0,0.0,0.0,0.0,-0.0005359056806002144,-0.0017863522686673813
boe/speech/boe_2021-09-22_speech_sam_woods_cc35f5af.txt,BOE,UK,speech,Sam Woods,2021-09-22,2021,3,2021-Q3,113,3425,30.309734513274336,0.15724015398282498,4.765907322045801,0.0,0.0,0.0,0.0,-0.00029197080291970805,0.0,0.0,0.0005839416058394161
boe/speech/boe_2021-09-27_speech_andrew_bailey_7e427d78.txt,BOE,UK,speech,Andrew Bailey,2021-09-27,2021,3,2021-Q3,150,3231,21.54,0.16116870876531575,3.471573986804901,-0.009904054472299598,0.0,0.0,0.00030950170225936243,-0.0015475085112968121,0.0,0.0,0.002166511915815537
boe/speech/boe_2021-10-04_speech_charlotte_gerken_3112516c.txt,BOE,UK,speech,Charlotte Gerken,2021-10-04,2021,4,2021-Q4,121,3333,27.545454545454547,0.2404405016824717,6.6230429099808115,0.0,0.0,0.00030003000300030005,0.0,-0.00030003000300030005,0.0,0.0,-0.0009000900090009
boe/speech/boe_2021-11-08_speech_christina_segal_knowles_e5cb0f52.txt,BOE,UK,speech,Christina Segal-Knowles,2021-11-08,2021,4,2021-Q4,199,4030,20.251256281407034,0.20925396412789185,4.237655655454292,0.0,0.0,0.0,0.0,0.0019851116625310174,0.0,-0.00024813895781637717,0.00024813895781637717
boe/speech/boe_2021-12-01_speech_andrew_bailey_8b414528.txt,BOE,UK,speech,Andrew Bailey,2021-12-01,2021,4,2021-Q4,158,3611,22.854430379746834,0.19443663950547907,4.443738640849904,0.0,0.0005538631957906397,0.0,0.0,-0.0005538631957906397,0.0,0.0,0.001661589587371919
boe/speech/boe_2021-12-06_speech_ben_broadbent_497479fa.txt,BOE,UK,speech,Ben Broadbent,2021-12-06,2021,4,2021-Q4,329,7120,21.641337386018236,0.16388929140704245,3.546783449295265,-0.010533707865168539,-0.0001404494382022472,0.0,0.0014044943820224719,-0.0009831460674157304,0.0,0.0,0.0016853932584269663
boe/speech/boe_2022-02-09_speech_huw_pill_091edb09.txt,BOE,UK,speech,Huw Pill,2022-02-09,2022,1,2022-Q1,373,6711,17.991957104557642,0.22324780976220276,4.0166650169279965,-0.008940545373267769,-0.00014900908955446283,0.0,0.0,-0.007599463567277604,0.00014900908955446283,0.0,-0.010132618089703472
boe/speech/boe_2022-02-09_speech_jon_cunliffe_71f59688.txt,BOE,UK,speech,Jon Cunliffe,2022-02-09,2022,1,2022-Q1,146,3487,23.883561643835616,0.18883994126284875,4.510170377969545,-0.00028677946659019213,0.0,0.0,0.0,-0.0011471178663607685,0.0,0.0,-0.004301691998852882
boe/speech/boe_2022-02-10_speech_andrew_bailey_78e16b57.txt,BOE,UK,speech,Andrew Bailey,2022-02-10,2022,1,2022-Q1,64,1520,23.75,0.1827309236947791,4.339859437751004,0.0,0.0,0.0,0.0,0.0,0.0,0.0,0.008552631578947369
boe/speech/boe_2022-03-30_speech_ben_broadbent_812b6fda.txt,BOE,UK,speech,Ben Broadbent,2022-03-30,2022,1,2022-Q1,385,8765,22.766233766233768,0.18061725508534018,4.111974651488329,-0.006274957216200799,0.00045636052481460356,0.0,0.00011409013120365089,-0.00045636052481460356,0.00045636052481460356,0.0,-0.003080433542498574
boe/speech/boe_2022-03-31_speech_victoria_cleland_86790cb1.txt,BOE,UK,speech,Victoria Cleland,2022-03-31,2022,1,2022-Q1,147,3218,21.891156462585034,0.23668261562998405,5.181256170729855,0.0,0.00031075201988812925,0.0,0.0,0.00031075201988812925,-0.00031075201988812925,0.0,0.005593536357986327
boe/speech/boe_2022-04-04_speech_jon_cunliffe_be3c9e98.txt,BOE,UK,speech,Jon Cunliffe,2022-04-04,2022,2,2022-Q2,285,6484,22.750877192982458,0.1727258038455324,3.929663551348885,-0.007557063541024059,0.00015422578655151142,0.0,0.0,-0.0015422578655151142,-0.00015422578655151142,0.0,-0.001850709438618137
boe/speech/boe_2022-04-07_speech_sarah_breeden_a80f9c48.txt,BOE,UK,speech,Sarah Breeden,2022-04-07,2022,2,2022-Q2,102,2218,21.745098039215687,0.2012808783165599,4.376872432413038,0.0,0.0,0.0,0.0,0.0,0.0,0.0,0.0004508566275924256
boe/speech/boe_2022-04-26_speech_sam_woods_6a7d0b00.txt,BOE,UK,speech,Sam Woods,2022-04-26,2022,2,2022-Q2,185,4754,25.697297297297297,0.17106401384083045,4.3958828205368,0.0,0.0,-0.00021034917963819942,0.0,-0.00042069835927639884,0.0,0.0,-0.006520824568784182
boe/speech/boe_2022-04-28_speech_david_bailey_a24e12dd.txt,BOE,UK,speech,David Bailey,2022-04-28,2022,2,2022-Q2,102,3160,30.980392156862745,0.19768190598840954,6.124262969837002,0.0,0.0,0.0,0.0,0.0,0.0,0.0,-0.00031645569620253165
boe/speech/boe_2022-04-28_speech_sarah_breeden_a24d5429.txt,BOE,UK,speech,Sarah Breeden,2022-04-28,2022,2,2022-Q2,166,3457,20.825301204819276,0.19921639541892708,4.1487414395375355,-0.0002892681515765114,0.0,0.0,-0.0002892681515765114,0.0,0.0,-0.0002892681515765114,0.005206826728377205
boe/speech/boe_2022-05-19_speech_christina_segal_knowles_a191377f.txt,BOE,UK,speech,Christina Segal-Knowles,2022-05-19,2022,2,2022-Q2,119,2505,21.050420168067227,0.18579234972677597,3.9110070257611245,0.0,0.0,0.0,0.0,-0.0023952095808383233,0.0,-0.0003992015968063872,-0.003592814371257485
boe/speech/boe_2022-05-20_speech_huw_pill_05f0a40b.txt,BOE,UK,speech,Huw Pill,2022-05-20,2022,2,2022-Q2,281,5691,20.252669039145907,0.19735650914358138,3.9969960624061267,-0.011597258829731154,0.0,0.0,0.00017571604287471446,-0.0003514320857494289,-0.0003514320857494289,-0.0003514320857494289,0.00017571604287471446
boe/speech/boe_2022-05-23_speech_andrew_bailey_44c7ac3b.txt,BOE,UK,speech,Andrew Bailey,2022-05-23,2022,2,2022-Q2,25,529,21.16,0.12237093690248566,2.5893690248565964,-0.011342155009451797,0.0,0.0,0.0,-0.001890359168241966,0.0,0.0,-0.005671077504725898
boe/speech/boe_2022-05-24_speech_sam_woods_1b7cbee2.txt,BOE,UK,speech,Sam Woods,2022-05-24,2022,2,2022-Q2,154,3664,23.792207792207794,0.18407821229050278,4.37962707683378,0.0,0.0,0.0,-0.0002729257641921397,-0.0016375545851528383,0.0,0.0,-0.008460698689956333
boe/speech/boe_2022-05-26_speech_charlotte_gerken_89c7b680.txt,BOE,UK,speech,Charlotte Gerken,2022-05-26,2022,2,2022-Q2,149,4037,27.093959731543624,0.20834393284151614,5.644862126719468,0.0,0.0,0.0,0.0,-0.0014862521674510775,0.0,0.0,-0.002972504334902155
boe/speech/boe_2022-06-01_speech_andrew_hauser_7168caa6.txt,BOE,UK,speech,Andrew Hauser,2022-06-01,2022,2,2022-Q2,101,2731,27.03960396039604,0.17738275340393345,4.796359401446953,0.0,0.0,0.0,0.0,-0.0003661662394727206,0.0,0.0,-0.0007323324789454412
boe/speech/boe_2022-06-14_speech_charlotte_gerken_e6e67b0c.txt,BOE,UK,speech,Charlotte Gerken,2022-06-14,2022,2,2022-Q2,144,3185,22.118055555555557,0.23353678123996144,5.165379501731092,0.0,0.0,0.0,0.0,-0.0006279434850863422,0.0,0.0,-0.005337519623233909
boe/speech/boe_2022-06-24_speech_huw_pill_29c025e9.txt,BOE,UK,speech,Huw Pill,2022-06-24,2022,2,2022-Q2,396,7410,18.71212121212121,0.22584238373712057,4.225990059323392,-0.005128205128205128,0.0001349527665317139,0.0,0.0,0.0001349527665317139,0.0,0.0,0.0
boe/speech/boe_2022-06-29_speech_victoria_cleland_02e44ea3.txt,BOE,UK,speech,Victoria Cleland,2022-06-29,2022,2,2022-Q2,129,3037,23.54263565891473,0.23705530116238113,5.5809065862802445,0.0,0.0,0.0,0.0,0.0013170892327955218,0.0,0.0,0.0029634507737899243
boe/speech/boe_2022-07-06_speech_huw_pill_09f9b4f6.txt,BOE,UK,speech,Huw Pill,2022-07-06,2022,3,2022-Q3,266,5030,18.909774436090224,0.20868491459147973,3.946184663139635,-0.013518886679920477,0.0,0.0,0.00019880715705765408,-0.002385685884691849,-0.00019880715705765408,0.0,-0.002186878727634195
boe/speech/boe_2022-07-08_speech_sam_woods_4042993d.txt,BOE,UK,speech,Sam Woods,2022-07-08,2022,3,2022-Q3,185,5665,30.62162162162162,0.15754290876242097,4.824219341292512,0.0,0.000353045013239188,0.0,0.0,-0.001059135039717564,0.0,0.0,-0.002824360105913504
boe/speech/boe_2022-07-12_speech_andrew_bailey_c3ab6844.txt,BOE,UK,speech,Andrew Bailey,2022-07-12,2022,3,2022-Q3,551,7782,14.123411978221416,0.2088271352676747,2.949351663617141,-0.0020560267283474686,-0.00012850167052171679,0.00025700334104343357,0.0,-0.001799023387304035,0.0,-0.00012850167052171679,0.0020560267283474686
boe/speech/boe_2022-07-12_speech_jon_cunliffe_d38e78ec.txt,BOE,UK,speech,Jon Cunliffe,2022-07-12,2022,3,2022-Q3,125,3344,26.752,0.20499543100822418,5.484037770332013,-0.0005980861244019139,0.0,0.0002990430622009569,0.0,-0.0002990430622009569,0.0,-0.0002990430622009569,-0.005382775119617225
boe/speech/boe_2022-07-14_speech_victoria_saporta_7c68d4cc.txt,BOE,UK,speech,Victoria Saporta,2022-07-14,2022,3,2022-Q3,237,6037,25.47257383966245,0.20020693222969477,5.099785864433196,0.0,0.0,0.0,0.0,-0.002153387444094749,0.0,-0.0004969355640218651,-0.005963226768262382
boe/speech/boe_2022-07-19_speech_andrew_bailey_ac14ebd1.txt,BOE,UK,speech,Andrew Bailey,2022-07-19,2022,3,2022-Q3,105,2243,21.36190476190476,0.14311512415349886,3.0572116521552184,-0.00980829246544806,0.0,0.0,0.0,-0.0017833259028087382,0.0,0.0,-0.0035666518056174765
boe/speech/boe_2022-07-20_speech_nathana_l_benjamin_649a13a8.txt,BOE,UK,speech,Nathanaël Benjamin,2022-07-20,2022,3,2022-Q3,153,3189,20.84313725490196,0.196882951653944,4.103658384473382,0.0,0.0,0.0006271558482282847,0.0,-0.0015678896205707118,0.0,0.0,-0.008780181875195987
boe/speech/boe_2022-09-20_speech_charlotte_gerken_ef9f9ae5.txt,BOE,UK,speech,Charlotte Gerken,2022-09-20,2022,3,2022-Q3,173,3747,21.658959537572255,0.24525185796862098,5.311900068256779,-0.0002668801708033093,0.0,-0.0008006405124099279,0.0,-0.0026688017080330933,0.0,0.0,-0.017347211102215106
boe/speech/boe_2022-09-27_speech_victoria_saporta_ab3bed25.txt,BOE,UK,speech,Victoria Saporta,2022-09-27,2022,3,2022-Q3,143,3257,22.776223776223777,0.2313551253570295,5.269396106908008,0.0,0.0,0.00092109303039607,0.0,0.0012281240405280934,0.0,0.0,0.0092109303039607
boe/speech/boe_2022-09-29_speech_david_ramsden_fb0965cd.txt,BOE,UK,speech,David Ramsden,2022-09-29,2022,3,2022-Q3,110,2838,25.8,0.20168067226890757,5.203361344537815,0.0,0.0,0.0035236081747709656,0.0,-0.00035236081747709656,0.0,0.0,-0.00035236081747709656
boe/speech/boe_2022-09-29_speech_huw_pill_dc3c52b6.txt,BOE,UK,speech,Huw Pill,2022-09-29,2022,3,2022-Q3,97,2158,22.24742268041237,0.206296992481203,4.589576389427176,-0.0018535681186283596,0.0,0.0,0.0,-0.0004633920296570899,0.0,-0.0004633920296570899,0.0004633920296570899
boe/speech/boe_2022-10-07_speech_david_ramsden_5c3e9450.txt,BOE,UK,speech,David Ramsden,2022-10-07,2022,4,2022-Q4,179,4467,24.955307262569832,0.1839480398979355,4.590479856000435,-0.014551152899037386,0.0,0.0,0.00022386389075442132,-0.0017909111260353706,-0.00044772778150884264,0.0,-0.00022386389075442132
boe/speech/boe_2022-10-12_speech_huw_pill_78ff34bc.txt,BOE,UK,speech,Huw Pill,2022-10-12,2022,4,2022-Q4,154,3553,23.071428571428573,0.22339514978601996,5.154045241491747,-0.009006473402758232,0.0,0.0,0.0005629045876723895,-0.0025330706445257528,0.0,-0.0005629045876723895,-0.005629045876723895
boe/speech/boe_2022-10-15_speech_andrew_bailey_000dec1b.txt,BOE,UK,speech,Andrew Bailey,2022-10-15,2022,4,2022-Q4,90,1838,20.42222222222222,0.1604869950193691,3.2775010760622267,-0.008161044613710556,0.0,0.0,0.0,0.0,0.0,-0.000544069640914037,-0.004352557127312296
boe/speech/boe_2022-10-20_speech_ben_broadbent_86acc623.txt,BOE,UK,speech,Ben Broadbent,2022-10-20,2022,4,2022-Q4,315,6621,21.01904761904762,0.16379711493718008,3.4428593587272043,-0.010270351910587524,0.00015103458692040478,0.0,0.0006041383476816191,-0.0015103458692040477,-0.00015103458692040478,0.0,0.00015103458692040478
boe/speech/boe_2022-10-27_speech_sam_woods_330c9db1.txt,BOE,UK,speech,Sam Woods,2022-10-27,2022,4,2022-Q4,159,3449,21.69182389937107,0.2076032076032076,4.5032922202733525,0.0,0.0017396346767178893,0.0,0.0,0.00028993911278631486,0.0,0.0,0.008118295158016816
boe/speech/boe_2022-11-07_speech_sarah_breeden_fe0c1761.txt,BOE,UK,speech,Sarah Breeden,2022-11-07,2022,4,2022-Q4,219,5027,22.95433789954338,0.2119028006589786,4.864088488185778,-0.00019892580067634773,0.00019892580067634773,0.0,0.0,0.0,0.0,-0.0007957032027053909,-0.006763477222995823
boe/speech/boe_2022-11-14_speech_david_ramsden_83546b76.txt,BOE,UK,speech,David Ramsden,2022-11-14,2022,4,2022-Q4,81,2277,28.11111111111111,0.20136986301369864,5.660730593607306,-0.0004391743522178305,0.0,0.0,0.0,0.0,0.0,0.0,0.001756697408871322
boe/speech/boe_2022-11-21_speech_jon_cunliffe_499269c6.txt,BOE,UK,speech,Jon Cunliffe,2022-11-21,2022,4,2022-Q4,159,3904,24.553459119496857,0.21637729981860584,5.312811185483254,0.0,0.0,0.0,0.0,-0.0015368852459016393,0.0,-0.00025614754098360657,-0.0020491803278688526
boe/speech/boe_2022-11-23_speech_huw_pill_55a1ba71.txt,BOE,UK,speech,Huw Pill,2022-11-23,2022,4,2022-Q4,244,5147,21.09426229508197,0.22037296972127532,4.6486052260467385,-0.006605789780454634,-0.00019428793471925395,0.0,0.00019428793471925395,0.0003885758694385079,0.0003885758694385079,-0.0007771517388770158,-0.005051486302700602
boe/speech/boe_2022-11-24_speech_david_ramsden_653bfb65.txt,BOE,UK,speech,David Ramsden,2022-11-24,2022,4,2022-Q4,194,5338,27.515463917525775,0.20008027292795505,5.5053015303578565,-0.015548894717122518,-0.0007493443237167478,0.0,0.0009366804046459348,-0.004496065942300487,0.0,0.0,-0.004683402023229674
boe/speech/boe_2023-01-09_speech_huw_pill_c04abae9.txt,BOE,UK,speech,Huw Pill,2023-01-09,2023,1,2023-Q1,175,4750,27.142857142857142,0.2026911576249466,5.501617135534265,-0.012,0.0,0.0,0.0002105263157894737,-0.0010526315789473684,0.0,0.0,-0.004842105263157895
boe/speech/boe_2023-02-07_speech_jon_cunliffe_e1db047c.txt,BOE,UK,speech,Jon Cunliffe,2023-02-07,2023,1,2023-Q1,230,5173,22.491304347826087,0.18777120315581855,4.223219277934997,0.0,0.0,0.0,0.0,-0.0005799342741156003,0.0,0.0,0.0015464913976416005
boe/speech/boe_2023-02-16_speech_huw_pill_c1c128a2.txt,BOE,UK,speech,Huw Pill,2023-02-16,2023,1,2023-Q1,146,2787,19.089041095890412,0.20848708487084872,3.979818531062023,-0.00897021887334051,0.0,0.0,0.0007176175098672408,-0.0014352350197344816,-0.002152852529601722,0.0,0.0003588087549336204
boe/speech/boe_2023-02-27_speech_victoria_saporta_63f1b3f8.txt,BOE,UK,speech,Victoria Saporta,2023-02-27,2023,1,2023-Q1,199,4152,20.8643216080402,0.22485059760956175,4.691355182285931,0.0,0.0004816955684007707,0.000722543352601156,0.0,0.0004816955684007707,0.0,0.0,0.005780346820809248
boe/speech/boe_2023-03-01_speech_andrew_bailey_864e7966.txt,BOE,UK,speech,Andrew Bailey,2023-03-01,2023,1,2023-Q1,123,2483,20.1869918699187,0.1343467543138866,2.712056837084394,-0.011679420056383408,0.0,0.0,0.0,-0.0008054772452678212,-0.0008054772452678212,0.0,-0.004027386226339106
boe/speech/boe_2023-03-03_speech_andrew_hauser_7b52c3fb.txt,BOE,UK,speech,Andrew Hauser,2023-03-03,2023,1,2023-Q1,172,4999,29.063953488372093,0.21175257731958763,6.15436705825941,-0.00020004000800160032,0.0,0.0,0.0,0.00020004000800160032,0.0,-0.002000400080016003,-0.0028005601120224045
boe/speech/boe_2023-03-09_speech_sarah_breeden_92e7a2be.txt,BOE,UK,speech,Sarah Breeden,2023-03-09,2023,1,2023-Q1,410,5125,12.5,0.21228822208614004,2.6536027760767507,-0.0005853658536585366,0.0001951219512195122,0.0,0.0,0.0,-0.0001951219512195122,-0.0001951219512195122,0.0007804878048780488
boe/speech/boe_2023-03-27_speech_andrew_bailey_52993645.txt,BOE,UK,speech,Andrew Bailey,2023-03-27,2023,1,2023-Q1,238,4876,20.48739495798319,0.1652754590984975,3.386063607412915,-0.007793273174733388,0.00041017227235438887,0.00020508613617719443,0.00020508613617719443,-0.0008203445447087777,0.0,0.0,0.0008203445447087777
boe/speech/boe_2023-03-29_speech_victoria_cleland_e6a3ba24.txt,BOE,UK,speech,Victoria Cleland,2023-03-29,2023,1,2023-Q1,28,876,31.285714285714285,0.25880923450789795,8.09703176531852,0.0,0.0,0.0,0.0,-0.001141552511415525,0.0,0.0,0.001141552511415525
boe/speech/boe_2023-04-04_speech_huw_pill_dd299a48.txt,BOE,UK,speech,Huw Pill,2023-04-04,2023,2,2023-Q2,294,6313,21.472789115646258,0.22635962763351297,4.860572548470637,-0.022018057975605892,0.0,0.0001584032947885316,0.0,-0.0004752098843655948,-0.0001584032947885316,0.0,-0.0004752098843655948
boe/speech/boe_2023-04-12_speech_andrew_bailey_c7e66b01.txt,BOE,UK,speech,Andrew Bailey,2023-04-12,2023,2,2023-Q2,135,3010,22.296296296296298,0.15254237288135594,3.4011299435028253,-0.0009966777408637873,0.0,0.0,0.0,0.0,0.0,0.0,0.000664451827242525
boe/speech/boe_2023-04-17_speech_jon_cunliffe_b70db853.txt,BOE,UK,speech,Jon Cunliffe,2023-04-17,2023,2,2023-Q2,230,5337,23.204347826086956,0.19557758292032024,4.538250261068474,0.0,0.0,0.00018737118231216038,0.0,-0.00037474236462432077,0.0,0.0,0.002810567734682406
boe/speech/boe_2023-04-18_speech_sarah_breeden_30a45580.txt,BOE,UK,speech,Sarah Breeden,2023-04-18,2023,2,2023-Q2,143,2927,20.46853146853147,0.19573575672841664,4.006423496112417,-0.00034164673727365904,0.0,0.0,0.0,-0.0010249402118209772,0.0,0.0,-0.0020498804236419544
boe/speech/boe_2023-04-25_speech_ben_broadbent_8359bae9.txt,BOE,UK,speech,Ben Broadbent,2023-04-25,2023,2,2023-Q2,466,10202,21.892703862660944,0.17384739279243003,3.8059894877003675,-0.0063712997451480105,0.00019603999215840032,0.0,0.0,0.0,0.0,0.0,0.002548519898059204
boe/speech/boe_2023-04-27_speech_charlotte_gerken_607d528a.txt,BOE,UK,speech,Charlotte Gerken,2023-04-27,2023,2,2023-Q2,153,3679,24.045751633986928,0.2539149888143177,6.105576757175652,-0.0002718129926610492,0.0,0.0,0.0,-0.0010872519706441968,0.0,0.0,0.0
boe/speech/boe_2023-04-27_speech_sarah_breeden_b47ccf0d.txt,BOE,UK,speech,Sarah Breeden,2023-04-27,2023,2,2023-Q2,144,3202,22.23611111111111,0.22535211267605634,5.010954616588419,0.0,0.0012492192379762648,0.0,0.0,-0.0003123048094940662,0.0,-0.0003123048094940662,0.0021861336664584633
boe/speech/boe_2023-05-04_speech_david_bailey_68736775.txt,BOE,UK,speech,David Bailey,2023-05-04,2023,2,2023-Q2,118,3222,27.305084745762713,0.20441458733205375,5.581557630371841,-0.000931098696461825,0.0,0.0,0.00031036623215394165,-0.00031036623215394165,0.0,0.0,0.0031036623215394167
boe/speech/boe_2023-05-17_speech_andrew_bailey_1174bee5.txt,BOE,UK,speech,Andrew Bailey,2023-05-17,2023,2,2023-Q2,132,3113,23.583333333333332,0.16235679214402618,3.8289143480632837,-0.01638291037584324,-0.00032123353678124,0.0,0.00032123353678124,-0.0016061676839061998,-0.00064246707356248,0.0,0.00128493414712496
boe/speech/boe_2023-06-16_speech_sarah_breeden_f2ce9cdc.txt,BOE,UK,speech,Sarah Breeden,2023-06-16,2023,2,2023-Q2,160,3195,19.96875,0.21662877557648588,4.3258058622929525,0.0,0.0,0.0,0.0,-0.0012519561815336462,0.0,-0.00031298904538341156,0.00031298904538341156
boe/speech/boe_2023-06-29_speech_victoria_cleland_54e58a5d.txt,BOE,UK,speech,Victoria Cleland,2023-06-29,2023,2,2023-Q2,154,3138,20.376623376623378,0.2473404255319149,5.039962696877591,0.0,0.0,0.0,0.0,0.0,0.0,0.0,0.006054811982154238
boe/speech/boe_2023-07-10_speech_andrew_bailey_6c8bdc14.txt,BOE,UK,speech,Andrew Bailey,2023-07-10,2023,3,2023-Q3,155,3325,21.451612903225808,0.15191024863553668,3.2587198497623193,-0.004210526315789474,-0.0003007518796992481,0.0003007518796992481,0.0003007518796992481,-0.0006015037593984962,-0.0003007518796992481,0.0,0.0036090225563909775
boe/speech/boe_2023-07-19_speech_david_ramsden_7fd6a525.txt,BOE,UK,speech,David Ramsden,2023-07-19,2023,3,2023-Q3,233,5808,24.92703862660944,0.1830077074744578,4.561840193183051,-0.0030991735537190084,0.0,0.0,0.0003443526170798898,-0.0003443526170798898,0.0,0.0,-0.0008608815426997245
boe/speech/boe_2023-07-20_speech_victoria_cleland_5fb1e9b6.txt,BOE,UK,speech,Victoria Cleland,2023-07-20,2023,3,2023-Q3,86,1971,22.91860465116279,0.2445141065830721,5.60392214040971,0.0,0.0,0.0,0.0,0.0010147133434804667,0.0,0.0,0.0076103500761035
boe/speech/boe_2023-08-26_speech_ben_broadbent_82d14438.txt,BOE,UK,speech,Ben Broadbent,2023-08-26,2023,3,2023-Q3,354,7710,21.779661016949152,0.17509727626459143,3.813559322033898,-0.005706874189364461,0.0005188067444876783,0.0,0.0014267185473411154,-0.002723735408560311,-0.0006485084306095979,0.0,0.003501945525291829
boe/speech/boe_2023-09-19_speech_victoria_saporta_71cb7be4.txt,BOE,UK,speech,Victoria Saporta,2023-09-19,2023,3,2023-Q3,168,3820,22.738095238095237,0.24709066305818675,5.618371029061151,0.0,0.0005235602094240838,0.0018324607329842932,0.0,0.0010471204188481676,0.0,0.0,0.010471204188481676
boe/speech/boe_2023-09-28_speech_andrew_hauser_1e09ea0f.txt,BOE,UK,speech,Andrew Hauser,2023-09-28,2023,3,2023-Q3,131,4554,34.76335877862596,0.2242521123544188,7.795756638641399,0.0,0.0,0.0,0.0,0.0004391743522178305,0.0,-0.0010979358805445762,-0.001756697408871322
boe/speech/boe_2023-10-06_speech_luigi_federico_signorini_6d25baf3.txt,BOE,UK,speech,Luigi Federico Signorini,2023-10-06,2023,4,2023-Q4,73,1466,20.08219178082192,0.22804532577903683,4.57964996701463,-0.0006821282401091405,0.0,0.0,0.0,0.0,-0.001364256480218281,0.0,0.0
boe/speech/boe_2023-10-10_speech_bank_of_england_c0a6aef3.txt,BOE,UK,speech,Bank of England,2023-10-10,2023,4,2023-Q4,120,1810,15.083333333333334,0.2026255707762557,3.0562690258751903,-0.0005524861878453039,0.0,0.0,0.0,-0.0011049723756906078,0.0,0.0,-0.0022099447513812156
boe/speech/boe_2023-10-16_speech_sam_woods_77ff6f57.txt,BOE,UK,speech,Sam Woods,2023-10-16,2023,4,2023-Q4,253,5725,22.628458498023715,0.17939068100358424,4.059334580021817,-0.00017467248908296942,0.0,0.0,0.0,-0.00034934497816593884,0.0,0.0,-0.00034934497816593884
boe/speech/boe_2023-10-26_speech_jon_cunliffe_d15b2584.txt,BOE,UK,speech,Jon Cunliffe,2023-10-26,2023,4,2023-Q4,242,6910,28.553719008264462,0.20967257434665065,5.986931771633702,0.0,0.0,0.0002894356005788712,0.0,0.0001447178002894356,0.0,0.0,0.0020260492040520984
boe/speech/boe_2023-10-31_speech_victoria_cleland_a94efc4e.txt,BOE,UK,speech,Victoria Cleland,2023-10-31,2023,4,2023-Q4,91,2168,23.824175824175825,0.25036109773712084,5.964646812022835,0.0,0.0,0.00046125461254612545,0.0,0.0,0.0,0.0,0.007380073800738007
boe/speech/boe_2023-11-03_speech_andrew_hauser_74a20238.txt,BOE,UK,speech,Andrew Hauser,2023-11-03,2023,4,2023-Q4,208,5986,28.778846153846153,0.18789363191042688,5.407361926037574,-0.0003341129301703976,0.0001670564650851988,0.0,0.0,-0.0006682258603407952,-0.0001670564650851988,-0.0003341129301703976,-0.0036752422318743734
boe/speech/boe_2023-11-08_speech_andrew_bailey_13ae1dcc.txt,BOE,UK,speech,Andrew Bailey,2023-11-08,2023,4,2023-Q4,98,1977,20.1734693877551,0.17971163748712668,3.6254072174698924,0.0,0.0005058168942842691,0.0,0.0,0.0005058168942842691,-0.0005058168942842691,0.0,0.0
boe/speech/boe_2023-11-16_speech_david_ramsden_ed6b21e2.txt,BOE,UK,speech,David Ramsden,2023-11-16,2023,4,2023-Q4,152,4081,26.848684210526315,0.24434957307885485,6.560464524571096,-0.0007351139426611125,-0.0002450379808870375,0.0,0.0,-0.00098015192354815,-0.001470227885322225,-0.000490075961774075,-0.009066405292820387
boe/speech/boe_2023-11-17_speech_david_ramsden_ecacc282.txt,BOE,UK,speech,David Ramsden,2023-11-17,2023,4,2023-Q4,216,5727,26.51388888888889,0.20512347954294138,5.438621145103821,-0.015191199580932426,0.0006984459577440195,0.0,0.0010476689366160294,-0.001746114894360049,-0.001396891915488039,0.0,0.004539898725336127
boe/speech/boe_2023-11-20_speech_andrew_bailey_64aae181.txt,BOE,UK,speech,Andrew Bailey,2023-11-20,2023,4,2023-Q4,362,6842,18.900552486187845,0.1474625944778652,2.787124506678325,-0.010815551008477054,-0.00014615609470914936,0.00014615609470914936,0.00029231218941829873,-0.0010230926629640456,-0.00029231218941829873,0.0,0.0004384682841274481
boe/speech/boe_2023-11-23_speech_nathana_l_benjamin_d71a6d75.txt,BOE,UK,speech,Nathanaël Benjamin,2023-11-23,2023,4,2023-Q4,174,4137,23.775862068965516,0.21100691016781836,5.016871191748646,0.0,0.0,0.00024172105390379503,0.0,0.0014503263234227702,0.0,0.0,0.006043026347594876
boe/speech/boe_2023-12-15_speech_david_ramsden_aa4ec380.txt,BOE,UK,speech,David Ramsden,2023-12-15,2023,4,2023-Q4,181,4424,24.441988950276244,0.21441689623507806,5.240775408530306,0.0,0.0,0.0,0.0,0.0009041591320072332,0.0,0.0,-0.002938517179023508
boe/speech/boe_2023-12-18_speech_ben_broadbent_012bca9f.txt,BOE,UK,speech,Ben Broadbent,2023-12-18,2023,4,2023-Q4,326,6948,21.312883435582823,0.16953426283002077,3.6132639820336943,-0.005613126079447323,0.0015831894070236039,0.0,0.004605641911341394,-0.00489349453080023,0.0,0.0,0.010650546919976972
boe/speech/boe_2023-12-19_speech_sarah_breeden_72deae1c.txt,BOE,UK,speech,Sarah Breeden,2023-12-19,2023,4,2023-Q4,226,4809,21.278761061946902,0.20461405778352737,4.353933645491075,-0.022249948014140153,0.0,0.0,0.0012476606363069245,-0.004366812227074236,-0.0006238303181534623,0.0,-0.003535038469536286
boe/speech/boe_2024-01-25_speech_cleland_3c04e92c.txt,BOE,,speech,,2024-01-25,2024,1,2024-Q1,91,2198,24.153846153846153,0.2600749765698219,6.281810972532622,0.0,0.0,0.0009099181073703367,0.0,0.001364877161055505,0.0,0.0,0.00545950864422202
boe/speech/boe_2024-01-29_speech_foulger_94fd0a0a.txt,BOE,,speech,,2024-01-29,2024,1,2024-Q1,90,2306,25.622222222222224,0.2279541446208113,5.840691749951009,0.0,0.0004336513443191674,0.0,0.0,0.0004336513443191674,-0.0004336513443191674,-0.0013009540329575022,-0.005203816131830009
boe/speech/boe_2024-02-07_speech_breeden_6e88414f.txt,BOE,,speech,,2024-02-07,2024,1,2024-Q1,71,1735,24.43661971830986,0.18841427735517846,4.604208045228657,-0.017867435158501442,0.0,0.0,0.00345821325648415,-0.004034582132564841,0.0,0.0,0.0011527377521613833
boe/speech/boe_2024-02-07_speech_sarah_breeden_64b04181.txt,BOE,UK,speech,Sarah Breeden,2024-02-07,2024,1,2024-Q1,121,2659,21.975206611570247,0.1932740626207963,4.247237458749565,-0.016171493042497178,0.000376081233546446,0.0,0.0026325686348251222,-0.0026325686348251222,0.0,0.0,0.0052651372696502444
boe/speech/boe_2024-02-08_speech_mann_391548e6.txt,BOE,,speech,,2024-02-08,2024,1,2024-Q1,130,3179,24.453846153846154,0.2206172028890348,5.3949391383403205,-0.03208556149732621,0.0,0.0,0.00031456432840515884,-0.00031456432840515884,0.0006291286568103177,0.0,0.0012582573136206354
boe/speech/boe_2024-02-12_speech_andrew_bailey_fe1a6fb4.txt,BOE,UK,speech,Andrew Bailey,2024-02-12,2024,1,2024-Q1,234,5168,22.085470085470085,0.1342042755344418,2.9639645126580993,0.0,0.0001934984520123839,0.0,0.0,-0.0003869969040247678,-0.0001934984520123839,0.0,-0.0013544891640866873
boe/speech/boe_2024-02-12_speech_bailey_891b94f3.txt,BOE,,speech,,2024-02-12,2024,1,2024-Q1,228,5009,21.969298245614034,0.13363210429822775,2.9358035545167667,0.0,0.0,0.0,0.0,-0.0003992812936713915,-0.00019964064683569574,0.0,-0.0009982032341784787
boe/speech/boe_2024-02-15_speech_greene_2ef33015.txt,BOE,,speech,,2024-02-15,2024,1,2024-Q1,152,3130,20.592105263157894,0.17629482071713148,3.6302815055567206,-0.01757188498402556,0.0012779552715654952,0.0,0.0022364217252396168,-0.0006389776357827476,-0.001597444089456869,0.0,0.012140575079872205
boe/speech/boe_2024-02-21_speech_dhingra_de8ee8da.txt,BOE,,speech,,2024-02-21,2024,1,2024-Q1,175,4419,25.251428571428573,0.19860877908371313,5.015155398691019,-0.021950667571848836,0.00045259108395564606,0.0,0.0022629554197782305,-0.0006788866259334691,-0.0011314777098891152,0.0,0.0009051821679112921
boe/speech/boe_2024-02-27_speech_david_ramsden_b0a79e90.txt,BOE,UK,speech,David Ramsden,2024-02-27,2024,1,2024-Q1,173,5049,29.184971098265898,0.1965412004069176,5.736049253494376,-0.0011883541295306002,0.0,0.00019805902158843335,0.0,0.00019805902158843335,-0.00019805902158843335,0.0,0.0007922360863537334
boe/speech/boe_2024-02-27_speech_ramsden_3efeccc3.txt,BOE,,speech,,2024-02-27,2024,1,2024-Q1,136,4144,30.470588235294116,0.18691358024691357,5.695366739288307,-0.0014478764478764478,0.0,0.00024131274131274132,0.0,0.00024131274131274132,-0.00024131274131274132,0.0,0.0007239382239382239
boe/speech/boe_2024-03-01_speech_pill_e6c98c33.txt,BOE,,speech,,2024-03-01,2024,1,2024-Q1,179,4886,27.29608938547486,0.23808537090758392,6.498799565667347,-0.014940646745804339,0.00020466639377814163,0.0,0.00020466639377814163,0.00040933278755628325,-0.00040933278755628325,0.0,-0.0014326647564469914
boe/speech/boe_2024-03-06_speech_truran_976272dd.txt,BOE,,speech,,2024-03-06,2024,1,2024-Q1,104,2607,25.067307692307693,0.2299610894941634,5.764505387608501,0.0,0.0,0.0,0.0,0.0,0.0,0.0,-0.0034522439585730723
boe/speech/boe_2024-03-07_speech_benford_e4a9c376.txt,BOE,,speech,,2024-03-07,2024,1,2024-Q1,154,3719,24.149350649350648,0.20383036935704515,4.92237106258994,-0.0005377789728421619,0.0,0.0034955633234740524,0.0,0.0,0.0,0.0,0.0013444474321054048
boe/speech/boe_2024-03-12_speech_butt_b3ddb8a3.txt,BOE,,speech,,2024-03-12,2024,1,2024-Q1,47,1556,33.1063829787234,0.19453697534976683,6.440415609451855,0.0,0.0,0.0,0.0,0.0,0.0,-0.0006426735218508997,-0.0006426735218508997
boe/speech/boe_2024-04-15_speech_breeden_ec6e94d0.txt,BOE,,speech,,2024-04-15,2024,2,2024-Q2,136,4496,33.05882352941177,0.20935513169845596,6.921034353796015,0.0,0.0,0.0,0.0,-0.00022241992882562276,0.0,-0.00044483985765124553,0.002001779359430605
boe/speech/boe_2024-04-15_speech_sarah_breeden_12d1d985.txt,BOE,UK,speech,Sarah Breeden,2024-04-15,2024,2,2024-Q2,189,5468,28.93121693121693,0.21071361678216893,6.096201357486242,0.0,0.0,0.0,0.0,-0.000182882223847842,0.0,-0.000365764447695684,0.0021945866861741038
boe/speech/boe_2024-04-19_speech_david_ramsden_4c5efab0.txt,BOE,UK,speech,David Ramsden,2024-04-19,2024,2,2024-Q2,146,3873,26.527397260273972,0.21377995642701525,5.671025830423494,-0.026077975729408728,-0.0005163955589981926,0.0,0.0,-0.0005163955589981926,-0.000774593338497289,0.0,0.0036147689129873485
boe/speech/boe_2024-04-19_speech_ramsden_fadd39f7.txt,BOE,,speech,,2024-04-19,2024,2,2024-Q2,113,3178,28.123893805309734,0.20921052631578949,5.883814625058221,-0.028319697923222153,-0.0006293266205160479,0.0,0.0,-0.0006293266205160479,-0.0009439899307740718,0.0,0.0006293266205160479
boe/speech/boe_2024-04-22_speech_benjamin_3ee556ce.txt,BOE,,speech,,2024-04-22,2024,2,2024-Q2,198,4106,20.737373737373737,0.21073558648111332,4.370102616623491,0.0,0.0,0.0,0.0,0.00024354603019970775,-0.00024354603019970775,0.0,-0.0004870920603994155
boe/speech/boe_2024-04-23_speech_jackson_fe159d4b.txt,BOE,,speech,,2024-04-23,2024,2,2024-Q2,102,2771,27.166666666666668,0.2137126185266229,5.805859469973256,0.0,0.0,0.0,0.0,0.0,0.0,0.0,-0.012630819198845183
boe/speech/boe_2024-04-23_speech_pill_ae823df9.txt,BOE,,speech,,2024-04-23,2024,2,2024-Q2,149,3356,22.523489932885905,0.2288721804511278,5.155000252308623,-0.0166865315852205,0.0,0.0,0.0,0.0,-0.0005959475566150178,0.0,-0.0017878426698450535
boe/speech/boe_2024-04-25_speech_leaman_688df7be.txt,BOE,,speech,,2024-04-25,2024,2,2024-Q2,147,3660,24.897959183673468,0.21434528773978315,5.336760225357866,0.0,0.0,0.0,0.0,0.001092896174863388,0.0,0.0,0.005737704918032787
boe/speech/boe_2024-04-30_speech_mills_df823351.txt,BOE,,speech,,2024-04-30,2024,2,2024-Q2,126,3314,26.3015873015873,0.22915398660986,6.027113584326,0.0,0.0,0.0009052504526252263,0.0,0.0,0.0,0.0,-0.002112251056125528
boe/speech/boe_2024-05-07_speech_hall_8554fa2f.txt,BOE,,speech,,2024-05-07,2024,2,2024-Q2,265,5593,21.10566037735849,0.20927684441197955,4.4169260030045345,0.0,0.0,0.0050062578222778474,0.0,-0.00035758984444841767,0.0,0.0,0.0028607187555873413
boe/speech/boe_2024-05-10_speech_dhingra_1dd4707e.txt,BOE,,speech,,2024-05-10,2024,2,2024-Q2,84,2142,25.5,0.24195871339414307,6.169947191550649,-0.009337068160597572,0.0,0.0,0.00046685340802987864,-0.0018674136321195146,0.0,0.0,-0.0032679738562091504
boe/speech/boe_2024-05-16_speech_greene_273536c0.txt,BOE,,speech,,2024-05-16,2024,2,2024-Q2,159,3361,21.138364779874212,0.18606079214000615,3.9330208954878025,-0.007438262421898245,0.0,0.0,0.0035703659625111574,-0.0008925914906277894,-0.0011901219875037191,0.0,0.003867896459387087
boe/speech/boe_2024-05-20_speech_ben_broadbent_388a243d.txt,BOE,UK,speech,Ben Broadbent,2024-05-20,2024,2,2024-Q2,202,4751,23.519801980198018,0.16351380734942378,3.8458123698866946,-0.010945064197011155,0.0006314460113660282,0.0,0.00021048200378867606,-0.0014733740265207324,-0.00021048200378867606,-0.00021048200378867606,0.0012628920227320563
boe/speech/boe_2024-05-20_speech_broadbent_b77a2fb3.txt,BOE,,speech,,2024-05-20,2024,2,2024-Q2,153,4007,26.18954248366013,0.15926021063447213,4.170952052368168,-0.010980783628649862,0.0007486897928624906,0.0,0.0002495632642874969,-0.0012478163214374844,-0.0002495632642874969,-0.0002495632642874969,-0.0002495632642874969
boe/speech/boe_2024-05-21_speech_andrew_bailey_80c2ac06.txt,BOE,UK,speech,Andrew Bailey,2024-05-21,2024,2,2024-Q2,330,7619,23.087878787878786,0.17204877395149404,3.9722412385952515,-0.00039375246095288093,0.0,0.0,0.0,-0.000131250820317627,0.0,0.0,-0.0015750098438115237
boe/speech/boe_2024-05-21_speech_bailey_d3d98b4d.txt,BOE,,speech,,2024-05-21,2024,2,2024-Q2,305,7018,23.009836065573772,0.17155297532656022,3.947405838825573,-0.0004274722143060701,0.0,0.0,0.0,-0.00014249073810202338,0.0,0.0,-0.0017098888572242804
boe/speech/boe_2024-05-21_speech_kroszner_b1a3aae6.txt,BOE,,speech,,2024-05-21,2024,2,2024-Q2,105,3335,31.761904761904763,0.23698714023270054,7.527162977867203,0.0,0.0005997001499250374,0.011394302848575712,0.0,-0.0005997001499250374,0.0,0.0,0.008095952023988006
boe/speech/boe_2024-05-21_speech_mills_178d4537.txt,BOE,,speech,,2024-05-21,2024,2,2024-Q2,99,2221,22.434343434343436,0.24862637362637363,5.577769452769453,0.0,0.0,0.0,0.0,0.0009004952723998199,0.0,0.0,0.0036019810895992796
boe/speech/boe_2024-07-08_speech_benford_c0a08b70.txt,BOE,,speech,,2024-07-08,2024,3,2024-Q3,114,2858,25.07017543859649,0.20665251238499646,5.180814740318596,0.0,0.0,0.004548635409377187,0.0,0.0003498950314905528,0.0,0.0,0.004548635409377187
boe/speech/boe_2024-07-08_speech_haskel_0f59a2af.txt,BOE,,speech,,2024-07-08,2024,3,2024-Q3,355,7718,21.740845070422534,0.17261172611726117,3.752724794853582,-0.02319253692666494,-0.0001295672454003628,0.0,0.0033687483804094327,-0.00038870173620108835,-0.0001295672454003628,0.0,0.002591344908007256
boe/speech/boe_2024-07-09_speech_cleland_f676efb4.txt,BOE,,speech,,2024-07-09,2024,3,2024-Q3,59,1454,24.64406779661017,0.23617021276595745,5.820194734944104,0.0,0.0,0.000687757909215956,0.0,0.001375515818431912,0.0,0.0,0.004814305364511692
boe/speech/boe_2024-07-09_speech_truran_61a68ef4.txt,BOE,,speech,,2024-07-09,2024,3,2024-Q3,130,3345,25.73076923076923,0.2096822995461422,5.395286861398812,0.0,0.0005979073243647235,0.0,0.0,0.0005979073243647235,0.0,0.0,0.0017937219730941704
boe/speech/boe_2024-07-10_speech_kyei_fafc423c.txt,BOE,,speech,,2024-07-10,2024,3,2024-Q3,76,1181,15.539473684210526,0.13448275862068965,2.089791288566243,0.0,0.0,0.0,0.0,0.0,0.0,0.0,0.0
boe/speech/boe_2024-07-10_speech_pill_0f7e9f0c.txt,BOE,,speech,,2024-07-10,2024,3,2024-Q3,115,2910,25.304347826086957,0.23068893528183715,5.83743305800127,-0.01718213058419244,0.0,0.0003436426116838488,0.0003436426116838488,-0.0003436426116838488,-0.0013745704467353953,0.0,-0.001718213058419244
boe/speech/boe_2024-07-18_speech_benjamin_a0556dce.txt,BOE,,speech,,2024-07-18,2024,3,2024-Q3,217,4985,22.972350230414747,0.24767032511907228,5.689569450316015,0.0,0.0,0.0,0.0,0.00020060180541624874,0.0,-0.0008024072216649949,-0.0050150451354062184
boe/speech/boe_2024-07-22_speech_saporta_5ca63ac9.txt,BOE,,speech,,2024-07-22,2024,3,2024-Q3,182,5313,29.192307692307693,0.18869750338687827,5.508515579640023,-0.00018821757952192734,0.0,0.0,0.0,-0.001129305477131564,0.0,0.00018821757952192734,-0.00018821757952192734
boe/speech/boe_2024-08-23_speech_andrew_bailey_a55264c5.txt,BOE,UK,speech,Andrew Bailey,2024-08-23,2024,3,2024-Q3,177,4057,22.92090395480226,0.19387242591662482,4.4437312539194735,-0.013803302933201873,-0.0004929751047572097,0.0,-0.00024648755237860487,-0.002464875523786049,-0.0004929751047572097,0.0,-0.003697313285679073
boe/speech/boe_2024-08-23_speech_bailey_78bed28f.txt,BOE,,speech,,2024-08-23,2024,3,2024-Q3,165,3802,23.042424242424243,0.19180283953924457,4.419602399564896,-0.013940031562335612,-0.0005260389268805891,0.0,-0.0002630194634402946,-0.0026301946344029457,-0.0005260389268805891,0.0,-0.003945291951604419
boe/speech/boe_2024-09-10_speech_breeden_878a4262.txt,BOE,,speech,,2024-09-10,2024,3,2024-Q3,135,3811,28.22962962962963,0.22123655913978493,6.245426125049781,0.0005247966413014956,0.001574389923904487,0.0,0.0,0.0,0.0,0.0,0.0013119916032537393
boe/speech/boe_2024-09-10_speech_sarah_breeden_0d0052ef.txt,BOE,UK,speech,Sarah Breeden,2024-09-10,2024,3,2024-Q3,337,7555,22.41839762611276,0.22434853420195439,5.029534646574971,0.00013236267372600927,0.0021178027796161483,0.0,0.0,-0.00013236267372600927,-0.00013236267372600927,-0.00013236267372600927,0.0017207147584381204
boe/speech/boe_2024-09-12_speech_evans_a682fb71.txt,BOE,,speech,,2024-09-12,2024,3,2024-Q3,151,3649,24.165562913907284,0.17836175566116858,4.310212227864928,0.0,0.0,0.0,0.0,-0.0002740476842970677,0.0,0.0,-0.0030145245272677444
boe/speech/boe_2024-09-20_speech_bailey_9ebbd860.txt,BOE,,speech,,2024-09-20,2024,3,2024-Q3,134,3874,28.91044776119403,0.19909742500663657,5.755995705042612,0.0,0.0,0.0,0.0,0.0010325245224574084,0.0,0.0,0.005678884873515746
boe/speech/boe_2024-09-20_speech_mann_78e05115.txt,BOE,,speech,,2024-09-20,2024,3,2024-Q3,189,4755,25.158730158730158,0.20484533852476747,5.153648596218356,-0.010725552050473186,0.0010515247108307045,0.0,0.0016824395373291271,-0.0004206098843322818,-0.0012618296529968455,0.0,0.005888538380651945
boe/speech/boe_2024-09-25_speech_benford_a6cdb513.txt,BOE,,speech,,2024-09-25,2024,3,2024-Q3,147,3826,26.027210884353742,0.22605671482075976,5.883625788464128,-0.00026136957658128593,0.0,0.025352848928384734,0.0,0.00026136957658128593,0.0,0.0,0.002875065342394145
boe/speech/boe_2024-09-25_speech_greene_56620565.txt,BOE,,speech,,2024-09-25,2024,3,2024-Q3,181,4292,23.712707182320443,0.1883397312859885,4.466044898781561,-0.007688723205964585,0.0009319664492078285,0.0,0.0006989748369058714,-0.0016309412861137,-0.002096924510717614,0.0,-0.0006989748369058714
boe/speech/boe_2024-09-26_speech_khan_cceb18c2.txt,BOE,,speech,,2024-09-26,2024,3,2024-Q3,98,2805,28.622448979591837,0.23351548269581057,6.6837849894055985,0.0,0.00071301247771836,0.0,0.0,0.0,0.0,0.0,0.0106951871657754
boe/speech/boe_2024-10-02_speech_mills_b80d771b.txt,BOE,,speech,,2024-10-02,2024,4,2024-Q4,53,1493,28.169811320754718,0.22905405405405405,6.452409484956655,0.0,0.0,0.0013395847287340924,0.0,0.0,0.0,0.0,0.006028131279303416
boe/speech/boe_2024-10-03_speech_benford_05274aca.txt,BOE,,speech,,2024-10-03,2024,4,2024-Q4,135,3209,23.77037037037037,0.1965648854961832,4.672420130053718,-0.0006232471174820816,0.0003116235587410408,0.0015581177937052041,0.0,0.0,0.0,0.0,0.005920847616079776
boe/speech/boe_2024-10-04_speech_pill_1afb201b.txt,BOE,,speech,,2024-10-04,2024,4,2024-Q4,149,4034,27.073825503355703,0.21883726834221884,5.92476201672826,-0.013386217154189391,0.00024789291026276647,0.0,0.0,-0.0019831432821021317,-0.00024789291026276647,0.0,-0.001487357461576599
boe/speech/boe_2024-10-17_speech_sam_woods_b47d2406.txt,BOE,UK,speech,Sam Woods,2024-10-17,2024,4,2024-Q4,199,5423,27.251256281407034,0.18394711992445703,5.012790107288093,0.0,0.0005531993361607966,0.0,0.0,-0.0003687995574405311,0.0,0.0,0.00700719159137009
boe/speech/boe_2024-10-17_speech_woods_2e4407a9.txt,BOE,,speech,,2024-10-17,2024,4,2024-Q4,164,4724,28.804878048780488,0.1773218142548596,5.107733234999737,0.0,0.0006350550381033022,0.0,0.0,-0.0004233700254022015,0.0,0.0,0.006985605419136325
boe/speech/boe_2024-10-22_speech_andrew_bailey_547f1318.txt,BOE,UK,speech,Andrew Bailey,2024-10-22,2024,4,2024-Q4,152,2802,18.43421052631579,0.15710632078918524,2.896130992442744,0.0,0.0007137758743754461,0.0,0.0,0.00035688793718772306,0.0,0.0,0.0028551034975017845
boe/speech/boe_2024-10-22_speech_bailey_357e7888.txt,BOE,,speech,,2024-10-22,2024,4,2024-Q4,136,2600,19.11764705882353,0.15740015661707127,3.0091206412087153,0.0,0.0007692307692307692,0.0,0.0,0.0,0.0,0.0,0.003076923076923077
boe/speech/boe_2024-10-24_speech_andrew_bailey_f5cba0e2.txt,BOE,UK,speech,Andrew Bailey,2024-10-24,2024,4,2024-Q4,127,2329,18.338582677165356,0.15584415584415584,2.8579609367010943,0.0,0.0,0.0,0.0,-0.00042936882782310007,0.0,0.0,-0.0047230571060541005
boe/speech/boe_2024-10-24_speech_bailey_67edf84a.txt,BOE,,speech,,2024-10-24,2024,4,2024-Q4,125,2249,17.992,0.15732855221873598,2.830655311519498,0.0,0.0,0.0,0.0,-0.00044464206313917296,0.0,0.0,-0.004891062694530902
boe/speech/boe_2024-10-26_speech_andrew_bailey_349df238.txt,BOE,UK,speech,Andrew Bailey,2024-10-26,2024,4,2024-Q4,71,1308,18.422535211267604,0.15076923076923077,2.7775514626218847,0.0,0.0,0.0,0.0,0.0007645259938837921,0.0,0.0,0.00382262996941896
boe/speech/boe_2024-10-26_speech_bailey_2b45dd51.txt,BOE,,speech,,2024-10-26,2024,4,2024-Q4,69,1246,18.057971014492754,0.1514907332796132,2.735615270527508,0.0,0.0,0.0,0.0,0.0008025682182985554,0.0,0.0,0.0040128410914927765
boe/speech/boe_2024-10-31_speech_breeden_329bd673.txt,BOE,,speech,,2024-10-31,2024,4,2024-Q4,131,3840,29.31297709923664,0.2142099681866384,6.27913189188314,0.0,0.00026041666666666666,0.02578125,0.0,-0.0010416666666666667,0.0,-0.00026041666666666666,-0.003125
boe/speech/boe_2024-10-31_speech_sarah_breeden_03188776.txt,BOE,UK,speech,Sarah Breeden,2024-10-31,2024,4,2024-Q4,151,4209,27.874172185430464,0.2139050387596899,5.962425881718774,0.0,0.00023758612497030174,0.027797576621525304,0.0,-0.000950344499881207,0.0,-0.00023758612497030174,-0.0030886196246139226
boe/speech/boe_2024-11-14_speech_bailey_71dcdec4.txt,BOE,,speech,,2024-11-14,2024,4,2024-Q4,141,2201,15.609929078014185,0.13400642496558055,2.091830789710942,-0.0013630168105406633,0.00045433893684688776,0.003634711494775102,0.0,0.0,0.0,0.0,0.013175829168559746
boe/speech/boe_2024-11-14_speech_mann_a1d842f4.txt,BOE,,speech,,2024-11-14,2024,4,2024-Q4,275,7215,26.236363636363638,0.2218370883882149,5.820198518985348,-0.014275814275814275,0.0004158004158004158,0.0002772002772002772,0.0,-0.009563409563409564,0.0001386001386001386,0.0,-0.006514206514206514
boe/speech/boe_2024-11-20_speech_david_ramsden_b7d613c2.txt,BOE,UK,speech,David Ramsden,2024-11-20,2024,4,2024-Q4,178,5083,28.5561797752809,0.19638027876014147,5.607870544594377,-0.014951800118040526,0.0003934684241589612,0.0,0.0021640763328742867,-0.0019673421207948064,-0.0003934684241589612,0.0,0.0023608105449537675
boe/speech/boe_2024-11-20_speech_ramsden_563ea89e.txt,BOE,,speech,,2024-11-20,2024,4,2024-Q4,132,4084,30.939393939393938,0.1975120588981975,6.110903398032111,-0.016160626836434867,0.0004897159647404506,0.0,0.0022037218413320275,-0.0022037218413320275,-0.0004897159647404506,0.0,-0.0004897159647404506
boe/speech/boe_2024-11-21_speech_mills_62fd9b6e.txt,BOE,,speech,,2024-11-21,2024,4,2024-Q4,105,2751,26.2,0.2514771048744461,6.588700147710487,0.0,0.0,0.0007270083605961468,0.0,0.0,0.0,0.0,0.003998545983278807
boe/speech/boe_2024-11-25_speech_clare_lombardelli_e2227f50.txt,BOE,UK,speech,Clare Lombardelli,2024-11-25,2024,4,2024-Q4,321,6113,19.043613707165107,0.2035234899328859,3.875822722615986,-0.0073613610338622605,0.0,0.0001635858007524947,0.0022902012105349254,-0.0029445444135449044,-0.000490757402257484,0.0,0.003598887616554883
boe/speech/boe_2024-11-25_speech_lombardelli_da7c4223.txt,BOE,,speech,,2024-11-25,2024,4,2024-Q4,257,5121,19.926070038910506,0.19648912826650708,3.91525613172289,-0.006444053895723492,0.0,0.00019527436047646945,0.0019527436047646943,-0.0029291154071470417,-0.0005858230814294083,0.0,0.0011716461628588166
boe/speech/boe_2024-12-02_speech_foulger_bc194312.txt,BOE,,speech,,2024-12-02,2024,4,2024-Q4,139,3439,24.741007194244606,0.21833283892020172,5.401774338464559,0.0,0.0002907822041291073,0.0,0.0,-0.0005815644082582146,0.0,-0.0002907822041291073,-0.0061064262867112536
boe/speech/boe_2024-12-03_speech_lintern_3d8b19ef.txt,BOE,,speech,,2024-12-03,2024,4,2024-Q4,86,1778,20.674418604651162,0.18568102444703144,3.838847226358394,0.0,0.0,0.0,0.0,0.0005624296962879641,0.0,0.0,-0.012373453318335208
boe/speech/boe_2024-12-09_speech_ramsden_ebc04e23.txt,BOE,,speech,,2024-12-09,2024,4,2024-Q4,114,3792,33.26315789473684,0.19923892362054907,6.627315775167737,0.0,0.0,0.0,0.0,-0.0018459915611814346,0.0,-0.0013185654008438818,-0.0010548523206751054
boe/speech/boe_2024-12-16_speech_cleland_c61732c0.txt,BOE,,speech,,2024-12-16,2024,4,2024-Q4,118,2643,22.39830508474576,0.21296296296296297,4.770009416195856,0.0,0.0,0.0,0.0,0.00037835792659856227,0.0,0.0,0.004918653045781309
boe/speech/boe_2025-01-09_speech_breeden_693d039e.txt,BOE,,speech,,2025-01-09,2025,1,2025-Q1,143,3940,27.552447552447553,0.15020898641588296,4.1386252201299225,-0.009390862944162437,0.0,0.0,0.0005076142131979696,-0.003553299492385787,-0.0010152284263959391,0.0,-0.006091370558375634
boe/speech/boe_2025-01-09_speech_sarah_breeden_055778dd.txt,BOE,UK,speech,Sarah Breeden,2025-01-09,2025,1,2025-Q1,229,5300,23.14410480349345,0.15618898867629832,3.6148543230759,-0.009622641509433962,0.0,0.0,0.0005660377358490566,-0.0030188679245283017,-0.0009433962264150943,0.0,-0.004528301886792453
boe/speech/boe_2025-01-15_speech_benjamin_e0dab0dc.txt,BOE,,speech,,2025-01-15,2025,1,2025-Q1,219,5153,23.529680365296805,0.1890930646117368,4.449299369608584,-0.00019406171162429653,0.00038812342324859306,0.00019406171162429653,0.0,-0.0007762468464971861,0.0,0.0,-0.0031049873859887445
boe/speech/boe_2025-01-15_speech_taylor_f46d3de2.txt,BOE,,speech,,2025-01-15,2025,1,2025-Q1,292,7321,25.07191780821918,0.16275452488687783,4.080568070879564,-0.013112962710012293,0.00040978008468788414,0.0,0.0,-0.0012293402540636525,-0.0002731867231252561,0.0,-0.0043709875700040975
boe/speech/boe_2025-01-17_speech_andrew_bailey_d7b29f55.txt,BOE,UK,speech,Andrew Bailey,2025-01-17,2025,1,2025-Q1,100,2085,20.85,0.18089233753637246,3.771605237633366,0.0,0.0,0.0,0.0,-0.0009592326139088729,0.0,0.0,-0.003357314148681055
boe/speech/boe_2025-01-17_speech_bailey_37db4e6b.txt,BOE,,speech,,2025-01-17,2025,1,2025-Q1,98,2021,20.622448979591837,0.18177265898848272,3.7485973858747306,0.0,0.0,0.0,0.0,-0.0009896091044037606,0.0,0.0,-0.0034636318654131617
boe/speech/boe_2025-01-23_speech_wilkins_548b2e40.txt,BOE,,speech,,2025-01-23,2025,1,2025-Q1,105,3026,28.81904761904762,0.22846441947565543,6.584126984126985,-0.00033046926635822867,-0.00033046926635822867,0.0,0.0,-0.0009914077990746861,0.0,0.0,-0.003304692663582287
boe/speech/boe_2025-01-28_speech_jackson_9016ee9a.txt,BOE,,speech,,2025-01-28,2025,1,2025-Q1,118,3128,26.508474576271187,0.2036917098445596,5.399556511811715,0.0,0.0,0.0,0.0,0.00031969309462915604,0.0,0.0,-0.0038363171355498722
boe/speech/boe_2025-02-10_speech_mills_3f9d67ac.txt,BOE,,speech,,2025-02-10,2025,1,2025-Q1,90,2328,25.866666666666667,0.2560553633217993,6.623298731257209,0.0,0.000429553264604811,0.001288659793814433,0.0,0.000859106529209622,0.0,0.0,0.000859106529209622
boe/speech/boe_2025-02-11_speech_andrew_bailey_5055d16b.txt,BOE,UK,speech,Andrew Bailey,2025-02-11,2025,1,2025-Q1,200,4837,24.185,0.19773537429230448,4.782230027259383,0.0,0.0002067397146991937,0.0,0.0,0.0004134794293983874,0.0,-0.0006202191440975812,-0.0024808765763903247
boe/speech/boe_2025-02-11_speech_bailey_c776d2b3.txt,BOE,,speech,,2025-02-11,2025,1,2025-Q1,195,4698,24.092307692307692,0.1989212513484358,4.792471994025392,0.0,0.00021285653469561516,0.0,0.0,0.0004257130693912303,0.0,-0.0006385696040868455,-0.002554278416347382
boe/speech/boe_2025-02-11_speech_mann_14e8e992.txt,BOE,,speech,,2025-02-11,2025,1,2025-Q1,73,2203,30.17808219178082,0.21547223540579022,6.502538830122683,-0.010894235133908307,0.0,0.0,0.0027235587834770767,-0.0027235587834770767,-0.00045392646391284613,0.0,-0.007262823422605538
boe/speech/boe_2025-02-12_speech_greene_710c286b.txt,BOE,,speech,,2025-02-12,2025,1,2025-Q1,279,6280,22.508960573476703,0.18447712418300655,4.15238831494366,-0.009713375796178344,0.0,0.0,0.00047770700636942675,-0.001910828025477707,-0.0007961783439490446,0.0,-0.0017515923566878981
boe/speech/boe_2025-02-20_speech_mills_0fd7f53b.txt,BOE,,speech,,2025-02-20,2025,1,2025-Q1,54,1834,33.96296296296296,0.21911682504192287,7.441856613460861,0.0,0.0,0.0010905125408942203,0.0,0.0,0.0,0.0,0.008178844056706653
boe/speech/boe_2025-02-26_speech_dhingra_a1d7f0c0.txt,BOE,,speech,,2025-02-26,2025,1,2025-Q1,174,4446,25.551724137931036,0.2073509015256588,5.298173035534937,-0.007197480881691408,0.001349527665317139,0.0002249212775528565,-0.0002249212775528565,-0.0015744489428699954,0.0,0.0,0.001349527665317139
boe/speech/boe_2025-02-28_speech_david_ramsden_2ed5b945.txt,BOE,UK,speech,David Ramsden,2025-02-28,2025,1,2025-Q1,228,5965,26.162280701754387,0.19210433556573844,5.0258875510948675,-0.008549874266554904,0.0006705783738474435,0.0,0.0006705783738474435,-0.0043587594300083824,-0.0005029337803855825,0.0,0.001173512154233026
boe/speech/boe_2025-02-28_speech_ramsden_5201e110.txt,BOE,,speech,,2025-02-28,2025,1,2025-Q1,169,4715,27.899408284023668,0.18865030674846625,5.263231930881766,-0.00975609756097561,0.000848356309650053,0.0,0.00021208907741251324,-0.004453870625662778,-0.0006362672322375398,0.0,-0.0004241781548250265
boe/speech/boe_2025-03-03_speech_kyei_64783768.txt,BOE,,speech,,2025-03-03,2025,1,2025-Q1,62,1330,21.451612903225808,0.1741444866920152,3.7356801177480685,0.0,0.0007518796992481203,0.0,0.0,0.0,0.0,0.0,0.004511278195488722
boe/speech/boe_2025-03-06_speech_mann_9505fc60.txt,BOE,,speech,,2025-03-06,2025,1,2025-Q1,186,5070,27.258064516129032,0.22553897180762852,6.147755844433745,-0.02642998027613412,0.0,0.0,0.0,-0.004339250493096647,-0.0003944773175542406,0.0,-0.004339250493096647
boe/speech/boe_2025-03-24_speech_bailey_ff561b25.txt,BOE,,speech,,2025-03-24,2025,1,2025-Q1,228,5208,22.842105263157894,0.16584790725093337,3.7883153551002673,-0.0007680491551459293,0.0015360983102918587,0.0013440860215053765,0.0,0.0,0.0,0.0,0.01881720430107527
boe/speech/boe_2025-03-25_speech_andrew_bailey_5c9a4ff8.txt,BOE,UK,speech,Andrew Bailey,2025-03-25,2025,1,2025-Q1,285,5862,20.568421052631578,0.1670182841068917,3.4353023909985936,-0.000682360968952576,0.002388263391334016,0.001194131695667008,0.0,0.0,0.0,0.0,0.018764926646195838
boe/speech/boe_2025-03-25_speech_cleland_a09d2134.txt,BOE,,speech,,2025-03-25,2025,1,2025-Q1,119,2980,25.04201680672269,0.2800822763112787,7.013825070652189,0.0,0.0006711409395973154,0.0010067114093959733,0.0,0.0010067114093959733,0.0,0.0,0.0087248322147651
boe/speech/boe_2025-04-29_speech_david_ramsden_7576ac27.txt,BOE,UK,speech,David Ramsden,2025-04-29,2025,2,2025-Q2,84,2482,29.547619047619047,0.24320987654320989,7.186272780717226,0.0,0.00040290088638195,0.0,0.0,0.0,0.0,0.0,0.0024174053182917004
boe/speech/boe_2025-04-29_speech_ramsden_7553f656.txt,BOE,,speech,,2025-04-29,2025,2,2025-Q2,75,2231,29.746666666666666,0.24680073126142596,7.341499085923218,0.0,0.00044822949350067237,0.0,0.0,0.0,0.0,0.0,0.0022411474675033617
boe/speech/boe_2025-04-30_speech_bailey_9281a347.txt,BOE,,speech,,2025-04-30,2025,2,2025-Q2,70,1640,23.428571428571427,0.21698698078115314,5.083694978301302,0.0,0.0,0.0,0.0,0.0006097560975609756,0.0,0.0,-0.007926829268292683
boe/speech/boe_2025-04-30_speech_truran_4e2e4337.txt,BOE,,speech,,2025-04-30,2025,2,2025-Q2,160,3963,24.76875,0.2465259907359753,6.106140633041688,0.0,0.0005046681806712087,0.0,0.0,-0.00025233409033560434,0.0,0.0,0.0005046681806712087
boe/speech/boe_2025-05-06_speech_breeden_e40223ca.txt,BOE,,speech,,2025-05-06,2025,2,2025-Q2,79,2329,29.481012658227847,0.1992153443766347,5.873070089280787,0.0,0.0,0.0,0.0,0.00042936882782310007,0.0,0.0,0.0025762129669386004
boe/speech/boe_2025-05-06_speech_sarah_breeden_e90346c9.txt,BOE,UK,speech,Sarah Breeden,2025-05-06,2025,2,2025-Q2,96,2628,27.375,0.19798527702440916,5.419846958543201,0.0,0.0,0.0,0.0,0.000380517503805175,0.0,0.0,0.002663622526636225
boe/speech/boe_2025-05-08_speech_gerken_60292268.txt,BOE,,speech,,2025-05-08,2025,2,2025-Q2,82,2280,27.804878048780488,0.2550335570469799,7.091176952037977,0.0,0.0004385964912280702,0.0,0.0,0.0004385964912280702,0.0,0.0,0.007456140350877193
boe/speech/boe_2025-05-09_speech_bailey_e7eeeb08.txt,BOE,,speech,,2025-05-09,2025,2,2025-Q2,96,2454,25.5625,0.2103960396039604,5.378248762376238,-0.013039934800325998,0.0,0.00040749796251018743,0.0,-0.0016299918500407497,-0.00040749796251018743,0.0,-0.003667481662591687
boe/speech/boe_2025-05-09_speech_talbot_2c2194c1.txt,BOE,,speech,,2025-05-09,2025,2,2025-Q2,200,4603,23.015,0.20654627539503387,4.753662528216704,-0.009558983271779274,0.00021724961981316532,0.0,0.0,-0.000651748859439496,0.0,0.0,-0.001303497718878992
boe/speech/boe_2025-05-12_speech_clare_lombardelli_5d47e01f.txt,BOE,UK,speech,Clare Lombardelli,2025-05-12,2025,2,2025-Q2,157,3549,22.605095541401273,0.21598147075854082,4.882281781669181,-0.009298393913778529,0.0,0.0002817695125387433,0.002817695125387433,-0.0033812341504649195,-0.0005635390250774866,0.0,-0.00253592561284869
boe/speech/boe_2025-05-12_speech_lombardelli_4c96e13f.txt,BOE,,speech,,2025-05-12,2025,2,2025-Q2,124,2874,23.177419354838708,0.21563055062166964,4.997759697473214,-0.010438413361169102,0.0,0.0003479471120389701,0.0020876826722338203,-0.0041753653444676405,-0.0006958942240779402,0.0,-0.005915100904662491
boe/speech/boe_2025-05-13_speech_benford_7553f475.txt,BOE,,speech,,2025-05-13,2025,2,2025-Q2,276,4889,17.713768115942027,0.21053727613494377,3.7294084892164494,-0.00020454080589077522,0.0,0.012067907547555738,0.0,-0.00020454080589077522,0.0,0.0,0.003886275311924729
boe/speech/boe_2025-05-14_speech_breeden_ee917ca9.txt,BOE,,speech,,2025-05-14,2025,2,2025-Q2,84,2160,25.714285714285715,0.2333965844402277,6.001626457034427,0.0,0.0,0.0,0.0,0.000462962962962963,0.0,-0.000462962962962963,-0.004166666666666667
boe/speech/boe_2025-05-14_speech_sarah_breeden_c57d0b96.txt,BOE,UK,speech,Sarah Breeden,2025-05-14,2025,2,2025-Q2,110,2608,23.70909090909091,0.234017363851618,5.548338953863817,0.0,0.0,0.0,0.0,0.0003834355828220859,0.0,-0.0003834355828220859,-0.004217791411042945
boe/speech/boe_2025-05-16_speech_clare_lombardelli_3fc8986e.txt,BOE,UK,speech,Clare Lombardelli,2025-05-16,2025,2,2025-Q2,70,1552,22.17142857142857,0.23605706874189364,5.233722438391699,-0.0032216494845360823,0.0,0.0,0.0,-0.005154639175257732,0.0,0.0,-0.004510309278350515
boe/speech/boe_2025-05-19_speech_lombardelli_e755b8b4.txt,BOE,,speech,,2025-05-19,2025,2,2025-Q2,69,1512,21.91304347826087,0.23537234042553193,5.1577243293247,-0.0033068783068783067,0.0,0.0,0.0,-0.004629629629629629,0.0,0.0,-0.003968253968253968
boe/speech/boe_2025-05-20_speech_pill_ad3536f4.txt,BOE,,speech,,2025-05-20,2025,2,2025-Q2,143,3861,27.0,0.23646496815286625,6.384554140127388,-0.014504014504014505,0.0,0.0,0.000259000259000259,-0.002072002072002072,0.000777000777000777,0.0,0.0
boe/speech/boe_2025-05-29_speech_andrew_bailey_3b180376.txt,BOE,UK,speech,Andrew Bailey,2025-05-29,2025,2,2025-Q2,125,2703,21.624,0.1596103409516673,3.4514140127388533,-0.0003699593044765076,0.0007399186089530152,0.0,0.0,-0.0007399186089530152,0.0,0.0,0.005549389567147614
boe/speech/boe_2025-05-29_speech_bailey_fca8c21b.txt,BOE,,speech,,2025-05-29,2025,2,2025-Q2,123,2636,21.43089430894309,0.1590472531694199,3.4085248728015514,-0.00037936267071320183,0.0007587253414264037,0.0,0.0,-0.0007587253414264037,0.0,0.0,0.005690440060698027
boe/speech/boe_2025-06-02_speech_mann_406f0573.txt,BOE,,speech,,2025-06-02,2025,2,2025-Q2,156,4705,30.16025641025641,0.18993794326241134,5.72857707083106,-0.0006376195536663124,0.00021253985122210415,0.0,0.0,-0.00021253985122210415,0.00021253985122210415,0.0,-0.002975557917109458
boe/speech/boe_2025-06-20_speech_andrew_bailey_edc4d004.txt,BOE,UK,speech,Andrew Bailey,2025-06-20,2025,2,2025-Q2,160,3053,19.08125,0.14805023132848646,2.8249834765366826,-0.0006550933508024893,0.00032754667540124465,0.0,0.0,0.0,0.0,-0.00032754667540124465,0.0016377333770062235
boe/speech/boe_2025-06-24_speech_andrew_bailey_dfeda361.txt,BOE,UK,speech,Andrew Bailey,2025-06-24,2025,2,2025-Q2,95,1974,20.778947368421054,0.179080824088748,3.721111018433564,-0.0025329280648429585,-0.0005065856129685917,0.0,0.0,0.0010131712259371835,0.0,0.0,0.004559270516717325
boe/speech/boe_2025-06-24_speech_david_ramsden_ea4faca1.txt,BOE,UK,speech,David Ramsden,2025-06-24,2025,2,2025-Q2,146,3794,25.986301369863014,0.19201786212670946,4.989834033621477,-0.010542962572482868,0.0,0.0,0.0007907221929362151,-0.005271481286241434,-0.0007907221929362151,0.0,-0.005271481286241434
boe/speech/boe_2025-06-25_speech_anna_breman_80df095e.txt,BOE,UK,speech,Anna Breman,2025-06-25,2025,2,2025-Q2,269,5522,20.527881040892193,0.21882001493651979,4.491911235983131,-0.003802969938428106,0.0,0.0,0.0,-0.0007243752263672582,0.0,0.0,-0.003621876131836291
boe/speech/boe_2025-06-26_speech_andrew_bailey_5b24a841.txt,BOE,UK,speech,Andrew Bailey,2025-06-26,2025,2,2025-Q2,131,2739,20.908396946564885,0.17947761194029851,3.752589153469295,-0.011317999269806499,0.0,0.0007301935012778386,0.0014603870025556773,-0.002190580503833516,-0.0014603870025556773,0.0,0.006936838262139467
boe/speech/boe_2025-06-29_speech_andrew_bailey_61ede33f.txt,BOE,UK,speech,Andrew Bailey,2025-06-29,2025,2,2025-Q2,57,1195,20.964912280701753,0.1760204081632653,3.690252416756176,-0.0008368200836820083,0.0,0.0,0.0,0.0,0.0,0.0,0.0016736401673640166
boe/speech/boe_2025-07-10_speech_sarah_breeden_bc8b1ccb.txt,BOE,UK,speech,Sarah Breeden,2025-07-10,2025,3,2025-Q3,215,4650,21.627906976744185,0.2024663677130045,4.378923766816143,-0.007526881720430108,0.00021505376344086021,0.0,0.0,-0.0006451612903225806,-0.00021505376344086021,0.0,-0.002150537634408602
boe/speech/boe_2025-07-15_speech_andrew_bailey_11e3b882.txt,BOE,UK,speech,Andrew Bailey,2025-07-15,2025,3,2025-Q3,138,2657,19.253623188405797,0.2051868802440885,3.9505908754242256,0.0,0.0007527286413248024,0.0,0.0,-0.0003763643206624012,0.0,0.0,0.001881821603312006
boe/speech/boe_2025-09-03_speech_sarah_breeden_ea716403.txt,BOE,UK,speech,Sarah Breeden,2025-09-03,2025,3,2025-Q3,82,2236,27.26829268292683,0.22996831145314622,6.270843224502865,0.0,0.0013416815742397137,0.0008944543828264759,0.0,0.0,0.0,0.0,0.0
boe/speech/boe_2025-09-30_speech_sarah_breeden_0377154e.txt,BOE,UK,speech,Sarah Breeden,2025-09-30,2025,3,2025-Q3,224,4678,20.883928571428573,0.18642554141549453,3.893297690811087,-0.015391192817443352,0.0,0.0,0.0025651988029072254,-0.0012825994014536127,-0.0012825994014536127,0.0,0.0008550662676357417
boe/speech/boe_2025-10-03_speech_andrew_bailey_0d8038f4.txt,BOE,UK,speech,Andrew Bailey,2025-10-03,2025,4,2025-Q4,203,4091,20.15270935960591,0.1644753162986852,3.314623246196656,0.0,0.0,0.0002444390124663896,0.0,-0.0012221950623319481,0.0,0.0,0.005622097286726962
boe/speech/boe_2025-10-15_speech_sarah_breeden_43e6193b.txt,BOE,UK,speech,Sarah Breeden,2025-10-15,2025,4,2025-Q4,127,3899,30.700787401574804,0.22274757026530076,6.838525798932344,0.0,0.0,0.0012823800974608873,0.0,0.0,0.0,0.0,-0.0005129520389843549
boj/minutes/boj_2020-01-21_minutes_policy_board_f6f2daff.txt,BOJ,Japan,minutes,Policy Board,2020-01-21,2020,1,2020-Q1,115,2708,23.547826086956523,0.2438366718027735,5.741823541234005,-0.0011078286558345643,0.00036927621861152144,0.0,0.0,-0.0007385524372230429,0.0014771048744460858,0.0,-0.004062038404726735
boj/minutes/boj_2020-03-16_minutes_policy_board_4cb38a42.txt,BOJ,Japan,minutes,Policy Board,2020-03-16,2020,1,2020-Q1,152,3432,22.57894736842105,0.2232360097323601,5.040434114483288,0.0,0.0002913752913752914,0.0,0.0,-0.0011655011655011655,0.0008741258741258741,0.0,-0.009032634032634032
boj/minutes/boj_2020-04-27_minutes_policy_board_24ee0903.txt,BOJ,Japan,minutes,Policy Board,2020-04-27,2020,2,2020-Q2,196,5968,30.448979591836736,0.22004168113928446,6.7000446583635185,-0.0005026809651474531,0.0001675603217158177,0.0,0.0,-0.0001675603217158177,0.0011729222520107238,0.0,-0.00435656836461126
boj/minutes/boj_2020-05-22_minutes_policy_board_041ed887.txt,BOJ,Japan,minutes,Policy Board,2020-05-22,2020,2,2020-Q2,45,1427,31.711111111111112,0.24668630338733433,7.822696776305024,0.000700770847932726,0.000700770847932726,0.0,0.0,0.0,0.0,0.0,-0.00350385423966363
boj/minutes/boj_2020-06-16_minutes_policy_board_e3651d8f.txt,BOJ,Japan,minutes,Policy Board,2020-06-16,2020,2,2020-Q2,86,2267,26.36046511627907,0.23461360481258678,6.184523745466677,-0.0004411116012351125,0.0,0.0,0.0,0.0,0.002646669607410675,0.0,-0.009263343625937363
boj/minutes/boj_2020-07-15_minutes_policy_board_82928d75.txt,BOJ,Japan,minutes,Policy Board,2020-07-15,2020,3,2020-Q3,111,2885,25.99099099099099,0.22599488864549105,5.87383111479497,0.0003466204506065858,0.0,0.0,0.0,0.0,0.0017331022530329288,0.0,-0.004852686308492201
boj/minutes/boj_2020-09-17_minutes_policy_board_6fcd4ec7.txt,BOJ,Japan,minutes,Policy Board,2020-09-17,2020,3,2020-Q3,143,3563,24.916083916083917,0.23763250883392226,5.9208715312955595,0.0,0.000280662363177098,0.0,0.0,-0.0008419870895312938,0.0016839741790625876,0.0,-0.005051922537187763
boj/minutes/boj_2020-10-29_minutes_policy_board_398f4d21.txt,BOJ,Japan,minutes,Policy Board,2020-10-29,2020,4,2020-Q4,142,3543,24.950704225352112,0.24696476162274208,6.1619447213336285,0.0,0.0,0.0,0.0,-0.0002822466836014677,0.0019757267852102737,0.0,-0.004233700254022015
boj/minutes/boj_2020-12-18_minutes_policy_board_23165e15.txt,BOJ,Japan,minutes,Policy Board,2020-12-18,2020,4,2020-Q4,147,3738,25.428571428571427,0.24352477477477477,6.192487129987129,0.001070090957731407,0.0,0.0,0.0,-0.00026752273943285177,0.0016051364365971107,0.0,-0.0034777956126270733
boj/minutes/boj_2021-01-21_minutes_policy_board_82082b0f.txt,BOJ,Japan,minutes,Policy Board,2021-01-21,2021,1,2021-Q1,252,7082,28.103174603174605,0.2377950447148512,6.682795661391175,-0.0004236091499576391,0.0002824060999717594,0.0,0.0,-0.0001412030499858797,0.0011296243998870376,0.0,-0.002682857949731714
boj/minutes/boj_2021-03-19_minutes_policy_board_8ced9a26.txt,BOJ,Japan,minutes,Policy Board,2021-03-19,2021,1,2021-Q1,234,6410,27.39316239316239,0.24306235716617694,6.6582466215179235,-0.00218408736349454,0.0,0.0,0.0,-0.00046801872074883,0.0020280811232449296,0.00015600624024960998,-0.005304212168486739
boj/minutes/boj_2021-04-27_minutes_policy_board_fca1cb98.txt,BOJ,Japan,minutes,Policy Board,2021-04-27,2021,2,2021-Q2,213,6287,29.516431924882628,0.2466115702479339,7.2790936251115514,0.0009543502465404804,0.0006362334976936536,0.0,0.0,0.0,0.0012724669953873072,0.0,-0.003976459360585335
boj/minutes/boj_2021-06-18_minutes_policy_board_7cd65ce3.txt,BOJ,Japan,minutes,Policy Board,2021-06-18,2021,2,2021-Q2,133,3308,24.872180451127818,0.24272151898734176,6.037013419625011,0.0003022974607013301,0.0,0.0,0.0,0.0003022974607013301,0.002720677146311971,0.0,-0.0012091898428053204
boj/minutes/boj_2021-07-16_minutes_policy_board_32612da1.txt,BOJ,Japan,minutes,Policy Board,2021-07-16,2021,3,2021-Q3,138,3555,25.76086956521739,0.2513258691809075,6.474372934334247,0.0,0.0,0.0,0.0,-0.00028129395218002813,0.001969057665260197,0.0,-0.0016877637130801688
boj/minutes/boj_2021-09-22_minutes_policy_board_f2fd86f7.txt,BOJ,Japan,minutes,Policy Board,2021-09-22,2021,3,2021-Q3,136,3530,25.955882352941178,0.25684523809523807,6.666644782913165,-0.00028328611898016995,0.0,0.0,0.0,0.0,0.00198300283286119,0.0,0.0011331444759206798
boj/minutes/boj_2021-10-28_minutes_policy_board_f8482887.txt,BOJ,Japan,minutes,Policy Board,2021-10-28,2021,4,2021-Q4,223,6466,28.995515695067265,0.2487489911218725,7.212605276206402,-0.0013918960717599752,0.00046396535725332506,0.0,0.0,0.0,0.0018558614290133002,0.0,-0.0027837921435199505
boj/minutes/boj_2021-12-17_minutes_policy_board_ca397df2.txt,BOJ,Japan,minutes,Policy Board,2021-12-17,2021,4,2021-Q4,32,548,17.125,0.20801526717557253,3.5622614503816794,0.0,0.0,0.0,0.0,0.0,0.0,0.0,-0.0072992700729927005
boj/minutes/boj_2022-01-18_minutes_policy_board_28ef1541.txt,BOJ,Japan,minutes,Policy Board,2022-01-18,2022,1,2022-Q1,136,3615,26.580882352941178,0.25599537705865355,6.804583000492887,-0.0005532503457814661,0.0,0.0,0.0,0.0,0.0022130013831258644,0.0,-0.0016597510373443983
boj/minutes/boj_2022-03-18_minutes_policy_board_52bddeb9.txt,BOJ,Japan,minutes,Policy Board,2022-03-18,2022,1,2022-Q1,226,6275,27.765486725663717,0.23325596816976127,6.476465487899345,-0.002549800796812749,-0.00015936254980079682,0.0,0.0,-0.00047808764940239046,0.0012749003984063745,0.0,-0.00398406374501992
boj/minutes/boj_2022-04-28_minutes_policy_board_88c8cf12.txt,BOJ,Japan,minutes,Policy Board,2022-04-28,2022,2,2022-Q2,193,5658,29.316062176165804,0.2298045001844338,6.736963015769567,-0.0007069635913750442,0.0003534817956875221,0.0,0.0,-0.00017674089784376105,0.0008837044892188052,0.0,-0.003181336161187699
boj/minutes/boj_2022-06-17_minutes_policy_board_ed67df6e.txt,BOJ,Japan,minutes,Policy Board,2022-06-17,2022,2,2022-Q2,162,4303,26.561728395061728,0.22669236328595518,6.021340982836205,0.0,0.0,0.0,0.0,-0.00023239600278875203,0.00046479200557750407,0.0,-0.004647920055775041
boj/minutes/boj_2022-07-21_minutes_policy_board_ffa10c56.txt,BOJ,Japan,minutes,Policy Board,2022-07-21,2022,3,2022-Q3,213,6036,28.338028169014084,0.23626373626373626,6.695248413558272,-0.0031477799867461894,0.0,0.0,0.0004970178926441351,-0.0001656726308813784,0.0001656726308813784,0.0,-0.005301524188204109
boj/minutes/boj_2022-09-22_minutes_policy_board_d15492c4.txt,BOJ,Japan,minutes,Policy Board,2022-09-22,2022,3,2022-Q3,52,1243,23.903846153846153,0.235597592433362,5.631688603743634,-0.002413515687851971,0.0,0.0,0.0,0.0,-0.003218020917135961,0.0,-0.0056315366049879325
boj/minutes/boj_2022-10-28_minutes_policy_board_f878c9f9.txt,BOJ,Japan,minutes,Policy Board,2022-10-28,2022,4,2022-Q4,146,3421,23.431506849315067,0.24854961832061068,5.823892084074035,-0.001169248757673195,0.0,0.0,0.0,-0.00029231218941829873,0.0,0.0,-0.0040923706518561824
boj/minutes/boj_2022-12-20_minutes_policy_board_c5f68b56.txt,BOJ,Japan,minutes,Policy Board,2022-12-20,2022,4,2022-Q4,210,5454,25.97142857142857,0.24824976348155156,6.447401000135153,-0.004033736707004034,0.0,0.0,0.00018335166850018335,-0.00055005500550055,-0.0009167583425009168,0.0,-0.005683901723505684
boj/minutes/boj_2023-01-18_minutes_policy_board_47a40adc.txt,BOJ,Japan,minutes,Policy Board,2023-01-18,2023,1,2023-Q1,150,4035,26.9,0.25122265122265125,6.757889317889318,-0.001486988847583643,0.0,0.0,0.00024783147459727387,-0.00024783147459727387,0.00024783147459727387,0.0,-0.003965303593556382
boj/minutes/boj_2023-03-10_minutes_policy_board_13e0457d.txt,BOJ,Japan,minutes,Policy Board,2023-03-10,2023,1,2023-Q1,210,5902,28.104761904761904,0.2413127413127413,6.782037139179996,-0.0027109454422229754,0.0,0.0,0.0005083022704168078,-0.00033886818027787193,-0.00033886818027787193,0.0,-0.0015249068112504235
boj/minutes/boj_2023-04-28_minutes_policy_board_cc3e729f.txt,BOJ,Japan,minutes,Policy Board,2023-04-28,2023,2,2023-Q2,121,2846,23.520661157024794,0.2343807763401109,5.5127908220161626,-0.0014054813773717498,0.0,0.0,0.00035137034434293746,-0.00035137034434293746,-0.00035137034434293746,0.0,-0.0021082220660576245
boj/minutes/boj_2023-06-16_minutes_policy_board_1054fbc6.txt,BOJ,Japan,minutes,Policy Board,2023-06-16,2023,2,2023-Q2,116,2956,25.482758620689655,0.24356714839619317,6.206762850509888,-0.0020297699594046007,0.0,0.0,0.00033829499323410016,0.00033829499323410016,0.0,0.0,-0.005074424898511502
boj/minutes/boj_2023-07-28_minutes_policy_board_64624b9b.txt,BOJ,Japan,minutes,Policy Board,2023-07-28,2023,3,2023-Q3,113,2745,24.292035398230087,0.24151087371232355,5.86679069327724,-0.0007285974499089253,0.0,0.0,0.00036429872495446266,0.0,0.001092896174863388,0.0,-0.0014571948998178506
boj/minutes/boj_2023-09-22_minutes_policy_board_04652124.txt,BOJ,Japan,minutes,Policy Board,2023-09-22,2023,3,2023-Q3,91,2175,23.9010989010989,0.22722914669223393,5.431026308303394,-0.0009195402298850574,0.0,0.0,0.0018390804597701149,0.0,-0.0004597701149425287,0.0,0.003218390804597701
boj/minutes/boj_2023-10-31_minutes_policy_board_d5604786.txt,BOJ,Japan,minutes,Policy Board,2023-10-31,2023,4,2023-Q4,139,3194,22.97841726618705,0.22932208887447292,5.26945864651127,0.0,0.00031308703819661864,0.0,0.00031308703819661864,0.00031308703819661864,-0.000939261114589856,0.0,-0.0012523481527864746
boj/minutes/boj_2023-12-19_minutes_policy_board_81405560.txt,BOJ,Japan,minutes,Policy Board,2023-12-19,2023,4,2023-Q4,111,2988,26.91891891891892,0.2375,6.393243243243243,-0.0030120481927710845,0.00033467202141900936,0.0,0.00033467202141900936,0.0006693440428380187,0.00033467202141900936,0.0,0.002677376171352075
boj/minutes/boj_2024-01-23_minutes_policy_board_42bdda7f.txt,BOJ,Japan,minutes,Policy Board,2024-01-23,2024,1,2024-Q1,205,6269,30.58048780487805,0.2267279592841898,6.933451593915053,-0.0014356356675705854,0.0,0.0,0.000638060296698038,0.0001595150741745095,0.000957090445047057,0.0,0.0020736959642686232
boj/minutes/boj_2024-03-19_minutes_policy_board_f6ef11cd.txt,BOJ,Japan,minutes,Policy Board,2024-03-19,2024,1,2024-Q1,201,5457,27.149253731343283,0.24051593323216997,6.529828097751002,-0.0007330034817665384,0.0,0.0,0.0005497526113249038,-0.0001832508704416346,0.0007330034817665384,0.0,0.001832508704416346
boj/minutes/boj_2024-04-26_minutes_policy_board_9bb33ba6.txt,BOJ,Japan,minutes,Policy Board,2024-04-26,2024,2,2024-Q2,136,3068,22.558823529411764,0.24282337048294494,5.4778095635417285,-0.0016297262059973925,0.0,0.0,0.000651890482398957,-0.000651890482398957,0.000651890482398957,0.0,0.006844850065189048
boj/minutes/boj_2024-06-14_minutes_policy_board_badb4b08.txt,BOJ,Japan,minutes,Policy Board,2024-06-14,2024,2,2024-Q2,135,2981,22.081481481481482,0.23864030523759971,5.269531480839147,-0.0023482053002348204,0.0,0.0,0.0010063737001006373,-0.0003354579000335458,0.0010063737001006373,0.0,0.0057027843005702785
boj/minutes/boj_2024-07-31_minutes_policy_board_b07910d5.txt,BOJ,Japan,minutes,Policy Board,2024-07-31,2024,3,2024-Q3,132,2838,21.5,0.23851203501094093,5.12800875273523,-0.0007047216349541931,0.0,0.0,0.00035236081747709656,0.0,0.0010570824524312897,0.0,0.005990133897110641
boj/minutes/boj_2024-09-20_minutes_policy_board_6dcccf80.txt,BOJ,Japan,minutes,Policy Board,2024-09-20,2024,3,2024-Q3,12,309,25.75,0.22653721682847897,5.833333333333333,-0.003236245954692557,0.0,0.0,0.0,0.0,0.0,0.0,-0.003236245954692557
boj/minutes/boj_2024-10-31_minutes_policy_board_28a198ec.txt,BOJ,Japan,minutes,Policy Board,2024-10-31,2024,4,2024-Q4,111,2580,23.243243243243242,0.23861346231358324,5.546150745667069,-0.0027131782945736434,0.0,0.0,0.0003875968992248062,0.0003875968992248062,0.0007751937984496124,0.0,0.001937984496124031
boj/minutes/boj_2024-12-19_minutes_policy_board_6e596963.txt,BOJ,Japan,minutes,Policy Board,2024-12-19,2024,4,2024-Q4,92,1981,21.532608695652176,0.24358302776322682,5.244978021727743,-0.0020191822311963654,0.0,0.0,0.0005047955577990914,0.0,0.002523977788995457,0.0,0.005552751135790005
boj/minutes/boj_2025-01-24_minutes_policy_board_4232aa97.txt,BOJ,Japan,minutes,Policy Board,2025-01-24,2025,1,2025-Q1,152,3463,22.782894736842106,0.22472924187725632,5.11998266197986,-0.0008663008951775916,0.0008663008951775916,0.0,0.0008663008951775916,0.0,0.002310135720473578,0.0,0.0040427375108287615
boj/minutes/boj_2025-03-19_minutes_policy_board_6e0ddea7.txt,BOJ,Japan,minutes,Policy Board,2025-03-19,2025,1,2025-Q1,107,2211,20.66355140186916,0.24201127819548873,5.000812486824539,-0.0013568521031207597,0.0,0.0,0.0009045680687471732,0.0,0.0027137042062415195,0.0,0.004975124378109453
boj/minutes/boj_2025-05-01_minutes_policy_board_94e05f52.txt,BOJ,Japan,minutes,Policy Board,2025-05-01,2025,2,2025-Q2,99,2116,21.373737373737374,0.2512315270935961,5.369756680101508,-0.0004725897920604915,0.0004725897920604915,0.0,0.0004725897920604915,-0.0014177693761814746,0.0023629489603024575,0.0,-0.007088846880907372
boj/minutes/boj_2025-06-17_minutes_policy_board_ffb256da.txt,BOJ,Japan,minutes,Policy Board,2025-06-17,2025,2,2025-Q2,100,2165,21.65,0.24795771263815472,5.368284478616049,-0.00046189376443418013,0.00046189376443418013,0.0,0.0,0.0,0.0018475750577367205,0.0,-0.005080831408775982
boj/policy_statement/boj_2020-01-21_policy_statement_bank_of_japan_3aed32a1.txt,BOJ,Japan,policy_statement,Bank of Japan,2020-01-21,2020,1,2020-Q1,4,92,23.0,0.22988505747126436,5.287356321839081,0.0,0.0,0.0,0.0,0.0,0.0,0.0,0.0
boj/policy_statement/boj_2020-01-21_policy_statement_bank_of_japan_95e04c8d.txt,BOJ,Japan,policy_statement,Bank of Japan,2020-01-21,2020,1,2020-Q1,14,362,25.857142857142858,0.23410404624277456,6.053261767134599,0.008287292817679558,0.0,0.0,0.0,0.0,0.0,0.0,0.008287292817679558
boj/policy_statement/boj_2020-03-16_policy_statement_bank_of_japan_d1a243c2.txt,BOJ,Japan,policy_statement,Bank of Japan,2020-03-16,2020,1,2020-Q1,13,352,27.076923076923077,0.23170731707317074,6.273921200750469,0.002840909090909091,0.0,0.0,0.0,0.0,0.0,0.0,0.0
boj/policy_statement/boj_2020-03-16_policy_statement_bank_of_japan_d5b17586.txt,BOJ,Japan,policy_statement,Bank of Japan,2020-03-16,2020,1,2020-Q1,10,310,31.0,0.2702702702702703,8.378378378378379,0.0,0.0,0.0,0.0,-0.0064516129032258064,0.0,0.0,-0.012903225806451613
boj/policy_statement/boj_2020-04-27_policy_statement_bank_of_japan_01e96745.txt,BOJ,Japan,policy_statement,Bank of Japan,2020-04-27,2020,2,2020-Q2,8,153,19.125,0.2585034013605442,4.9438775510204085,0.0,0.0,0.0,0.0,0.0,0.0,0.0,0.006535947712418301
boj/policy_statement/boj_2020-04-27_policy_statement_bank_of_japan_a55a1f30.txt,BOJ,Japan,policy_statement,Bank of Japan,2020-04-27,2020,2,2020-Q2,14,494,35.285714285714285,0.2515991471215352,8.877855619859885,0.004048582995951417,0.0,0.0,0.0,0.0020242914979757085,0.0,0.0,0.0020242914979757085
boj/policy_statement/boj_2020-05-22_policy_statement_bank_of_japan_31c18665.txt,BOJ,Japan,policy_statement,Bank of Japan,2020-05-22,2020,2,2020-Q2,10,274,27.4,0.21235521235521235,5.818532818532818,0.0,0.0,0.0,0.0,0.0,0.0,0.0,-0.0036496350364963502
boj/policy_statement/boj_2020-05-22_policy_statement_bank_of_japan_c18374c7.txt,BOJ,Japan,policy_statement,Bank of Japan,2020-05-22,2020,2,2020-Q2,4,102,25.5,0.2653061224489796,6.76530612244898,0.0,0.0,0.0,0.0,0.0,0.0,0.0,-0.00980392156862745
boj/policy_statement/boj_2020-06-16_policy_statement_bank_of_japan_9abbb6ab.txt,BOJ,Japan,policy_statement,Bank of Japan,2020-06-16,2020,2,2020-Q2,7,198,28.285714285714285,0.25668449197860965,7.260504201680673,0.0,0.0,0.0,0.0,0.0,0.0,0.0,-0.005050505050505051
boj/policy_statement/boj_2020-06-16_policy_statement_bank_of_japan_f9c39288.txt,BOJ,Japan,policy_statement,Bank of Japan,2020-06-16,2020,2,2020-Q2,17,476,28.0,0.21603563474387527,6.048997772828508,0.004201680672268907,0.0,0.0,0.0,0.0,0.0,0.0,0.0
boj/policy_statement/boj_2020-07-15_policy_statement_bank_of_japan_02c46695.txt,BOJ,Japan,policy_statement,Bank of Japan,2020-07-15,2020,3,2020-Q3,6,180,30.0,0.2647058823529412,7.9411764705882355,0.0,0.0,0.0,0.0,0.0,0.0,0.0,-0.005555555555555556
boj/policy_statement/boj_2020-07-15_policy_statement_bank_of_japan_f98823e5.txt,BOJ,Japan,policy_statement,Bank of Japan,2020-07-15,2020,3,2020-Q3,17,481,28.294117647058822,0.21806167400881057,6.169862658719875,0.004158004158004158,0.0,0.0,0.0,0.0,0.0,0.0,0.0
boj/policy_statement/boj_2020-09-17_policy_statement_bank_of_japan_4ee3762e.txt,BOJ,Japan,policy_statement,Bank of Japan,2020-09-17,2020,3,2020-Q3,11,254,23.09090909090909,0.256198347107438,5.915852742299022,0.0,0.0,0.0,0.0,-0.003937007874015748,0.0,0.0,-0.011811023622047244
boj/policy_statement/boj_2020-09-17_policy_statement_bank_of_japan_c75c83c8.txt,BOJ,Japan,policy_statement,Bank of Japan,2020-09-17,2020,3,2020-Q3,33,862,26.12121212121212,0.24271844660194175,6.340100029420418,0.001160092807424594,0.0,0.0,0.0,0.0,0.002320185614849188,0.0,-0.0034802784222737818
boj/policy_statement/boj_2020-10-29_policy_statement_bank_of_japan_08d3d607.txt,BOJ,Japan,policy_statement,Bank of Japan,2020-10-29,2020,4,2020-Q4,6,180,30.0,0.2647058823529412,7.9411764705882355,0.0,0.0,0.0,0.0,0.0,0.0,0.0,-0.005555555555555556
boj/policy_statement/boj_2020-10-29_policy_statement_bank_of_japan_c02854ab.txt,BOJ,Japan,policy_statement,Bank of Japan,2020-10-29,2020,4,2020-Q4,17,490,28.823529411764707,0.21814254859611232,6.287638165417355,0.004081632653061225,0.0,0.0,0.0,0.0,0.0,0.0,0.0
boj/policy_statement/boj_2020-12-18_policy_statement_bank_of_japan_0874faa6.txt,BOJ,Japan,policy_statement,Bank of Japan,2020-12-18,2020,4,2020-Q4,33,808,24.484848484848484,0.24285714285714285,5.946320346320346,0.0,0.0,0.0,0.0,0.0,0.0024752475247524753,0.0,-0.0037128712871287127
boj/policy_statement/boj_2020-12-18_policy_statement_bank_of_japan_afb4e0e6.txt,BOJ,Japan,policy_statement,Bank of Japan,2020-12-18,2020,4,2020-Q4,10,263,26.3,0.208,5.4704,0.0038022813688212928,0.0,0.0,0.0,-0.0038022813688212928,0.0,0.0,-0.011406844106463879
boj/policy_statement/boj_2021-01-21_policy_statement_bank_of_japan_f6c7ae50.txt,BOJ,Japan,policy_statement,Bank of Japan,2021-01-21,2021,1,2021-Q1,19,555,29.210526315789473,0.21673003802281368,6.330798479087452,0.0036036036036036037,0.0018018018018018018,0.0,0.0,0.0,0.0,0.0,0.0
boj/policy_statement/boj_2021-01-21_policy_statement_bank_of_japan_f75a4ac4.txt,BOJ,Japan,policy_statement,Bank of Japan,2021-01-21,2021,1,2021-Q1,6,209,34.833333333333336,0.23857868020304568,8.310490693739425,0.0,0.0,0.0,0.0,0.0,0.0,0.0,0.0
boj/policy_statement/boj_2021-03-19_policy_statement_bank_of_japan_6d9b5a31.txt,BOJ,Japan,policy_statement,Bank of Japan,2021-03-19,2021,1,2021-Q1,15,462,30.8,0.279445727482679,8.606928406466514,0.0021645021645021645,0.0,0.0,0.0,0.0,0.0,0.0,0.0
boj/policy_statement/boj_2021-03-19_policy_statement_bank_of_japan_de2ec86c.txt,BOJ,Japan,policy_statement,Bank of Japan,2021-03-19,2021,1,2021-Q1,34,875,25.735294117647058,0.25478468899521534,6.5569589079651,0.001142857142857143,0.0,0.0,0.0,0.0,0.002285714285714286,0.0,-0.009142857142857144
boj/policy_statement/boj_2021-04-27_policy_statement_bank_of_japan_4c4ec6e6.txt,BOJ,Japan,policy_statement,Bank of Japan,2021-04-27,2021,2,2021-Q2,15,464,30.933333333333334,0.21232876712328766,6.568036529680365,0.004310344827586207,0.0,0.0,0.0,0.0,0.0,0.0,0.0
boj/policy_statement/boj_2021-04-27_policy_statement_bank_of_japan_9fdc4bdd.txt,BOJ,Japan,policy_statement,Bank of Japan,2021-04-27,2021,2,2021-Q2,6,188,31.333333333333332,0.25862068965517243,8.10344827586207,0.0,0.0,0.0,0.0,0.0,0.0,0.0,0.0
boj/policy_statement/boj_2021-06-18_policy_statement_bank_of_japan_647813c5.txt,BOJ,Japan,policy_statement,Bank of Japan,2021-06-18,2021,2,2021-Q2,8,247,30.875,0.23348017621145375,7.208700440528634,0.0,0.0,0.0,0.0,0.0,0.0,0.0,0.0
boj/policy_statement/boj_2021-06-18_policy_statement_bank_of_japan_b2ed4516.txt,BOJ,Japan,policy_statement,Bank of Japan,2021-06-18,2021,2,2021-Q2,17,553,32.529411764705884,0.20309477756286268,6.60655364660371,0.003616636528028933,0.0,0.0,0.0,0.0,0.0,0.0,0.003616636528028933
boj/policy_statement/boj_2021-07-16_policy_statement_bank_of_japan_7fab5474.txt,BOJ,Japan,policy_statement,Bank of Japan,2021-07-16,2021,3,2021-Q3,5,172,34.4,0.24050632911392406,8.273417721518987,0.0,0.0,0.0,0.0,0.0,0.0,0.0,0.005813953488372093
boj/policy_statement/boj_2021-07-16_policy_statement_bank_of_japan_b7862947.txt,BOJ,Japan,policy_statement,Bank of Japan,2021-07-16,2021,3,2021-Q3,15,444,29.6,0.20574162679425836,6.089952153110048,0.0045045045045045045,0.0,0.0,0.0,0.0,0.0,0.0,0.0022522522522522522
boj/policy_statement/boj_2021-09-22_policy_statement_bank_of_japan_9f9a7dd2.txt,BOJ,Japan,policy_statement,Bank of Japan,2021-09-22,2021,3,2021-Q3,16,475,29.6875,0.20758928571428573,6.162806919642858,0.004210526315789474,0.0,0.0,0.0,0.0,0.0,0.0,0.002105263157894737
boj/policy_statement/boj_2021-09-22_policy_statement_bank_of_japan_d9cc40e0.txt,BOJ,Japan,policy_statement,Bank of Japan,2021-09-22,2021,3,2021-Q3,10,262,26.2,0.24696356275303644,6.470445344129555,0.0,0.0,0.0,0.0,0.0,0.0,0.0,-0.003816793893129771
boj/policy_statement/boj_2021-10-28_policy_statement_bank_of_japan_b1992142.txt,BOJ,Japan,policy_statement,Bank of Japan,2021-10-28,2021,4,2021-Q4,6,181,30.166666666666668,0.23353293413173654,7.044910179640719,0.0,0.0,0.0,0.0,0.0,0.0,0.0,0.0055248618784530384
boj/policy_statement/boj_2021-12-17_policy_statement_bank_of_japan_1d180423.txt,BOJ,Japan,policy_statement,Bank of Japan,2021-12-17,2021,4,2021-Q4,32,848,26.5,0.25061425061425063,6.641277641277642,-0.003537735849056604,0.0,0.0,0.0,-0.0011792452830188679,0.0,0.0,-0.00589622641509434
boj/policy_statement/boj_2021-12-17_policy_statement_bank_of_japan_43f49d54.txt,BOJ,Japan,policy_statement,Bank of Japan,2021-12-17,2021,4,2021-Q4,38,1023,26.92105263157895,0.22577319587628866,6.07805208898535,0.0,0.0,0.0,0.0,0.0,0.0019550342130987292,0.0,-0.006842619745845552
boj/policy_statement/boj_2022-01-01_policy_statement_bank_of_japan_2fdbc49b.txt,BOJ,Japan,policy_statement,Bank of Japan,2022-01-01,2022,1,2022-Q1,1,83,83.0,0.4461538461538462,37.03076923076923,0.0,0.0,0.0,0.0,0.0,0.0,0.0,0.0
boj/policy_statement/boj_2022-01-18_policy_statement_bank_of_japan_1d1720d3.txt,BOJ,Japan,policy_statement,Bank of Japan,2022-01-18,2022,1,2022-Q1,16,460,28.75,0.20323325635103925,5.842956120092379,0.004347826086956522,0.0,0.0,0.0,0.0,0.0,0.0,0.002173913043478261
boj/policy_statement/boj_2022-01-18_policy_statement_bank_of_japan_517505c7.txt,BOJ,Japan,policy_statement,Bank of Japan,2022-01-18,2022,1,2022-Q1,5,172,34.4,0.24050632911392406,8.273417721518987,0.0,0.0,0.0,0.0,0.0,0.0,0.0,0.005813953488372093
boj/policy_statement/boj_2022-03-18_policy_statement_bank_of_japan_0be97ade.txt,BOJ,Japan,policy_statement,Bank of Japan,2022-03-18,2022,1,2022-Q1,28,673,24.035714285714285,0.26976744186046514,6.48405315614618,-0.004457652303120356,0.0,0.0,0.0,-0.0014858841010401188,0.0029717682020802376,0.0,-0.010401188707280832
boj/policy_statement/boj_2022-03-18_policy_statement_bank_of_japan_6001642b.txt,BOJ,Japan,policy_statement,Bank of Japan,2022-03-18,2022,1,2022-Q1,45,964,21.42222222222222,0.23752711496746204,5.088358640636297,-0.001037344398340249,0.0,0.0,0.0,-0.001037344398340249,0.002074688796680498,0.0,-0.008298755186721992
boj/policy_statement/boj_2022-04-28_policy_statement_bank_of_japan_7c93a4a2.txt,BOJ,Japan,policy_statement,Bank of Japan,2022-04-28,2022,2,2022-Q2,11,300,27.272727272727273,0.21254355400696864,5.796642382008236,0.006666666666666667,0.0,0.0,0.0,0.0,0.0,0.0,0.0033333333333333335
boj/policy_statement/boj_2022-04-28_policy_statement_bank_of_japan_83610baf.txt,BOJ,Japan,policy_statement,Bank of Japan,2022-04-28,2022,2,2022-Q2,9,255,28.333333333333332,0.251063829787234,7.113475177304964,0.0,0.0,0.0,0.0,0.0,0.0,0.0,0.0
boj/policy_statement/boj_2022-06-17_policy_statement_bank_of_japan_03f786f4.txt,BOJ,Japan,policy_statement,Bank of Japan,2022-06-17,2022,2,2022-Q2,12,327,27.25,0.21864951768488747,5.958199356913184,0.0061162079510703364,0.0,0.0,0.0,0.0,0.0,0.0,0.0030581039755351682
boj/policy_statement/boj_2022-06-17_policy_statement_bank_of_japan_0b0e4cb4.txt,BOJ,Japan,policy_statement,Bank of Japan,2022-06-17,2022,2,2022-Q2,30,733,24.433333333333334,0.23897581792318634,5.8389758179231865,-0.002728512960436562,0.0,0.0,0.001364256480218281,-0.001364256480218281,0.002728512960436562,0.0,-0.008185538881309686
boj/policy_statement/boj_2022-07-21_policy_statement_bank_of_japan_afd6dd3a.txt,BOJ,Japan,policy_statement,Bank of Japan,2022-07-21,2022,3,2022-Q3,11,275,25.0,0.24705882352941178,6.176470588235294,0.0,0.0,0.0,0.0,0.0,0.0,0.0,0.0
boj/policy_statement/boj_2022-07-21_policy_statement_bank_of_japan_ffb0d558.txt,BOJ,Japan,policy_statement,Bank of Japan,2022-07-21,2022,3,2022-Q3,14,405,28.928571428571427,0.2109375,6.102120535714286,0.0049382716049382715,0.0,0.0,0.0,0.0,0.0,0.0,0.0024691358024691358
boj/policy_statement/boj_2022-09-22_policy_statement_bank_of_japan_851b482a.txt,BOJ,Japan,policy_statement,Bank of Japan,2022-09-22,2022,3,2022-Q3,32,783,24.46875,0.23872679045092837,5.841346153846153,-0.0038314176245210726,0.0,0.0,0.001277139208173691,-0.001277139208173691,0.0,0.0,-0.005108556832694764
boj/policy_statement/boj_2022-09-22_policy_statement_bank_of_japan_a6cc02f8.txt,BOJ,Japan,policy_statement,Bank of Japan,2022-09-22,2022,3,2022-Q3,32,918,28.6875,0.2151029748283753,6.170766590389016,-0.002178649237472767,0.0,0.0,0.0010893246187363835,0.0,0.0010893246187363835,0.0,-0.0032679738562091504
boj/policy_statement/boj_2022-10-28_policy_statement_bank_of_japan_1a1a3de5.txt,BOJ,Japan,policy_statement,Bank of Japan,2022-10-28,2022,4,2022-Q4,10,340,34.0,0.20249221183800623,6.8847352024922115,0.0029411764705882353,0.0,0.0,0.0,0.0,0.0,0.0,0.0029411764705882353
boj/policy_statement/boj_2022-10-28_policy_statement_bank_of_japan_31748f58.txt,BOJ,Japan,policy_statement,Bank of Japan,2022-10-28,2022,4,2022-Q4,8,222,27.75,0.25365853658536586,7.0390243902439025,0.0,0.0,0.0,0.0,0.0,0.0,0.0,-0.0045045045045045045
boj/policy_statement/boj_2022-12-20_policy_statement_bank_of_japan_7d8867c7.txt,BOJ,Japan,policy_statement,Bank of Japan,2022-12-20,2022,4,2022-Q4,11,385,35.0,0.19667590027700832,6.8836565096952915,0.0025974025974025974,0.0,0.0,0.0,0.0,0.0,0.0,0.005194805194805195
boj/policy_statement/boj_2022-12-20_policy_statement_bank_of_japan_8673a809.txt,BOJ,Japan,policy_statement,Bank of Japan,2022-12-20,2022,4,2022-Q4,28,625,22.321428571428573,0.2676767676767677,5.97492784992785,-0.0032,0.0,0.0,0.0016,-0.0016,0.0016,0.0,0.0032
boj/policy_statement/boj_2023-01-01_policy_statement_bank_of_japan_60ef15ab.txt,BOJ,Japan,policy_statement,Bank of Japan,2023-01-01,2023,1,2023-Q1,1,45,45.0,0.4074074074074074,18.333333333333332,0.0,0.0,0.0,0.0,0.0,0.0,0.0,0.0
boj/policy_statement/boj_2023-01-18_policy_statement_bank_of_japan_5f8f0bd4.txt,BOJ,Japan,policy_statement,Bank of Japan,2023-01-18,2023,1,2023-Q1,12,456,38.0,0.21779859484777517,8.276346604215457,0.0021929824561403508,0.0,0.0,0.0,0.0,0.0,0.0,0.0043859649122807015
boj/policy_statement/boj_2023-01-18_policy_statement_bank_of_japan_fb8f51d5.txt,BOJ,Japan,policy_statement,Bank of Japan,2023-01-18,2023,1,2023-Q1,10,280,28.0,0.25096525096525096,7.027027027027027,0.0,0.0,0.0,0.0,0.0,0.0,0.0,-0.0035714285714285713
boj/policy_statement/boj_2023-03-10_policy_statement_bank_of_japan_94994806.txt,BOJ,Japan,policy_statement,Bank of Japan,2023-03-10,2023,1,2023-Q1,29,832,28.689655172413794,0.22613065326633167,6.487610466123723,-0.001201923076923077,0.0,0.0,0.001201923076923077,0.0,0.001201923076923077,0.0,0.0
boj/policy_statement/boj_2023-03-10_policy_statement_bank_of_japan_9caba473.txt,BOJ,Japan,policy_statement,Bank of Japan,2023-03-10,2023,1,2023-Q1,28,674,24.071428571428573,0.2585139318885449,6.222799646174259,-0.002967359050445104,0.0,0.0,0.001483679525222552,-0.001483679525222552,0.001483679525222552,0.0,-0.001483679525222552
boj/policy_statement/boj_2023-04-28_policy_statement_bank_of_japan_96e98819.txt,BOJ,Japan,policy_statement,Bank of Japan,2023-04-28,2023,2,2023-Q2,18,508,28.22222222222222,0.2231404958677686,6.297520661157025,0.005905511811023622,0.0,0.0,0.0,0.0,0.0,0.0,0.003937007874015748
boj/policy_statement/boj_2023-04-28_policy_statement_bank_of_japan_9c891ad5.txt,BOJ,Japan,policy_statement,Bank of Japan,2023-04-28,2023,2,2023-Q2,15,362,24.133333333333333,0.2403560830860534,5.800593471810089,0.0055248618784530384,0.0,0.0,0.0,0.0,0.0,0.0,0.0
boj/policy_statement/boj_2023-06-16_policy_statement_bank_of_japan_2e6672b3.txt,BOJ,Japan,policy_statement,Bank of Japan,2023-06-16,2023,2,2023-Q2,31,704,22.70967741935484,0.27662721893491127,6.282114907425082,-0.0014204545454545455,0.0,0.0,0.0014204545454545455,0.0,0.0,0.0,-0.0014204545454545455
boj/policy_statement/boj_2023-06-16_policy_statement_bank_of_japan_6b79ee2c.txt,BOJ,Japan,policy_statement,Bank of Japan,2023-06-16,2023,2,2023-Q2,32,866,27.0625,0.2446043165467626,6.619604316546763,0.0,0.0,0.0,0.0011547344110854503,0.0,0.0011547344110854503,0.0,0.0011547344110854503
boj/policy_statement/boj_2023-07-28_policy_statement_bank_of_japan_b920d224.txt,BOJ,Japan,policy_statement,Bank of Japan,2023-07-28,2023,3,2023-Q3,25,550,22.0,0.2684310018903592,5.905482041587902,0.0,0.0,0.0,0.0018181818181818182,-0.0036363636363636364,0.0,0.0,-0.00909090909090909
boj/policy_statement/boj_2023-07-28_policy_statement_bank_of_japan_f63b5ff9.txt,BOJ,Japan,policy_statement,Bank of Japan,2023-07-28,2023,3,2023-Q3,23,651,28.304347826086957,0.2229299363057325,6.309886458044863,0.0015360983102918587,0.0,0.0,0.0015360983102918587,-0.0015360983102918587,0.0,0.0,0.0
boj/policy_statement/boj_2023-09-22_policy_statement_bank_of_japan_e40d8127.txt,BOJ,Japan,policy_statement,Bank of Japan,2023-09-22,2023,3,2023-Q3,33,888,26.90909090909091,0.25029239766081873,6.735140882509304,0.0,0.0,0.0,0.0011261261261261261,0.0,0.0011261261261261261,0.0,0.0011261261261261261
boj/policy_statement/boj_2023-09-22_policy_statement_bank_of_japan_e7820358.txt,BOJ,Japan,policy_statement,Bank of Japan,2023-09-22,2023,3,2023-Q3,31,713,23.0,0.2846715328467153,6.547445255474452,-0.001402524544179523,0.0,0.0,0.001402524544179523,0.0,0.0,0.0,0.001402524544179523
boj/policy_statement/boj_2023-10-31_policy_statement_bank_of_japan_3b289036.txt,BOJ,Japan,policy_statement,Bank of Japan,2023-10-31,2023,4,2023-Q4,15,441,29.4,0.2956730769230769,8.692788461538461,0.0022675736961451248,0.0,0.0,0.0,-0.0022675736961451248,0.0,0.0,0.0
boj/policy_statement/boj_2023-10-31_policy_statement_bank_of_japan_a75fd326.txt,BOJ,Japan,policy_statement,Bank of Japan,2023-10-31,2023,4,2023-Q4,19,559,29.42105263157895,0.2271880819366853,6.684112515926689,0.0035778175313059034,0.0,0.0,0.0,0.0,0.0,0.0,0.008944543828264758
boj/policy_statement/boj_2023-12-19_policy_statement_bank_of_japan_8f962b4b.txt,BOJ,Japan,policy_statement,Bank of Japan,2023-12-19,2023,4,2023-Q4,33,845,25.606060606060606,0.25552825552825553,6.543071997617452,0.0,0.0,0.0,0.001183431952662722,0.0,0.001183431952662722,0.0,0.0035502958579881655
boj/policy_statement/boj_2023-12-19_policy_statement_bank_of_japan_efbbc528.txt,BOJ,Japan,policy_statement,Bank of Japan,2023-12-19,2023,4,2023-Q4,32,691,21.59375,0.291981845688351,6.30498298033283,-0.001447178002894356,0.0,0.0,0.001447178002894356,0.0,0.0,0.0,0.001447178002894356
boj/policy_statement/boj_2024-01-23_policy_statement_bank_of_japan_01d6e964.txt,BOJ,Japan,policy_statement,Bank of Japan,2024-01-23,2024,1,2024-Q1,10,275,27.5,0.27734375,7.626953125,0.0036363636363636364,0.0,0.0,0.0,0.0,0.0,0.0,0.0
boj/policy_statement/boj_2024-01-23_policy_statement_bank_of_japan_37ee0cb2.txt,BOJ,Japan,policy_statement,Bank of Japan,2024-01-23,2024,1,2024-Q1,15,451,30.066666666666666,0.22790697674418606,6.852403100775194,0.004434589800443459,0.0,0.0,0.0,0.0,0.0,0.0,0.004434589800443459
boj/policy_statement/boj_2024-03-19_policy_statement_bank_of_japan_61e06359.txt,BOJ,Japan,policy_statement,Bank of Japan,2024-03-19,2024,1,2024-Q1,28,821,29.321428571428573,0.24341279799247176,7.137210969707833,-0.00243605359317905,0.0,0.0,0.001218026796589525,0.0,0.001218026796589525,0.0,0.0
boj/policy_statement/boj_2024-03-19_policy_statement_bank_of_japan_e856995b.txt,BOJ,Japan,policy_statement,Bank of Japan,2024-03-19,2024,1,2024-Q1,25,505,20.2,0.2714285714285714,5.482857142857142,0.0,0.0,0.0,0.0,0.0,0.0,0.0,-0.007920792079207921
boj/policy_statement/boj_2024-04-26_policy_statement_bank_of_japan_a238ba68.txt,BOJ,Japan,policy_statement,Bank of Japan,2024-04-26,2024,2,2024-Q2,2,44,22.0,0.2682926829268293,5.902439024390244,0.0,0.0,0.0,0.0,0.0,0.0,0.0,0.0
boj/policy_statement/boj_2024-06-14_policy_statement_bank_of_japan_6a5fa544.txt,BOJ,Japan,policy_statement,Bank of Japan,2024-06-14,2024,2,2024-Q2,24,601,25.041666666666668,0.23850085178875638,5.972458830210108,-0.004991680532445923,0.0,0.0,0.0,0.0,0.0033277870216306157,0.0,0.004991680532445923
boj/policy_statement/boj_2024-06-14_policy_statement_bank_of_japan_ed357271.txt,BOJ,Japan,policy_statement,Bank of Japan,2024-06-14,2024,2,2024-Q2,11,258,23.454545454545453,0.2782258064516129,6.52565982404692,-0.003875968992248062,0.0,0.0,0.0,0.0,0.003875968992248062,0.0,0.003875968992248062
boj/policy_statement/boj_2024-07-31_policy_statement_bank_of_japan_18847adf.txt,BOJ,Japan,policy_statement,Bank of Japan,2024-07-31,2024,3,2024-Q3,9,177,19.666666666666668,0.24691358024691357,4.8559670781893,0.0,0.0,0.0,0.0,0.0,0.0,0.0,0.0
boj/policy_statement/boj_2024-07-31_policy_statement_bank_of_japan_a194f09e.txt,BOJ,Japan,policy_statement,Bank of Japan,2024-07-31,2024,3,2024-Q3,17,383,22.529411764705884,0.24456521739130435,5.509910485933505,0.0026109660574412533,0.0,0.0,0.0,0.0026109660574412533,0.0,0.0,0.005221932114882507
boj/policy_statement/boj_2024-09-20_policy_statement_bank_of_japan_456ca02c.txt,BOJ,Japan,policy_statement,Bank of Japan,2024-09-20,2024,3,2024-Q3,19,447,23.526315789473685,0.2608695652173913,6.137299771167048,-0.006711409395973154,0.0,0.0,0.0,0.0,0.0044742729306487695,0.0,0.0044742729306487695
boj/policy_statement/boj_2024-09-20_policy_statement_bank_of_japan_edbedc32.txt,BOJ,Japan,policy_statement,Bank of Japan,2024-09-20,2024,3,2024-Q3,5,114,22.8,0.22018348623853212,5.020183486238532,-0.008771929824561403,0.0,0.0,0.0,0.0,0.0,0.0,-0.008771929824561403
boj/policy_statement/boj_2024-12-19_policy_statement_bank_of_japan_897a6846.txt,BOJ,Japan,policy_statement,Bank of Japan,2024-12-19,2024,4,2024-Q4,5,108,21.6,0.19047619047619047,4.114285714285715,0.0,0.0,0.0,0.0,0.0,0.0,0.0,0.009259259259259259
boj/policy_statement/boj_2024-12-19_policy_statement_bank_of_japan_efd603ed.txt,BOJ,Japan,policy_statement,Bank of Japan,2024-12-19,2024,4,2024-Q4,4,67,16.75,0.2,3.35,0.0,0.0,0.0,0.0,0.0,0.0,0.0,0.0
boj/policy_statement/boj_2025-01-24_policy_statement_bank_of_japan_41e3d989.txt,BOJ,Japan,policy_statement,Bank of Japan,2025-01-24,2025,1,2025-Q1,23,729,31.695652173913043,0.23680456490727533,7.505675122495814,0.0027434842249657062,0.0,0.0,0.0,0.0,0.0013717421124828531,0.0,0.00411522633744856
boj/policy_statement/boj_2025-01-24_policy_statement_bank_of_japan_b7456594.txt,BOJ,Japan,policy_statement,Bank of Japan,2025-01-24,2025,1,2025-Q1,9,209,23.22222222222222,0.2512315270935961,5.834154351395731,0.004784688995215311,0.0,0.0,0.0,0.0,0.004784688995215311,0.0,0.004784688995215311
boj/policy_statement/boj_2025-03-19_policy_statement_bank_of_japan_8dcff68e.txt,BOJ,Japan,policy_statement,Bank of Japan,2025-03-19,2025,1,2025-Q1,19,510,26.842105263157894,0.254,6.8178947368421055,-0.00784313725490196,0.0,0.0,0.0,0.0,0.00392156862745098,0.0,0.00392156862745098
boj/policy_statement/boj_2025-03-19_policy_statement_bank_of_japan_93b32bd8.txt,BOJ,Japan,policy_statement,Bank of Japan,2025-03-19,2025,1,2025-Q1,5,165,33.0,0.2625,8.6625,-0.006060606060606061,0.0,0.0,0.0,0.0,0.0,0.0,0.012121212121212121
boj/policy_statement/boj_2025-06-17_policy_statement_bank_of_japan_18f176c8.txt,BOJ,Japan,policy_statement,Bank of Japan,2025-06-17,2025,2,2025-Q2,27,736,27.25925925925926,0.24068767908309455,6.560967844635466,-0.004076086956521739,0.0,0.0,0.0,-0.001358695652173913,0.001358695652173913,0.0,-0.001358695652173913
boj/policy_statement/boj_2025-06-17_policy_statement_bank_of_japan_568559d5.txt,BOJ,Japan,policy_statement,Bank of Japan,2025-06-17,2025,2,2025-Q2,5,180,36.0,0.2289156626506024,8.240963855421686,0.0,0.0,0.0,0.0,0.0,0.0,0.0,0.005555555555555556
boj/policy_statement/boj_2025-09-19_policy_statement_bank_of_japan_48620291.txt,BOJ,Japan,policy_statement,Bank of Japan,2025-09-19,2025,3,2025-Q3,29,663,22.862068965517242,0.22629969418960244,5.173679215438153,-0.004524886877828055,0.004524886877828055,0.0,0.0,-0.0015082956259426848,0.0030165912518853697,0.0,-0.006033182503770739
boj/policy_statement/boj_2025-10-30_policy_statement_bank_of_japan_143083b1.txt,BOJ,Japan,policy_statement,Bank of Japan,2025-10-30,2025,4,2025-Q4,1,50,50.0,0.1875,9.375,0.0,0.0,0.0,0.0,0.0,0.0,0.0,0.0
boj/policy_statement/boj_2025-12-19_policy_statement_bank_of_japan_3ee85d3f.txt,BOJ,Japan,policy_statement,Bank of Japan,2025-12-19,2025,4,2025-Q4,11,407,37.0,0.235,8.695,0.0,0.0,0.0,0.0,0.0,0.0,0.0,0.0
boj/speech/boj_2020-01-30_speech_masayoshi_amamiya_c3986951.txt,BOJ,Japan,speech,Masayoshi Amamiya,2020-01-30,2020,1,2020-Q1,197,5638,28.619289340101524,0.25059534713317455,7.1718607468875035,0.0,0.0,0.0,0.0,0.0,0.0,0.0,-0.002837885775097552
boj/speech/boj_2020-02-05_speech_masazumi_wakatabe_b1644323.txt,BOJ,Japan,speech,Masazumi Wakatabe,2020-02-05,2020,1,2020-Q1,296,6114,20.655405405405407,0.22328276802454405,4.611996093588049,-0.0016355904481517827,0.01046777886817141,0.0008177952240758914,0.0,-0.00032711808963035657,0.00032711808963035657,0.0,0.008832188420019628
boj/speech/boj_2020-02-06_speech_takako_masai_4064a0db.txt,BOJ,Japan,speech,Takako Masai,2020-02-06,2020,1,2020-Q1,139,4042,29.07913669064748,0.22977513569397778,6.681662578957253,-0.0012370113805047005,0.0019792182088075212,0.0004948045522018803,0.00024740227610094015,0.0,0.0012370113805047005,0.0,0.0034636318654131617
boj/speech/boj_2020-02-14_speech_masayoshi_amamiya_8e92d072.txt,BOJ,Japan,speech,Masayoshi Amamiya,2020-02-14,2020,1,2020-Q1,166,4351,26.210843373493976,0.23340574462949554,6.117761414957441,-0.0018386577798207308,0.0,0.0,0.0,0.0,0.0,0.0,0.0011491611123879567
boj/speech/boj_2020-02-27_speech_masayoshi_amamiya_1d88c186.txt,BOJ,Japan,speech,Masayoshi Amamiya,2020-02-27,2020,1,2020-Q1,111,2410,21.71171171171171,0.20595637583892618,4.471665457403712,0.0,0.0,0.0,0.0,-0.0004149377593360996,0.0,0.0,0.007053941908713693
boj/speech/boj_2020-05-14_speech_haruhiko_kuroda_594eab7d.txt,BOJ,Japan,speech,Haruhiko Kuroda,2020-05-14,2020,2,2020-Q2,128,3651,28.5234375,0.22165095686946587,6.322247215081405,0.0002738975623116954,0.0002738975623116954,0.0,0.0,0.0002738975623116954,0.0010955902492467817,0.0,-0.0008216926869350862
boj/speech/boj_2020-05-26_speech_haruhiko_kuroda_54e5381c.txt,BOJ,Japan,speech,Haruhiko Kuroda,2020-05-26,2020,2,2020-Q2,29,790,27.24137931034483,0.24473684210526317,6.666969147005445,0.0,0.0,0.0,0.0,0.0,0.002531645569620253,0.0,-0.006329113924050633
boj/speech/boj_2020-06-26_speech_haruhiko_kuroda_4b63d144.txt,BOJ,Japan,speech,Haruhiko Kuroda,2020-06-26,2020,2,2020-Q2,44,878,19.954545454545453,0.22743259085580306,4.538313972077161,0.0,0.0,0.0,0.0,-0.002277904328018223,0.0011389521640091116,0.0,-0.003416856492027335
boj/speech/boj_2020-07-29_speech_masayoshi_amamiya_639d5ee2.txt,BOJ,Japan,speech,Masayoshi Amamiya,2020-07-29,2020,3,2020-Q3,221,5267,23.832579185520363,0.2279441117764471,5.43249609378528,-0.000569584203531422,0.000569584203531422,0.0,-0.00018986140117714068,-0.00037972280235428136,0.000569584203531422,0.0,-0.0020884754129485475
boj/speech/boj_2020-08-05_speech_haruhiko_kuroda_4f8c9f9d.txt,BOJ,Japan,speech,Haruhiko Kuroda,2020-08-05,2020,3,2020-Q3,55,1030,18.727272727272727,0.2601626016260163,4.8721359940872135,-0.000970873786407767,0.0,0.0,0.0,-0.001941747572815534,0.000970873786407767,0.0,-0.000970873786407767
boj/speech/boj_2020-08-27_speech_hitoshi_suzuki_d8735f75.txt,BOJ,Japan,speech,Hitoshi Suzuki,2020-08-27,2020,3,2020-Q3,216,5003,23.162037037037038,0.2229189189189189,5.163256256256256,0.0005996402158704777,0.0009994003597841295,0.0,0.0,0.0,0.0005996402158704777,0.0,-0.004597241655006996
boj/speech/boj_2020-09-02_speech_goushi_kataoka_130f9127.txt,BOJ,Japan,speech,Goushi Kataoka,2020-09-02,2020,3,2020-Q3,205,5302,25.86341463414634,0.20840130505709625,5.389969362988899,-0.001886080724254998,0.002829121086382497,0.0,-0.0005658242172764995,-0.0003772161448509996,0.0001886080724254998,0.0,-0.0007544322897019992
boj/speech/boj_2020-09-02_speech_masazumi_wakatabe_5ccddfb8.txt,BOJ,Japan,speech,Masazumi Wakatabe,2020-09-02,2020,3,2020-Q3,353,7890,22.35127478753541,0.21875422240237805,4.889435735849186,-0.0020278833967046894,0.00012674271229404308,0.00025348542458808617,0.0,-0.0012674271229404308,0.00038022813688212925,0.0,-0.001520912547528517
boj/speech/boj_2020-09-23_speech_haruhiko_kuroda_e6bf8432.txt,BOJ,Japan,speech,Haruhiko Kuroda,2020-09-23,2020,3,2020-Q3,122,2670,21.885245901639344,0.22923197492163008,5.016798139678298,-0.000749063670411985,0.000749063670411985,0.0,0.0,-0.0003745318352059925,0.0011235955056179776,0.0,0.0011235955056179776
boj/speech/boj_2020-10-07_speech_haruhiko_kuroda_0ba2b0ed.txt,BOJ,Japan,speech,Haruhiko Kuroda,2020-10-07,2020,4,2020-Q4,114,2355,20.657894736842106,0.23978685612788633,4.953491633168178,0.0,0.003821656050955414,0.0,0.0,0.0,0.0,0.0,0.009341825902335456
boj/speech/boj_2020-10-21_speech_makoto_sakurai_c6d3439d.txt,BOJ,Japan,speech,Makoto Sakurai,2020-10-21,2020,4,2020-Q4,226,5670,25.088495575221238,0.2345173888785568,5.883688473192111,-0.003350970017636684,0.0010582010582010583,0.0010582010582010583,-0.0001763668430335097,-0.0003527336860670194,0.0001763668430335097,0.0,0.003350970017636684
boj/speech/boj_2020-11-04_speech_haruhiko_kuroda_ee13cdde.txt,BOJ,Japan,speech,Haruhiko Kuroda,2020-11-04,2020,4,2020-Q4,143,3111,21.755244755244757,0.23725895316804407,5.161626596543952,0.0,0.0006428801028608164,0.0,-0.0003214400514304082,-0.0006428801028608164,0.0009643201542912247,0.0,0.0016072002571520412
boj/speech/boj_2020-11-06_speech_makoto_sakurai_6f2188b9.txt,BOJ,Japan,speech,Makoto Sakurai,2020-11-06,2020,4,2020-Q4,176,3810,21.647727272727273,0.23534269199009084,5.094634411830944,-0.003674540682414698,-0.00026246719160104987,0.0,0.0,-0.0005249343832020997,0.0026246719160104987,0.0,0.005774278215223097
boj/speech/boj_2020-11-12_speech_seiji_adachi_7e080902.txt,BOJ,Japan,speech,Seiji Adachi,2020-11-12,2020,4,2020-Q4,176,4026,22.875,0.23160173160173161,5.2978896103896105,-0.00024838549428713363,0.0007451564828614009,0.0,0.0,-0.0004967709885742673,0.0007451564828614009,0.00024838549428713363,0.0024838549428713363
boj/speech/boj_2020-11-16_speech_takako_masai_99140d40.txt,BOJ,Japan,speech,Takako Masai,2020-11-16,2020,4,2020-Q4,181,4841,26.74585635359116,0.2213871591153103,5.921189156227719,0.0008262755629002272,0.0028919644701507954,0.0,0.0,-0.0014459822350753977,0.0006197066721751704,0.0,0.0030985333608758523
boj/speech/boj_2020-11-24_speech_haruhiko_kuroda_6dc1daa8.txt,BOJ,Japan,speech,Haruhiko Kuroda,2020-11-24,2020,4,2020-Q4,52,1136,21.846153846153847,0.25292529252925294,5.525444852177526,0.0,0.0008802816901408451,0.0,0.0,-0.002640845070422535,0.0,0.0008802816901408451,-0.008802816901408451
boj/speech/boj_2020-11-24_speech_haruhiko_kuroda_9e4c0d73.txt,BOJ,Japan,speech,Haruhiko Kuroda,2020-11-24,2020,4,2020-Q4,32,714,22.3125,0.27482014388489207,6.131924460431654,0.0,0.0,0.0,0.0,0.0,0.0028011204481792717,0.0,0.0
boj/speech/boj_2020-12-02_speech_masayoshi_amamiya_951be40c.txt,BOJ,Japan,speech,Masayoshi Amamiya,2020-12-02,2020,4,2020-Q4,12,331,27.583333333333332,0.1974921630094044,5.447492163009405,0.0,0.0030211480362537764,0.0,0.0,0.0,0.0,0.0,0.006042296072507553
boj/speech/boj_2020-12-03_speech_hitoshi_suzuki_d6d86785.txt,BOJ,Japan,speech,Hitoshi Suzuki,2020-12-03,2020,4,2020-Q4,211,5103,24.18483412322275,0.2302865509307676,5.569442035069702,0.0009798157946306093,0.0013717421124828531,0.0,0.0,-0.0001959631589261219,0.0007838526357044876,0.0,-0.003723300019596316
boj/speech/boj_2020-12-24_speech_haruhiko_kuroda_fae01e44.txt,BOJ,Japan,speech,Haruhiko Kuroda,2020-12-24,2020,4,2020-Q4,222,5282,23.792792792792792,0.2178414974113899,5.183057609580907,0.000946611132146914,0.0003786444528587656,0.0,0.0,-0.0003786444528587656,0.0005679666792881485,0.0,0.004354411207875805
boj/speech/boj_2021-02-03_speech_masazumi_wakatabe_84b9dce3.txt,BOJ,Japan,speech,Masazumi Wakatabe,2021-02-03,2021,1,2021-Q1,317,7155,22.57097791798107,0.2239822353811991,5.055498088809084,-0.0016771488469601676,0.0006988120195667365,0.0,-0.0001397624039133473,-0.0004192872117400419,0.0009783368273934311,0.0,0.0005590496156533892
boj/speech/boj_2021-02-10_speech_toyoaki_nakamura_280c5e88.txt,BOJ,Japan,speech,Toyoaki Nakamura,2021-02-10,2021,1,2021-Q1,223,5442,24.40358744394619,0.22386587771203156,5.463130522461326,0.0003675119441381845,0.0012862918044836457,0.0,0.0,0.00018375597206909226,0.00018375597206909226,0.0,0.007717750826901874
boj/speech/boj_2021-03-03_speech_goushi_kataoka_22b3e522.txt,BOJ,Japan,speech,Goushi Kataoka,2021-03-03,2021,1,2021-Q1,133,3553,26.714285714285715,0.20566318926974664,5.494145199063232,-0.003658879819870532,0.0030959752321981426,0.0,0.0,-0.0005629045876723895,0.0,0.0,-0.0008443568815085843
boj/speech/boj_2021-03-08_speech_masayoshi_amamiya_065260af.txt,BOJ,Japan,speech,Masayoshi Amamiya,2021-03-08,2021,1,2021-Q1,198,4772,24.1010101010101,0.2355119825708061,5.6760766708479125,-0.002514668901927913,0.0008382229673093043,0.0,0.0,-0.0008382229673093043,0.0016764459346186086,0.00020955574182732607,0.002514668901927913
boj/speech/boj_2021-03-16_speech_haruhiko_kuroda_1f1ad8ae.txt,BOJ,Japan,speech,Haruhiko Kuroda,2021-03-16,2021,1,2021-Q1,63,1655,26.26984126984127,0.2782608695652174,7.309868875086266,0.0,0.0006042296072507553,0.0,0.0,0.0,0.0,0.0,0.00906344410876133
boj/speech/boj_2021-03-25_speech_haruhiko_kuroda_7d3b2977.txt,BOJ,Japan,speech,Haruhiko Kuroda,2021-03-25,2021,1,2021-Q1,85,1962,23.08235294117647,0.2347417840375587,5.418392709196355,0.0,0.0,0.0,0.0,0.0,0.0,0.0,0.0
boj/speech/boj_2021-03-29_speech_masayoshi_amamiya_4bc7f622.txt,BOJ,Japan,speech,Masayoshi Amamiya,2021-03-29,2021,1,2021-Q1,84,2497,29.726190476190474,0.18651778329197685,5.544463153334121,-0.016019223067681217,0.00040048057669203043,0.0,0.0,-0.0012014417300760913,0.0,0.0,-0.008009611533840609
boj/speech/boj_2021-03-30_speech_haruhiko_kuroda_6198959f.txt,BOJ,Japan,speech,Haruhiko Kuroda,2021-03-30,2021,1,2021-Q1,173,4803,27.76300578034682,0.2261514953067016,6.278645271434033,-0.002290235269623152,0.0018738288569643974,0.0,0.0,0.00020820320632937748,0.0016656256506350198,0.00020820320632937748,0.0033312513012700396
boj/speech/boj_2021-05-13_speech_haruhiko_kuroda_c504e35d.txt,BOJ,Japan,speech,Haruhiko Kuroda,2021-05-13,2021,2,2021-Q2,32,836,26.125,0.2376847290640394,6.209513546798029,0.0023923444976076554,0.0,0.0,0.0,0.0,0.0011961722488038277,0.0,0.0011961722488038277
boj/speech/boj_2021-05-19_speech_haruhiko_kuroda_a35d2a92.txt,BOJ,Japan,speech,Haruhiko Kuroda,2021-05-19,2021,2,2021-Q2,189,5037,26.650793650793652,0.22305070302513846,5.94447825998742,-0.0007941234862021044,0.0007941234862021044,0.0,0.0,0.0001985308715505261,0.0015882469724042088,0.0,0.0009926543577526306
boj/speech/boj_2021-05-24_speech_haruhiko_kuroda_e1ff8b52.txt,BOJ,Japan,speech,Haruhiko Kuroda,2021-05-24,2021,2,2021-Q2,86,1618,18.813953488372093,0.22103274559193956,4.158499794973933,-0.0006180469715698393,-0.002472187886279357,0.0,0.0,-0.0012360939431396785,0.0,0.0,-0.0030902348578491965
boj/speech/boj_2021-05-26_speech_hitoshi_suzuki_79c7e223.txt,BOJ,Japan,speech,Hitoshi Suzuki,2021-05-26,2021,2,2021-Q2,209,5741,27.4688995215311,0.23871689668034315,6.557290449004067,-0.0010451140916216688,0.0006967427277477791,0.0,0.0,-0.00034837136387388956,0.000870928409684724,0.0,-0.0027869709109911165
boj/speech/boj_2021-06-02_speech_seiji_adachi_13b97730.txt,BOJ,Japan,speech,Seiji Adachi,2021-06-02,2021,2,2021-Q2,188,4343,23.101063829787233,0.2338034903179536,5.401109353462088,0.0025328114206769514,0.00023025558369790466,0.0,0.0,-0.00023025558369790466,0.00046051116739580933,0.0,0.0036840893391664746
boj/speech/boj_2021-06-08_speech_masayoshi_amamiya_88a42158.txt,BOJ,Japan,speech,Masayoshi Amamiya,2021-06-08,2021,2,2021-Q2,135,4242,31.42222222222222,0.23493830147592548,7.382283517487969,0.0,0.0,0.0,0.0,0.0004714757190004715,0.0,0.0,-0.002828854314002829
boj/speech/boj_2021-07-21_speech_masayoshi_amamiya_3711d17d.txt,BOJ,Japan,speech,Masayoshi Amamiya,2021-07-21,2021,3,2021-Q3,144,3555,24.6875,0.21938325991189428,5.41602422907489,0.0008438818565400844,0.0008438818565400844,0.0,0.0,-0.0005625879043600563,0.0,0.0,0.0016877637130801688
boj/speech/boj_2021-07-27_speech_haruhiko_kuroda_239ce4e7.txt,BOJ,Japan,speech,Haruhiko Kuroda,2021-07-27,2021,3,2021-Q3,139,3315,23.848920863309353,0.25176326280282124,6.004282130873039,0.00030165912518853697,0.0,0.0,0.0,-0.0009049773755656109,0.0,0.0,-0.0033182503770739064
boj/speech/boj_2021-08-25_speech_toyoaki_nakamura_079a33fe.txt,BOJ,Japan,speech,Toyoaki Nakamura,2021-08-25,2021,3,2021-Q3,256,6240,24.375,0.23871733966745842,5.818735154394299,0.0003205128205128205,0.0014423076923076924,0.0,0.00016025641025641026,-0.0004807692307692308,0.0,0.0,0.00641025641025641
boj/speech/boj_2021-09-01_speech_goushi_kataoka_00c3783d.txt,BOJ,Japan,speech,Goushi Kataoka,2021-09-01,2021,3,2021-Q3,138,3418,24.768115942028984,0.2078720787207872,5.148599746867033,-0.0017554125219426564,0.0017554125219426564,0.0,0.0,0.0,0.0002925687536571094,0.0,0.004388531304856641
boj/speech/boj_2021-09-01_speech_masazumi_wakatabe_aec036e5.txt,BOJ,Japan,speech,Masazumi Wakatabe,2021-09-01,2021,3,2021-Q3,411,8333,20.27493917274939,0.21864342553997726,4.4329821533446,-0.0024000960038401535,0.0014400576023040922,0.00036001440057602306,-0.00012000480019200768,-0.0015600624024961,0.00012000480019200768,0.0,-0.0013200528021120844
boj/speech/boj_2021-09-27_speech_haruhiko_kuroda_0e2b2fee.txt,BOJ,Japan,speech,Haruhiko Kuroda,2021-09-27,2021,3,2021-Q3,154,3584,23.272727272727273,0.2204724409448819,5.130994989262706,-0.0008370535714285714,0.0013950892857142857,0.0,0.0,0.00027901785714285713,0.0,0.0,-0.0013950892857142857
boj/speech/boj_2021-10-06_speech_haruhiko_kuroda_b848557a.txt,BOJ,Japan,speech,Haruhiko Kuroda,2021-10-06,2021,4,2021-Q4,84,1671,19.892857142857142,0.20986093552465235,4.174733610258262,-0.0023937761819269898,0.0011968880909634949,0.0,-0.0017953321364452424,0.0,0.0,0.0,0.0005984440454817474
boj/speech/boj_2021-11-15_speech_haruhiko_kuroda_089fefc0.txt,BOJ,Japan,speech,Haruhiko Kuroda,2021-11-15,2021,4,2021-Q4,161,3763,23.372670807453417,0.22917831190609278,5.356509240388989,-0.0007972362476747276,0.0005314908317831517,0.0,-0.0005314908317831517,-0.00026574541589157585,0.0005314908317831517,0.0,-0.0031889449906989105
boj/speech/boj_2021-11-29_speech_haruhiko_kuroda_f5e5b1fb.txt,BOJ,Japan,speech,Haruhiko Kuroda,2021-11-29,2021,4,2021-Q4,76,1538,20.236842105263158,0.2636484687083888,5.335412432546079,0.0,0.0006501950585175553,0.0,0.0,-0.0006501950585175553,0.0,0.0,0.0013003901170351106
boj/speech/boj_2021-12-01_speech_seiji_adachi_81b2ef91.txt,BOJ,Japan,speech,Seiji Adachi,2021-12-01,2021,4,2021-Q4,183,4491,24.540983606557376,0.21675562775585983,5.319396307385609,-0.0037853484747272324,0.00022266755733689602,0.0,0.0,0.00022266755733689602,0.0006680026720106881,0.0,-0.0033400133600534404
boj/speech/boj_2021-12-02_speech_hitoshi_suzuki_98d85a78.txt,BOJ,Japan,speech,Hitoshi Suzuki,2021-12-02,2021,4,2021-Q4,209,5923,28.339712918660286,0.23859522085445328,6.7617200627795535,0.0005065000844166807,0.0006753334458889077,0.0,0.00016883336147222692,0.0,0.0005065000844166807,0.0,-0.0030390005065000845
boj/speech/boj_2021-12-08_speech_masayoshi_amamiya_cd998d75.txt,BOJ,Japan,speech,Masayoshi Amamiya,2021-12-08,2021,4,2021-Q4,185,4623,24.98918918918919,0.22708894878706198,5.674768704013987,-0.0015141682889898333,0.00043261951113995244,0.0,0.0,-0.00021630975556997622,0.00043261951113995244,0.0,-0.001081548777849881
boj/speech/boj_2021-12-23_speech_haruhiko_kuroda_7bdc3fbf.txt,BOJ,Japan,speech,Haruhiko Kuroda,2021-12-23,2021,4,2021-Q4,213,5722,26.863849765258216,0.2375893020699762,6.382563316640393,0.0003495281370150297,0.001223348479552604,0.0003495281370150297,-0.0003495281370150297,-0.001223348479552604,0.0006990562740300594,0.00017476406850751484,0.003320517301642782
boj/speech/boj_2022-02-09_speech_toyoaki_nakamura_acd92b78.txt,BOJ,Japan,speech,Toyoaki Nakamura,2022-02-09,2022,1,2022-Q1,223,5537,24.829596412556054,0.23831242873432154,5.91720142556923,-0.00018060321473722233,0.0018060321473722233,0.0,0.0,-0.0007224128589488893,0.00018060321473722233,0.0,0.011739208957919451
boj/speech/boj_2022-03-03_speech_junko_nakagawa_da2532ef.txt,BOJ,Japan,speech,Junko Nakagawa,2022-03-03,2022,1,2022-Q1,194,5112,26.350515463917525,0.22946708463949844,6.046575962253175,0.0,0.000782472613458529,0.0,0.0,-0.00019561815336463224,0.000782472613458529,0.0,-0.0003912363067292645
boj/speech/boj_2022-03-24_speech_goushi_kataoka_158d1e31.txt,BOJ,Japan,speech,Goushi Kataoka,2022-03-24,2022,1,2022-Q1,131,4031,30.770992366412212,0.20376667538582266,6.2701028128263445,-0.0027288514016373107,0.0009923096005953857,0.0,0.0,-0.0004961548002976929,-0.00024807740014884643,0.0,-0.0017365418010419251
boj/speech/boj_2022-03-29_speech_haruhiko_kuroda_e3fb0413.txt,BOJ,Japan,speech,Haruhiko Kuroda,2022-03-29,2022,1,2022-Q1,60,1526,25.433333333333334,0.250334672021419,6.366845158411424,0.0,0.0,0.001965923984272608,0.0,-0.000655307994757536,0.0,0.0,0.00327653997378768
boj/speech/boj_2022-04-05_speech_haruhiko_kuroda_4ea8cf79.txt,BOJ,Japan,speech,Haruhiko Kuroda,2022-04-05,2022,2,2022-Q2,29,744,25.655172413793103,0.25587828492392806,6.56460151666905,-0.002688172043010753,0.0,0.0,0.0,-0.0013440860215053765,0.0,0.0013440860215053765,-0.006720430107526882
boj/speech/boj_2022-05-25_speech_haruhiko_kuroda_4c93ec0f.txt,BOJ,Japan,speech,Haruhiko Kuroda,2022-05-25,2022,2,2022-Q2,88,1670,18.977272727272727,0.23357664233576642,4.432647644326476,-0.005988023952095809,0.0,0.0011976047904191617,0.0005988023952095808,-0.0011976047904191617,0.0,0.0,-0.008982035928143712
boj/speech/boj_2022-06-01_speech_masazumi_wakatabe_1f8c37a5.txt,BOJ,Japan,speech,Masazumi Wakatabe,2022-06-01,2022,2,2022-Q2,306,6742,22.03267973856209,0.20966214082728135,4.619418802148794,-0.015722337585286267,0.0007416196974191634,0.0,0.0,-0.0002966478789676654,0.0001483239394838327,0.0,0.0005932957579353308
boj/speech/boj_2022-06-02_speech_seiji_adachi_fd072b84.txt,BOJ,Japan,speech,Seiji Adachi,2022-06-02,2022,2,2022-Q2,211,4899,23.218009478672986,0.1999150201827066,4.6416288335311835,-0.0008164931618697694,0.0010206164523372118,0.0,-0.00020412329046744235,-0.0004082465809348847,0.0008164931618697694,0.0,-0.003674219228413962
boj/speech/boj_2022-06-06_speech_haruhiko_kuroda_09a221f4.txt,BOJ,Japan,speech,Haruhiko Kuroda,2022-06-06,2022,2,2022-Q2,171,4880,28.538011695906434,0.1892703862660944,5.401400496950531,-0.006762295081967213,0.0018442622950819673,0.0,0.0,0.0,0.0004098360655737705,0.0,0.002459016393442623
boj/speech/boj_2022-06-07_speech_haruhiko_kuroda_ac187d55.txt,BOJ,Japan,speech,Haruhiko Kuroda,2022-06-07,2022,2,2022-Q2,28,733,26.178571428571427,0.25245441795231416,6.608896012823081,-0.001364256480218281,0.0,0.0,0.0,0.0,0.001364256480218281,0.0,-0.0068212824010914054
boj/speech/boj_2022-07-28_speech_masayoshi_amamiya_23e5ef6f.txt,BOJ,Japan,speech,Masayoshi Amamiya,2022-07-28,2022,3,2022-Q3,190,4855,25.55263157894737,0.21873619089703933,5.589285298974348,-0.003089598352214212,0.0016477857878475798,0.0,0.00041194644696189496,0.0,0.00041194644696189496,0.0,0.0024716786817713696
boj/speech/boj_2022-08-25_speech_toyoaki_nakamura_10522e8b.txt,BOJ,Japan,speech,Toyoaki Nakamura,2022-08-25,2022,3,2022-Q3,221,5120,23.167420814479637,0.2154288059089044,4.990929802052445,-0.0013671875,0.00078125,0.0,0.0009765625,0.0,0.0001953125,0.0,0.0025390625
boj/speech/boj_2022-08-31_speech_junko_nakagawa_3434b2ca.txt,BOJ,Japan,speech,Junko Nakagawa,2022-08-31,2022,3,2022-Q3,139,3523,25.345323741007196,0.23272727272727273,5.898548070634402,-0.0022707919386886176,0.0005676979846721544,0.0,0.0,-0.0005676979846721544,0.0008515469770082316,0.0,-0.004541583877377235
boj/speech/boj_2022-09-26_speech_haruhiko_kuroda_39bc0edd.txt,BOJ,Japan,speech,Haruhiko Kuroda,2022-09-26,2022,3,2022-Q3,180,3706,20.58888888888889,0.21414314228685485,4.408969362861578,-0.0064759848893685915,0.0005396654074473826,0.0,0.0002698327037236913,-0.0002698327037236913,0.0,0.0,-0.0024284943335132216
boj/speech/boj_2022-10-19_speech_seiji_adachi_79cf35ca.txt,BOJ,Japan,speech,Seiji Adachi,2022-10-19,2022,4,2022-Q4,208,4332,20.826923076923077,0.19568345323741007,4.075484228002214,-0.003693444136657433,0.0011542012927054479,0.0,0.00023084025854108956,-0.0006925207756232687,0.00023084025854108956,0.0,0.0004616805170821791
boj/speech/boj_2022-11-10_speech_haruhiko_kuroda_261c90e0.txt,BOJ,Japan,speech,Haruhiko Kuroda,2022-11-10,2022,4,2022-Q4,28,672,24.0,0.26339969372128635,6.3215926493108725,0.0,0.0,0.0,0.001488095238095238,0.0,0.001488095238095238,0.0,0.0
boj/speech/boj_2022-11-14_speech_haruhiko_kuroda_1e17b65a.txt,BOJ,Japan,speech,Haruhiko Kuroda,2022-11-14,2022,4,2022-Q4,160,3580,22.375,0.21745433458973615,4.865540736445347,-0.005865921787709497,0.0008379888268156424,0.0,0.0005586592178770949,-0.0005586592178770949,0.00027932960893854746,0.0,0.0008379888268156424
boj/speech/boj_2022-11-15_speech_haruhiko_kuroda_9ce3a0be.txt,BOJ,Japan,speech,Haruhiko Kuroda,2022-11-15,2022,4,2022-Q4,86,1833,21.313953488372093,0.26936026936026936,5.74113225276016,0.0,0.0,0.0,0.0,0.0,0.0,0.0,0.0005455537370430987
boj/speech/boj_2022-11-27_speech_masayoshi_amamiya_a681aeff.txt,BOJ,Japan,speech,Masayoshi Amamiya,2022-11-27,2022,4,2022-Q4,227,6089,26.823788546255507,0.2581297388374052,6.924017532074715,0.0008211528986697323,0.00016423057973394647,0.0,0.0,-0.0008211528986697323,0.0,0.0,-0.003120381014944983
boj/speech/boj_2022-12-02_speech_haruhiko_kuroda_a5420fb2.txt,BOJ,Japan,speech,Haruhiko Kuroda,2022-12-02,2022,4,2022-Q4,71,1446,20.366197183098592,0.2553495007132668,5.200498282132166,-0.004840940525587829,0.0006915629322268327,0.0,0.0,0.0,-0.0006915629322268327,0.0,-0.004149377593360996
boj/speech/boj_2022-12-07_speech_toyoaki_nakamura_ee1d5ec3.txt,BOJ,Japan,speech,Toyoaki Nakamura,2022-12-07,2022,4,2022-Q4,207,5014,24.22222222222222,0.22535804549283908,5.458672657493213,-0.001994415636218588,0.0031910650179497405,0.0,0.000997207818109294,-0.0007977662544874351,-0.00039888312724371757,0.0,0.0057838053450339055
boj/speech/boj_2022-12-26_speech_haruhiko_kuroda_a009128a.txt,BOJ,Japan,speech,Haruhiko Kuroda,2022-12-26,2022,4,2022-Q4,250,6236,24.944,0.20573839662447257,5.131938565400843,-0.0012828736369467607,0.0011225144323284157,0.0,0.00032071840923669016,-0.00032071840923669016,0.0006414368184733803,0.0,0.002084669660038486
boj/speech/boj_2023-02-02_speech_masazumi_wakatabe_1cf67bf8.txt,BOJ,Japan,speech,Masazumi Wakatabe,2023-02-02,2023,1,2023-Q1,338,7373,21.81360946745562,0.21638776687824582,4.720198240216883,-0.0028482300284823005,0.0024413400244134003,0.0,0.0001356300013563,0.0,0.0001356300013563,0.0,0.0028482300284823005
boj/speech/boj_2023-02-22_speech_naoki_tamura_49c7b32c.txt,BOJ,Japan,speech,Naoki Tamura,2023-02-22,2023,1,2023-Q1,165,4251,25.763636363636362,0.2099161322150962,5.40820289725075,-0.0009409550693954364,0.0018819101387908728,0.0,0.0002352387673488591,-0.0004704775346977182,-0.0002352387673488591,0.0,0.005410491649023759
boj/speech/boj_2023-02-27_speech_masazumi_wakatabe_452bc9eb.txt,BOJ,Japan,speech,Masazumi Wakatabe,2023-02-27,2023,1,2023-Q1,520,7297,14.032692307692308,0.2126843657817109,2.984534263671432,-0.00931889817733315,0.00013704262025489926,0.0009592983417842949,0.0,-0.000548170481019597,0.0,0.0,0.0009592983417842949
boj/speech/boj_2023-03-01_speech_junko_nakagawa_d59cf988.txt,BOJ,Japan,speech,Junko Nakagawa,2023-03-01,2023,1,2023-Q1,205,4594,22.409756097560976,0.21915584415584416,4.911229014887551,-0.00239442751414889,0.00043535045711797995,0.0,0.0,-0.00130605137135394,-0.00065302568567697,0.0,-0.00239442751414889
boj/speech/boj_2023-03-28_speech_haruhiko_kuroda_98b659fd.txt,BOJ,Japan,speech,Haruhiko Kuroda,2023-03-28,2023,1,2023-Q1,43,1206,28.046511627906977,0.25,7.011627906976744,0.0,0.0008291873963515755,0.0,0.0,0.0,0.0,0.0,0.003316749585406302
boj/speech/boj_2023-05-19_speech_kazuo_ueda_5eb65fe2.txt,BOJ,Japan,speech,Kazuo Ueda,2023-05-19,2023,2,2023-Q2,254,6304,24.818897637795274,0.2203334423014057,5.468433150661659,-0.005869289340101523,0.00047588832487309646,0.0,0.0011104060913705585,-0.00015862944162436547,0.00031725888324873094,0.00015862944162436547,0.00015862944162436547
boj/speech/boj_2023-05-31_speech_kazuo_ueda_0bd05aec.txt,BOJ,Japan,speech,Kazuo Ueda,2023-05-31,2023,2,2023-Q2,89,1920,21.573033707865168,0.22807017543859648,4.920165582495565,-0.01875,-0.0005208333333333333,0.0,0.0,0.0010416666666666667,0.0,0.0,-0.0036458333333333334
boj/speech/boj_2023-06-01_speech_olli_rehn_afb45051.txt,BOJ,Japan,speech,Olli Rehn,2023-06-01,2023,2,2023-Q2,40,754,18.85,0.24123989218328842,4.547371967654987,-0.01989389920424403,0.0,0.0,0.0,-0.003978779840848806,-0.002652519893899204,0.0,0.001326259946949602
boj/speech/boj_2023-06-21_speech_seiji_adachi_9cd6d9c2.txt,BOJ,Japan,speech,Seiji Adachi,2023-06-21,2023,2,2023-Q2,216,4976,23.037037037037038,0.20278992296481366,4.6716789660783,-0.0010048231511254019,0.0,0.0,0.0006028938906752412,-0.0012057877813504824,-0.00020096463022508038,0.0,-0.0038183279742765273
boj/speech/boj_2023-06-22_speech_asahi_noguchi_1c6b0a05.txt,BOJ,Japan,speech,Asahi Noguchi,2023-06-22,2023,2,2023-Q2,210,5809,27.66190476190476,0.19054625712709214,5.270872417387039,-0.006713720089516268,0.00034429333792391115,0.00017214666896195557,0.0013771733516956446,0.0,0.00017214666896195557,0.0,0.003442933379239112
boj/speech/boj_2023-08-02_speech_shinichi_uchida_91ababe3.txt,BOJ,Japan,speech,Shinichi Uchida,2023-08-02,2023,3,2023-Q3,257,6160,23.96887159533074,0.21591103507271173,5.175143875672779,-0.0022727272727272726,0.0006493506493506494,0.0003246753246753247,0.0003246753246753247,-0.000487012987012987,-0.000487012987012987,0.0,0.000974025974025974
boj/speech/boj_2023-08-31_speech_toyoaki_nakamura_812d2208.txt,BOJ,Japan,speech,Toyoaki Nakamura,2023-08-31,2023,3,2023-Q3,291,6846,23.52577319587629,0.20722256664600125,4.875071103981185,-0.0011685655857434998,0.001460706982179375,0.0,0.0026292725679228747,-0.00014607069821793748,-0.00043821209465381246,0.0,0.008033888401986562
boj/speech/boj_2023-09-07_speech_junko_nakagawa_35f421d7.txt,BOJ,Japan,speech,Junko Nakagawa,2023-09-07,2023,3,2023-Q3,209,4315,20.645933014354068,0.22268907563025211,4.597623738490612,-0.0032444959443800694,0.0006952491309385864,0.0,0.0006952491309385864,0.0,-0.0004634994206257242,0.0,-0.0004634994206257242
boj/speech/boj_2023-09-30_speech_kazuo_ueda_eb49901a.txt,BOJ,Japan,speech,Kazuo Ueda,2023-09-30,2023,3,2023-Q3,303,7256,23.94719471947195,0.21236938717876305,5.085651067224768,0.0011025358324145535,0.0005512679162072767,0.0,0.0,-0.0001378169790518192,-0.0002756339581036384,0.0,-0.0019294377067254685
boj/speech/boj_2023-10-12_speech_asahi_noguchi_dcc2bbcc.txt,BOJ,Japan,speech,Asahi Noguchi,2023-10-12,2023,4,2023-Q4,224,5895,26.316964285714285,0.1963894967177243,5.168375371209753,-0.007803223070398643,0.0015267175572519084,0.0,0.0015267175572519084,-0.0005089058524173028,-0.00016963528413910093,0.0,0.007463952502120441
boj/speech/boj_2023-11-06_speech_kazuo_ueda_3ccd7a50.txt,BOJ,Japan,speech,Kazuo Ueda,2023-11-06,2023,4,2023-Q4,150,3738,24.92,0.20732048058116792,5.166426376082705,-0.002407704654895666,0.0005350454788657035,0.0,0.00026752273943285177,0.0,0.0,0.0,-0.001337613697164259
boj/speech/boj_2023-11-17_speech_kazuo_ueda_0b793716.txt,BOJ,Japan,speech,Kazuo Ueda,2023-11-17,2023,4,2023-Q4,29,728,25.103448275862068,0.2676056338028169,6.717824186498299,0.0027472527472527475,0.0,0.0,0.0,0.0013736263736263737,0.0013736263736263737,0.0,0.004120879120879121
boj/speech/boj_2023-11-29_speech_seiji_adachi_8784ab3e.txt,BOJ,Japan,speech,Seiji Adachi,2023-11-29,2023,4,2023-Q4,202,5124,25.366336633663366,0.20591212796112573,5.223236354815882,-0.000975800156128025,0.00039032006245121,0.0,0.0,-0.00039032006245121,0.0,0.0,0.00156128024980484
boj/speech/boj_2023-11-30_speech_toyoaki_nakamura_06721ae1.txt,BOJ,Japan,speech,Toyoaki Nakamura,2023-11-30,2023,4,2023-Q4,255,6201,24.31764705882353,0.21289329685362518,5.177064054075803,-0.0024189646831156266,0.0004837929366231253,0.0,0.001451378809869376,0.0,-0.0003225286244154169,0.0,0.008385744234800839
boj/speech/boj_2023-12-06_speech_ryozo_himino_1826b40e.txt,BOJ,Japan,speech,Ryozo Himino,2023-12-06,2023,4,2023-Q4,237,5759,24.29957805907173,0.18558754300199168,4.509698987968228,-0.003993748914742142,0.0,0.0,0.0,0.00017364125716270185,-0.0003472825143254037,0.0,0.0029519013717659317
boj/speech/boj_2023-12-25_speech_kazuo_ueda_df3c6e04.txt,BOJ,Japan,speech,Kazuo Ueda,2023-12-25,2023,4,2023-Q4,216,5241,24.26388888888889,0.18929065402094447,4.592927396869306,-0.005151688609044075,-0.00019080328181644724,0.0,0.0005724098454493417,-0.00019080328181644724,0.0,0.0,0.0007632131272657889
boj/speech/boj_2024-02-08_speech_shinichi_uchida_17754789.txt,BOJ,Japan,speech,Shinichi Uchida,2024-02-08,2024,1,2024-Q1,281,6396,22.76156583629893,0.19967637540453073,4.544946964723767,-0.004690431519699813,0.0007817385866166354,0.0,0.0,0.0,0.0007817385866166354,0.0,0.0015634771732332708
boj/speech/boj_2024-03-05_speech_kazuo_ueda_9bdf20bd.txt,BOJ,Japan,speech,Kazuo Ueda,2024-03-05,2024,1,2024-Q1,61,1491,24.442622950819672,0.17699115044247787,4.326127955897287,0.0,0.0006706908115358819,0.0,0.0,0.0,0.0,0.0,0.0053655264922870555
boj/speech/boj_2024-03-06_speech_kazuo_ueda_723deb90.txt,BOJ,Japan,speech,Kazuo Ueda,2024-03-06,2024,1,2024-Q1,91,1915,21.043956043956044,0.27644869750132905,5.81757423862687,-0.001566579634464752,0.0005221932114882506,0.0010443864229765013,0.0,-0.0010443864229765013,0.0,0.0,0.0005221932114882506
boj/speech/boj_2024-03-07_speech_junko_nakagawa_4ed4bf67.txt,BOJ,Japan,speech,Junko Nakagawa,2024-03-07,2024,1,2024-Q1,204,4247,20.818627450980394,0.22627918529557875,4.710822058580015,-0.0004709206498704968,0.0,0.0,0.0002354603249352484,0.0,-0.0002354603249352484,0.0,0.0007063809748057452
boj/speech/boj_2024-03-27_speech_naoki_tamura_95be2e2e.txt,BOJ,Japan,speech,Naoki Tamura,2024-03-27,2024,1,2024-Q1,132,3419,25.901515151515152,0.20103249316732463,5.207046167720326,0.0008774495466510676,0.00116993272886809,0.0,0.0008774495466510676,0.0,0.000584966364434045,0.0,0.004972214097689383
boj/speech/boj_2024-04-10_speech_kazuo_ueda_8dc0962b.txt,BOJ,Japan,speech,Kazuo Ueda,2024-04-10,2024,2,2024-Q2,29,779,26.862068965517242,0.25921052631578945,6.962931034482758,0.0025673940949935813,0.0,0.0,0.0,0.0,0.0012836970474967907,0.0,0.0025673940949935813
boj/speech/boj_2024-04-18_speech_asahi_noguchi_dbb9ec71.txt,BOJ,Japan,speech,Asahi Noguchi,2024-04-18,2024,2,2024-Q2,234,5946,25.41025641025641,0.19530214055692366,4.962677469023368,-0.003699966363942146,0.0005045408678102926,0.0,0.0025227043390514633,0.0,0.0006727211570803902,0.0,0.004877228388832829
boj/speech/boj_2024-04-19_speech_kazuo_ueda_a967f543.txt,BOJ,Japan,speech,Kazuo Ueda,2024-04-19,2024,2,2024-Q2,84,1738,20.69047619047619,0.2364741641337386,4.892763062671877,-0.026467203682393557,0.0,0.0005753739930955121,0.0,-0.0005753739930955121,0.0011507479861910242,0.0,0.004027617951668585
boj/speech/boj_2024-05-08_speech_kazuo_ueda_f66fc55b.txt,BOJ,Japan,speech,Kazuo Ueda,2024-05-08,2024,2,2024-Q2,210,5228,24.895238095238096,0.20598731165741474,5.128103168309353,-0.0026778882938026014,0.00038255547054322876,0.0,0.00019127773527161438,0.0,0.00019127773527161438,0.0,0.001530221882172915
boj/speech/boj_2024-05-27_speech_kazuo_ueda_737243c2.txt,BOJ,Japan,speech,Kazuo Ueda,2024-05-27,2024,2,2024-Q2,79,2001,25.329113924050635,0.20708154506437768,5.245192046504047,-0.012993503248375811,0.0,0.0,0.0,0.0,-0.0004997501249375312,0.0,0.0004997501249375312
boj/speech/boj_2024-05-27_speech_shinichi_uchida_1af49851.txt,BOJ,Japan,speech,Shinichi Uchida,2024-05-27,2024,2,2024-Q2,242,4511,18.640495867768596,0.1885036071677915,3.513800710470692,-0.009532254489026823,0.00022168033695411216,0.0,0.0,0.0,0.0004433606739082243,0.00022168033695411216,-0.0019951230325870096
boj/speech/boj_2024-05-29_speech_seiji_adachi_b22f5d14.txt,BOJ,Japan,speech,Seiji Adachi,2024-05-29,2024,2,2024-Q2,236,5245,22.22457627118644,0.20661808154421904,4.591999312285715,-0.002859866539561487,0.0,0.0,0.0,-0.0005719733079122975,0.0009532888465204957,0.0,0.0
boj/speech/boj_2024-06-06_speech_toyoaki_nakamura_f55d3375.txt,BOJ,Japan,speech,Toyoaki Nakamura,2024-06-06,2024,2,2024-Q2,224,6127,27.352678571428573,0.210617626648161,5.760956243184297,-0.0011424840868287905,0.0011424840868287905,0.0,0.0004896360372123388,0.0,-0.00016321201240411296,0.0,0.009466296719438551
boj/speech/boj_2024-06-18_speech_kazuo_ueda_066ba2ad.txt,BOJ,Japan,speech,Kazuo Ueda,2024-06-18,2024,2,2024-Q2,26,719,27.653846153846153,0.2563739376770538,7.089725430376988,0.0,0.0,0.0,0.0,0.0,0.0013908205841446453,0.0,0.006954102920723227
boj/speech/boj_2024-07-03_speech_kazuo_ueda_d35a785b.txt,BOJ,Japan,speech,Kazuo Ueda,2024-07-03,2024,3,2024-Q3,13,334,25.692307692307693,0.13915857605177995,3.575304953945731,0.0,0.0,0.0,0.0,0.0,0.0,0.0,0.0
boj/speech/boj_2024-08-07_speech_shinichi_uchida_981274b9.txt,BOJ,Japan,speech,Shinichi Uchida,2024-08-07,2024,3,2024-Q3,266,5862,22.037593984962406,0.18625710227272727,4.104658396701982,-0.0020470829068577278,0.001364721937905152,0.0,0.000170590242238144,-0.000170590242238144,0.000170590242238144,0.0,0.0015353121801432957
boj/speech/boj_2024-08-28_speech_ryozo_himino_aa2ea7b7.txt,BOJ,Japan,speech,Ryozo Himino,2024-08-28,2024,3,2024-Q3,236,5804,24.593220338983052,0.1706490727532097,4.196810246862835,-0.0027567195037904893,0.0008614748449345279,0.0,-0.00017229496898690558,0.0,0.00017229496898690558,0.0,0.002067539627842867
boj/speech/boj_2024-09-11_speech_junko_nakagawa_0e176ac8.txt,BOJ,Japan,speech,Junko Nakagawa,2024-09-11,2024,3,2024-Q3,132,3354,25.40909090909091,0.22789115646258504,5.790507111935684,-0.0005963029218843172,0.0,0.0002981514609421586,0.0008944543828264759,0.0002981514609421586,0.0,0.0,0.003875968992248062
boj/speech/boj_2024-09-12_speech_naoki_tamura_e755fc77.txt,BOJ,Japan,speech,Naoki Tamura,2024-09-12,2024,3,2024-Q3,166,4208,25.349397590361445,0.20278330019880716,5.140434501425184,-0.0002376425855513308,0.0009505703422053232,0.0,0.0007129277566539924,0.0002376425855513308,-0.002376425855513308,0.0,0.004039923954372623
boj/speech/boj_2024-09-24_speech_kazuo_ueda_6a064679.txt,BOJ,Japan,speech,Kazuo Ueda,2024-09-24,2024,3,2024-Q3,157,3472,22.11464968152866,0.21298235118157344,4.710030084728809,-0.0037442396313364054,0.0014400921658986176,0.0,0.0,0.0,-0.000576036866359447,0.0,0.0014400921658986176
boj/speech/boj_2024-10-03_speech_asahi_noguchi_929bc86b.txt,BOJ,Japan,speech,Asahi Noguchi,2024-10-03,2024,4,2024-Q4,220,5377,24.44090909090909,0.19141008040792312,4.678236374333649,-0.005765296633810675,0.0003719546215361726,0.0,0.0007439092430723452,0.0001859773107680863,-0.0003719546215361726,0.0,0.0016737957969127767
boj/speech/boj_2024-10-16_speech_seiji_adachi_e0b67aac.txt,BOJ,Japan,speech,Seiji Adachi,2024-10-16,2024,4,2024-Q4,238,4675,19.642857142857142,0.22513440860215053,4.422283026113671,-0.0027807486631016044,0.000213903743315508,0.0,0.0,-0.000427807486631016,0.0,0.0,0.000855614973262032
boj/speech/boj_2024-11-18_speech_kazuo_ueda_66b4fe7c.txt,BOJ,Japan,speech,Kazuo Ueda,2024-11-18,2024,4,2024-Q4,139,3383,24.33812949640288,0.22127400182871076,5.38539531069445,-0.002069169376293231,0.0011823825007389892,0.0005911912503694946,0.0,0.0,-0.0002955956251847473,0.0,0.009459060005911913
boj/speech/boj_2024-12-05_speech_toyoaki_nakamura_f4e73a2e.txt,BOJ,Japan,speech,Toyoaki Nakamura,2024-12-05,2024,4,2024-Q4,215,5402,25.12558139534884,0.22709475332811277,5.705887709202164,-0.0009255831173639393,0.0018511662347278786,0.0009255831173639393,0.0007404664938911515,-0.00018511662347278786,-0.00018511662347278786,0.0,0.009255831173639394
boj/speech/boj_2024-12-25_speech_kazuo_ueda_3ec81eb4.txt,BOJ,Japan,speech,Kazuo Ueda,2024-12-25,2024,4,2024-Q4,217,4608,21.235023041474655,0.199046754425783,4.2267624165622495,-0.0030381944444444445,0.0013020833333333333,0.00021701388888888888,0.0,-0.0008680555555555555,0.00021701388888888888,0.0,0.004557291666666667
boj/speech/boj_2025-01-14_speech_ryozo_himino_b89e9263.txt,BOJ,Japan,speech,Ryozo Himino,2025-01-14,2025,1,2025-Q1,236,5514,23.364406779661017,0.19790888722927558,4.624023746534854,-0.0019949220166848025,0.00018135654697134566,0.0,0.00018135654697134566,-0.0003627130939426913,0.0,0.0,-0.001088139281828074
boj/speech/boj_2025-01-30_speech_ryozo_himino_00d3c974.txt,BOJ,Japan,speech,Ryozo Himino,2025-01-30,2025,1,2025-Q1,163,3519,21.588957055214724,0.20559646539027981,4.438613262014691,-0.004546746234725774,0.0005683432793407218,0.0002841716396703609,0.0,-0.0005683432793407218,-0.0017050298380221654,0.0,0.006535947712418301
boj/speech/boj_2025-02-06_speech_naoki_tamura_2066dea8.txt,BOJ,Japan,speech,Naoki Tamura,2025-02-06,2025,1,2025-Q1,187,4884,26.11764705882353,0.2184819897084048,5.706235495913631,-0.002457002457002457,0.000819000819000819,0.0,0.00020475020475020476,-0.0004095004095004095,-0.00020475020475020476,0.0,0.0012285012285012285
boj/speech/boj_2025-02-19_speech_hajime_takata_670ecd76.txt,BOJ,Japan,speech,Hajime Takata,2025-02-19,2025,1,2025-Q1,307,8277,26.960912052117266,0.21866632666071656,5.895443601859124,-0.0025371511417180137,0.00048326688413676455,0.0,0.0006040836051709556,-0.0010873504893077202,0.00048326688413676455,0.0,-0.0012081672103419112
boj/speech/boj_2025-03-05_speech_kazuo_ueda_027fe9bb.txt,BOJ,Japan,speech,Kazuo Ueda,2025-03-05,2025,1,2025-Q1,82,1742,21.24390243902439,0.27130852340936373,5.763651802184287,-0.001148105625717566,0.0,0.0,0.0,-0.001722158438576349,-0.000574052812858783,0.0,0.000574052812858783
boj/speech/boj_2025-03-05_speech_shinichi_uchida_1f8aad7b.txt,BOJ,Japan,speech,Shinichi Uchida,2025-03-05,2025,1,2025-Q1,343,7851,22.889212827988338,0.21100917431192662,4.829833899483778,-0.002420073875939371,0.0005094892370398676,0.0,0.0001273723092599669,0.0,-0.0001273723092599669,0.0,0.003311680040759139
boj/speech/boj_2025-04-17_speech_junko_nakagawa_f336fb05.txt,BOJ,Japan,speech,Junko Nakagawa,2025-04-17,2025,2,2025-Q2,220,4645,21.113636363636363,0.2147682273468437,4.5345382546640405,-0.0036598493003229277,0.0015069967707212056,0.0,0.0,0.0,0.0004305705059203445,0.0,0.002152852529601722
boj/speech/boj_2025-04-17_speech_kazuo_ueda_edfa98e7.txt,BOJ,Japan,speech,Kazuo Ueda,2025-04-17,2025,2,2025-Q2,25,631,25.24,0.23548387096774193,5.943612903225806,0.0,0.0,0.0,0.0,0.0,0.0,0.0,0.006339144215530904
boj/speech/boj_2025-05-22_speech_asahi_noguchi_7f37e56e.txt,BOJ,Japan,speech,Asahi Noguchi,2025-05-22,2025,2,2025-Q2,230,5561,24.178260869565218,0.19468186134852802,4.707068830257237,-0.010609602589462327,0.001258766408919259,0.0,0.0014385901816220104,0.0001798237727027513,-0.0001798237727027513,0.0,0.00953065995324582
boj/speech/boj_2025-05-27_speech_kazuo_ueda_31ebde1e.txt,BOJ,Japan,speech,Kazuo Ueda,2025-05-27,2025,2,2025-Q2,91,1892,20.791208791208792,0.22364039955604884,4.64975424131917,-0.037526427061310784,0.0,0.0,0.0,-0.0005285412262156448,0.0010570824524312897,0.0,0.0
boj/speech/boj_2025-06-03_speech_kazuo_ueda_e44d6e63.txt,BOJ,Japan,speech,Kazuo Ueda,2025-06-03,2025,2,2025-Q2,199,4868,24.462311557788944,0.21645113419546322,5.294895081726206,-0.0012325390304026294,0.0008216926869350862,0.0,0.00020542317173377156,-0.0018488085456039441,0.0004108463434675431,0.0,-0.004313886606409203
boj/speech/boj_2025-06-25_speech_naoki_tamura_80058603.txt,BOJ,Japan,speech,Naoki Tamura,2025-06-25,2025,2,2025-Q2,230,5472,23.791304347826088,0.18949815927145902,4.508408380580104,-0.003472222222222222,0.001644736842105263,0.0,0.0003654970760233918,0.0001827485380116959,-0.0001827485380116959,0.0,0.0003654970760233918
boj/speech/boj_2025-07-03_speech_hajime_takata_c5490b72.txt,BOJ,Japan,speech,Hajime Takata,2025-07-03,2025,3,2025-Q3,400,8796,21.99,0.2086425664352406,4.58805003591094,-0.0010231923601637107,0.00034106412005457026,0.0,0.00034106412005457026,-0.0005684402000909505,0.00045475216007276033,0.0,-0.0023874488403819918
boj/speech/boj_2025-07-23_speech_shinichi_uchida_b3438c2c.txt,BOJ,Japan,speech,Shinichi Uchida,2025-07-23,2025,3,2025-Q3,279,6318,22.64516129032258,0.21289456010745467,4.821031651465586,-0.0026907249129471352,0.000949667616334283,0.00015827793605571383,0.0004748338081671415,0.0,0.00031655587211142766,0.0,-0.0012662234884457107
boj/speech/boj_2025-08-23_speech_kazuo_ueda_5ac03a4c.txt,BOJ,Japan,speech,Kazuo Ueda,2025-08-23,2025,3,2025-Q3,126,2009,15.944444444444445,0.2142471667566109,3.4160520477304073,-0.004479840716774514,-0.0009955201592832255,0.001991040318566451,0.0029865604778496766,0.0,0.0,0.0,0.0024888003982080635
boj/speech/boj_2025-08-28_speech_junko_nakagawa_38790582.txt,BOJ,Japan,speech,Junko Nakagawa,2025-08-28,2025,3,2025-Q3,291,5747,19.74914089347079,0.2077971233913702,4.103814667114105,-0.003306072733600139,0.0008700191404210892,0.0006960153123368715,0.0,0.0003480076561684357,0.00017400382808421786,0.0,-0.0005220114842526536
boj/speech/boj_2025-09-02_speech_ryozo_himino_c590514a.txt,BOJ,Japan,speech,Ryozo Himino,2025-09-02,2025,3,2025-Q3,334,6551,19.61377245508982,0.22089694656488548,4.332622445947798,-0.005342695771637918,0.0007632422530911311,0.00015264845061822624,0.00015264845061822624,-0.0016791329568004885,0.0,0.0,-0.0009158907037093573
boj/speech/boj_2025-09-29_speech_asahi_noguchi_2e25509a.txt,BOJ,Japan,speech,Asahi Noguchi,2025-09-29,2025,3,2025-Q3,404,9645,23.873762376237625,0.19954988747186797,4.7640065957083335,-0.0075686884396060135,-0.0011404872991187143,0.0,0.0007257646448937273,-0.00010368066355624676,0.0,0.0,0.0008294453084499741
boj/speech/boj_2025-10-03_speech_kazuo_ueda_01bb32e9.txt,BOJ,Japan,speech,Kazuo Ueda,2025-10-03,2025,4,2025-Q4,138,3058,22.159420289855074,0.2184959349593496,4.841743254389066,-0.002289077828646174,0.0013080444735120995,0.0003270111183780249,0.0009810333551340746,-0.0013080444735120995,0.0003270111183780249,0.0,0.003924133420536298
boj/speech/boj_2025-10-20_speech_hajime_takata_8ad36243.txt,BOJ,Japan,speech,Hajime Takata,2025-10-20,2025,4,2025-Q4,482,12314,25.547717842323653,0.2148470869639501,5.48885275700017,-0.0013805424719831086,0.00032483352281955497,8.120838070488874e-05,0.00032483352281955497,-0.00040604190352444374,0.00024362514211466623,0.0,-0.0006496670456391099
boj/speech/boj_2025-10-21_speech_ryozo_himino_74ff0966.txt,BOJ,Japan,speech,Ryozo Himino,2025-10-21,2025,4,2025-Q4,145,2413,16.641379310344828,0.19488272921108743,3.243117417836924,0.0,-0.0008288437629506838,0.0,0.0,-0.0004144218814753419,0.0,0.0,-0.0016576875259013675
boj/speech/boj_2025-11-10_speech_junko_nakagawa_f87b43aa.txt,BOJ,Japan,speech,Junko Nakagawa,2025-11-10,2025,4,2025-Q4,215,4047,18.823255813953487,0.2133263102449302,4.015495709587128,-0.002223869532987398,0.0019767729182110206,0.0007412898443291327,0.0004941932295527551,0.0004941932295527551,0.0004941932295527551,0.0,0.006424511984185817
boj/speech/boj_2025-11-20_speech_junko_koeda_5acffe93.txt,BOJ,Japan,speech,Junko Koeda,2025-11-20,2025,4,2025-Q4,289,6093,21.08304498269896,0.19025320846340618,4.0111169521367955,-0.0050878056786476285,0.0014771048744460858,0.0,0.0,0.0,0.0003282455276546857,0.0,0.0008206138191367143
boj/speech/boj_2025-11-27_speech_asahi_noguchi_b7a9f5d6.txt,BOJ,Japan,speech,Asahi Noguchi,2025-11-27,2025,4,2025-Q4,212,5235,24.693396226415093,0.1766509916172562,4.362112929794038,-0.006112702960840497,0.0005730659025787965,0.0005730659025787965,0.0,0.00019102196752626553,-0.00038204393505253105,0.0,0.0028653295128939827
boj/speech/boj_2025-12-01_speech_kazuo_ueda_9de2d79f.txt,BOJ,Japan,speech,Kazuo Ueda,2025-12-01,2025,4,2025-Q4,174,3892,22.367816091954023,0.20605732828555975,4.609052423490796,-0.0020554984583761563,0.0020554984583761563,0.0010277492291880781,0.0,-0.0010277492291880781,0.0005138746145940391,0.0,0.0041109969167523125
boj/speech/boj_2025-12-25_speech_kazuo_ueda_30dc84a1.txt,BOJ,Japan,speech,Kazuo Ueda,2025-12-25,2025,4,2025-Q4,143,3634,25.412587412587413,0.21488318430920103,5.460737704752703,0.000275178866263071,0.000550357732526142,0.001375894331315355,0.001100715465052284,-0.000275178866263071,0.0,0.0,0.007429829389102917
ecb/minutes/ecb_2021-09-08_minutes_ecb_2811534e.txt,ECB,Eurozone,minutes,ECB,2021-09-08,2021,3,2021-Q3,229,6113,26.694323144104803,0.24352505886310125,6.500736614978768,-0.013741207263209553,0.0008179290037624734,0.0,0.0,-0.0011451006052674627,0.000490757402257484,0.0,0.0029445444135449044
ecb/minutes/ecb_2021-10-27_minutes_ecb_97c3e889.txt,ECB,Eurozone,minutes,ECB,2021-10-27,2021,4,2021-Q4,226,5560,24.601769911504423,0.23836992928917008,5.864322154193742,-0.017446043165467627,0.00035971223021582735,0.0,0.0012589928057553956,-0.0008992805755395684,0.0,0.0,0.002697841726618705
ecb/minutes/ecb_2022-03-09_minutes_ecb_b76b21ac.txt,ECB,Eurozone,minutes,ECB,2022-03-09,2022,1,2022-Q1,380,9795,25.776315789473685,0.22382557404676637,5.769398678389676,-0.01582440020418581,0.0,0.0,0.0010209290454313426,-0.0027565084226646246,-0.0006125574272588055,0.0,-0.0014293006636038796
ecb/minutes/ecb_2022-04-13_minutes_ecb_05b69e19.txt,ECB,Eurozone,minutes,ECB,2022-04-13,2022,2,2022-Q2,158,4292,27.164556962025316,0.2349412047036237,6.382073737898436,-0.0130475302889096,0.0,0.0,0.0,-0.0032618825722274,-0.0009319664492078285,0.0,-0.0065237651444548
ecb/minutes/ecb_2022-06-08_minutes_ecb_be89b5eb.txt,ECB,Eurozone,minutes,ECB,2022-06-08,2022,2,2022-Q2,187,4475,23.93048128342246,0.23016241299303944,5.507897316277281,-0.014078212290502793,0.0011173184357541898,0.0,0.000223463687150838,-0.005363128491620112,-0.000446927374301676,0.0,-0.007150837988826816
ecb/minutes/ecb_2022-10-26_minutes_ecb_f024dad3.txt,ECB,Eurozone,minutes,ECB,2022-10-26,2022,4,2022-Q4,293,7433,25.368600682593858,0.24772539288668322,6.284446571080943,-0.012511771828333108,-0.0008072110856989103,0.0,0.00040360554284945513,-0.002421633257096731,-0.001076281447598547,0.0,-0.004305125790394188
ecb/minutes/ecb_2022-12-14_minutes_ecb_23afdb72.txt,ECB,Eurozone,minutes,ECB,2022-12-14,2022,4,2022-Q4,181,5163,28.524861878453038,0.24757673667205168,7.062092217888413,-0.021305442572147976,0.0013558008909548712,0.0,0.0007747433662599264,-0.0021305442572147975,-0.0015494867325198528,0.0,-0.0025179159403447607
ecb/minutes/ecb_2023-09-13_minutes_ecb_32469164.txt,ECB,Eurozone,minutes,ECB,2023-09-13,2023,3,2023-Q3,289,7556,26.14532871972318,0.22155770014951748,5.7926989007949965,-0.014160931709899417,0.0013234515616728428,0.0,0.0007940709370037057,-0.0019851773425092643,-0.002911593435680254,-0.00013234515616728428,0.0006617257808364214
ecb/minutes/ecb_2024-03-06_minutes_ecb_f7a11980.txt,ECB,Eurozone,minutes,ECB,2024-03-06,2024,1,2024-Q1,232,5679,24.478448275862068,0.24763808139534885,6.061795966569767,-0.014967423842225745,0.00035217467864060575,0.0,0.0010565240359218173,-0.0010565240359218173,0.0,0.0,0.008628279626694841
ecb/minutes/ecb_2024-06-05_minutes_ecb_6d8d6d3f.txt,ECB,Eurozone,minutes,ECB,2024-06-05,2024,2,2024-Q2,283,7149,25.261484098939928,0.23062381852551986,5.825899924519227,-0.016226045600783327,0.00027975940691005733,0.0,0.0018184361449153728,-0.0019583158483704012,0.00013987970345502866,0.0,0.005455308434746118
ecb/minutes/ecb_2024-07-17_minutes_ecb_0fcc833a.txt,ECB,Eurozone,minutes,ECB,2024-07-17,2024,3,2024-Q3,237,5785,24.40928270042194,0.23709505161979352,5.787320141858673,-0.014174589455488332,0.0010371650821089024,0.00034572169403630077,0.002074330164217805,-0.0038029386343993088,-0.0006914433880726015,0.0,0.0015557476231633535
ecb/minutes/ecb_2024-09-11_minutes_ecb_767f208c.txt,ECB,Eurozone,minutes,ECB,2024-09-11,2024,3,2024-Q3,316,7748,24.518987341772153,0.2398671096345515,5.881298624837041,-0.0123902942694889,0.0010325245224574084,0.0,0.0014197212183789366,-0.003355704697986577,-0.0010325245224574084,0.0,0.0038719669592152815
ecb/policy_statement/ecb_2020-01-23_policy_statement_european_central_bank_13c6a2de.txt,ECB,Eurozone,policy_statement,European Central Bank,2020-01-23,2020,1,2020-Q1,6,175,29.166666666666668,0.2235294117647059,6.519607843137256,0.0,0.0,0.0,0.0,0.0,0.005714285714285714,0.0,0.0
ecb/policy_statement/ecb_2020-03-12_policy_statement_european_central_bank_a48b0af6.txt,ECB,Eurozone,policy_statement,European Central Bank,2020-03-12,2020,1,2020-Q1,5,187,37.4,0.2857142857142857,10.685714285714285,0.0,0.0,0.0,0.0,0.0,0.0,0.0,0.0053475935828877
ecb/policy_statement/ecb_2020-04-30_policy_statement_european_central_bank_a9a6c8f2.txt,ECB,Eurozone,policy_statement,European Central Bank,2020-04-30,2020,2,2020-Q2,18,646,35.888888888888886,0.24398073836276082,8.756197610130194,-0.0046439628482972135,0.0,0.0,0.0,0.0,0.0015479876160990713,0.0,0.0
ecb/policy_statement/ecb_2020-06-04_policy_statement_european_central_bank_92f9e6d1.txt,ECB,Eurozone,policy_statement,European Central Bank,2020-06-04,2020,2,2020-Q2,6,143,23.833333333333332,0.24812030075187969,5.913533834586466,-0.006993006993006993,0.0,0.0,0.0,0.0,0.0,0.0,0.0
ecb/policy_statement/ecb_2020-07-16_policy_statement_european_central_bank_702748ff.txt,ECB,Eurozone,policy_statement,European Central Bank,2020-07-16,2020,3,2020-Q3,12,366,30.5,0.2570621468926554,7.84039548022599,-0.00819672131147541,0.0,0.0,0.0,0.0,0.00273224043715847,0.00273224043715847,0.0
ecb/policy_statement/ecb_2020-12-10_policy_statement_european_central_bank_534f1e41.txt,ECB,Eurozone,policy_statement,European Central Bank,2020-12-10,2020,4,2020-Q4,19,545,28.68421052631579,0.25,7.171052631578948,-0.005504587155963303,0.0,0.0,0.0,-0.001834862385321101,0.001834862385321101,0.0,-0.001834862385321101
ecb/policy_statement/ecb_2021-07-22_policy_statement_european_central_bank_3279d8f4.txt,ECB,Eurozone,policy_statement,European Central Bank,2021-07-22,2021,3,2021-Q3,10,274,27.4,0.22180451127819548,6.077443609022556,-0.01824817518248175,0.0,0.0,0.0,0.0,0.0072992700729927005,0.0,0.0
ecb/policy_statement/ecb_2022-03-10_policy_statement_european_central_bank_8b8eef09.txt,ECB,Eurozone,policy_statement,European Central Bank,2022-03-10,2022,1,2022-Q1,9,249,27.666666666666668,0.21940928270042195,6.070323488045007,-0.004016064257028112,0.0,0.0,0.0,0.0,0.0,0.0,0.0
ecb/policy_statement/ecb_2022-04-14_policy_statement_european_central_bank_46925145.txt,ECB,Eurozone,policy_statement,European Central Bank,2022-04-14,2022,2,2022-Q2,10,333,33.3,0.23529411764705882,7.835294117647058,-0.003003003003003003,0.0,0.0,0.0,0.0,0.0,0.0,0.0
ecb/policy_statement/ecb_2022-06-09_policy_statement_european_central_bank_e3252e59.txt,ECB,Eurozone,policy_statement,European Central Bank,2022-06-09,2022,2,2022-Q2,42,1026,24.428571428571427,0.25279187817258886,6.175344452501813,-0.012670565302144249,0.0009746588693957114,0.0,0.0,0.0,0.0,0.0009746588693957114,0.0009746588693957114
ecb/policy_statement/ecb_2022-07-21_policy_statement_european_central_bank_423d880b.txt,ECB,Eurozone,policy_statement,European Central Bank,2022-07-21,2022,3,2022-Q3,7,190,27.142857142857142,0.25133689839572193,6.822001527883881,-0.005263157894736842,0.0,0.0,0.0,0.0,0.0,0.0,0.0
ecb/policy_statement/ecb_2022-09-08_policy_statement_european_central_bank_437c16ac.txt,ECB,Eurozone,policy_statement,European Central Bank,2022-09-08,2022,3,2022-Q3,12,303,25.25,0.22945205479452055,5.7936643835616435,-0.0231023102310231,0.0,0.0,0.0,0.0,0.0,0.0,-0.0033003300330033004
ecb/policy_statement/ecb_2022-10-27_policy_statement_european_central_bank_ab63e6eb.txt,ECB,Eurozone,policy_statement,European Central Bank,2022-10-27,2022,4,2022-Q4,9,206,22.88888888888889,0.23737373737373738,5.433221099887767,-0.014563106796116505,0.0,0.0,0.0,0.0,0.0,0.0,0.0
ecb/policy_statement/ecb_2022-12-15_policy_statement_european_central_bank_dd4b93a4.txt,ECB,Eurozone,policy_statement,European Central Bank,2022-12-15,2022,4,2022-Q4,10,273,27.3,0.23106060606060605,6.307954545454545,-0.014652014652014652,0.0,0.0,0.0,-0.003663003663003663,-0.003663003663003663,0.0,-0.007326007326007326
ecb/policy_statement/ecb_2023-03-16_policy_statement_european_central_bank_a118490d.txt,ECB,Eurozone,policy_statement,European Central Bank,2023-03-16,2023,1,2023-Q1,16,400,25.0,0.2770448548812665,6.926121372031663,-0.0075,0.0,0.0,0.0,0.0,0.0,0.0,0.0
ecb/policy_statement/ecb_2023-06-15_policy_statement_european_central_bank_a46826dc.txt,ECB,Eurozone,policy_statement,European Central Bank,2023-06-15,2023,2,2023-Q2,10,182,18.2,0.23076923076923078,4.2,-0.01098901098901099,0.0,0.0,0.0,0.0,0.0,0.0,0.0
ecb/policy_statement/ecb_2024-01-25_policy_statement_european_central_bank_367bc904.txt,ECB,Eurozone,policy_statement,European Central Bank,2024-01-25,2024,1,2024-Q1,12,297,24.75,0.2867132867132867,7.096153846153847,-0.006734006734006734,0.0,0.0,0.0,0.003367003367003367,-0.003367003367003367,0.0,0.0
ecb/policy_statement/ecb_2024-04-11_policy_statement_european_central_bank_c7722572.txt,ECB,Eurozone,policy_statement,European Central Bank,2024-04-11,2024,2,2024-Q2,11,319,29.0,0.28938906752411575,8.392282958199356,-0.012539184952978056,0.0,0.0,0.0,0.003134796238244514,-0.003134796238244514,0.0,0.006269592476489028
ecb/policy_statement/ecb_2024-06-06_policy_statement_european_central_bank_57feefe1.txt,ECB,Eurozone,policy_statement,European Central Bank,2024-06-06,2024,2,2024-Q2,6,148,24.666666666666668,0.22377622377622378,5.51981351981352,-0.013513513513513514,0.0,0.0,0.0,0.0,-0.006756756756756757,0.0,0.0
ecb/policy_statement/ecb_2024-07-18_policy_statement_european_central_bank_274bfbc8.txt,ECB,Eurozone,policy_statement,European Central Bank,2024-07-18,2024,3,2024-Q3,6,148,24.666666666666668,0.2605633802816901,6.427230046948357,-0.013513513513513514,0.0,0.0,0.0,0.0,-0.006756756756756757,0.0,0.0
ecb/policy_statement/ecb_2024-09-12_policy_statement_european_central_bank_6155a919.txt,ECB,Eurozone,policy_statement,European Central Bank,2024-09-12,2024,3,2024-Q3,10,235,23.5,0.23766816143497757,5.585201793721973,-0.00851063829787234,0.0,0.0,0.0,0.0,-0.00425531914893617,0.0,0.0
ecb/policy_statement/ecb_2024-10-17_policy_statement_european_central_bank_3585cbde.txt,ECB,Eurozone,policy_statement,European Central Bank,2024-10-17,2024,4,2024-Q4,10,237,23.7,0.2857142857142857,6.7714285714285705,-0.008438818565400843,0.0,0.0,0.0,0.004219409282700422,-0.004219409282700422,0.0,0.0
ecb/policy_statement/ecb_2024-12-12_policy_statement_european_central_bank_f65b7f54.txt,ECB,Eurozone,policy_statement,European Central Bank,2024-12-12,2024,4,2024-Q4,26,613,23.576923076923077,0.2771929824561403,6.535357624831309,-0.01631321370309951,0.0,0.0,0.0,0.0016313213703099511,-0.0032626427406199023,0.0,0.004893964110929853
ecb/policy_statement/ecb_2025-01-30_policy_statement_european_central_bank_c08c9160.txt,ECB,Eurozone,policy_statement,European Central Bank,2025-01-30,2025,1,2025-Q1,20,511,25.55,0.2790224032586558,7.129022403258656,-0.019569471624266144,0.0,0.0,0.0019569471624266144,0.0019569471624266144,-0.005870841487279843,0.0,0.005870841487279843
ecb/policy_statement/ecb_2025-03-06_policy_statement_european_central_bank_0048ff1c.txt,ECB,Eurozone,policy_statement,European Central Bank,2025-03-06,2025,1,2025-Q1,24,587,24.458333333333332,0.2786885245901639,6.816256830601092,-0.02385008517887564,0.0,0.0,0.0017035775127768314,-0.0034071550255536627,-0.0017035775127768314,0.0,0.0
ecb/policy_statement/ecb_2025-04-17_policy_statement_european_central_bank_7c46c202.txt,ECB,Eurozone,policy_statement,European Central Bank,2025-04-17,2025,2,2025-Q2,13,270,20.76923076923077,0.2607003891050584,5.4145465429512125,-0.025925925925925925,0.0,0.0,0.007407407407407408,-0.007407407407407408,0.0,0.0,0.011111111111111112
ecb/policy_statement/ecb_2025-06-05_policy_statement_european_central_bank_8a7a2e54.txt,ECB,Eurozone,policy_statement,European Central Bank,2025-06-05,2025,2,2025-Q2,8,168,21.0,0.2357142857142857,4.95,-0.02976190476190476,0.005952380952380952,0.0,0.0,0.0,0.0,0.0,0.005952380952380952
ecb/policy_statement/ecb_2025-07-24_policy_statement_european_central_bank_4d0ab99e.txt,ECB,Eurozone,policy_statement,European Central Bank,2025-07-24,2025,3,2025-Q3,15,334,22.266666666666666,0.30434782608695654,6.776811594202899,-0.014970059880239521,0.0,0.0,0.0,0.0,0.0029940119760479044,0.0,0.0
ecb/policy_statement/ecb_2025-09-11_policy_statement_european_central_bank_f3a8c85f.txt,ECB,Eurozone,policy_statement,European Central Bank,2025-09-11,2025,3,2025-Q3,16,371,23.1875,0.2823529411764706,6.547058823529412,-0.0215633423180593,0.0,0.0,0.0,0.0026954177897574125,0.0,0.0,0.005390835579514825
ecb/policy_statement/ecb_2025-10-30_policy_statement_european_central_bank_31d88fef.txt,ECB,Eurozone,policy_statement,European Central Bank,2025-10-30,2025,4,2025-Q4,13,282,21.692307692307693,0.2851851851851852,6.186324786324787,-0.010638297872340425,0.0,0.0,0.0,0.0,0.0035460992907801418,0.0,0.0
ecb/policy_statement/ecb_2025-12-18_policy_statement_european_central_bank_e5fb4ae1.txt,ECB,Eurozone,policy_statement,European Central Bank,2025-12-18,2025,4,2025-Q4,16,381,23.8125,0.28405797101449276,6.764130434782609,-0.02099737532808399,0.0026246719160104987,0.0,0.0,0.0026246719160104987,0.0,0.0,0.005249343832020997
ecb/policy_statement/ecb_2026-02-05_policy_statement_european_central_bank_1c0dfc22.txt,ECB,Eurozone,policy_statement,European Central Bank,2026-02-05,2026,1,2026-Q1,8,188,23.5,0.3,7.05,-0.005319148936170213,0.0,0.0,0.0,0.005319148936170213,0.0,0.0,0.0
ecb/policy_statement/ecb_2026-03-19_policy_statement_european_central_bank_f2bad0b9.txt,ECB,Eurozone,policy_statement,European Central Bank,2026-03-19,2026,1,2026-Q1,29,649,22.379310344827587,0.26885245901639343,6.016732617297908,-0.023112480739599383,0.004622496147919877,0.0,0.0015408320493066256,-0.0030816640986132513,0.0,0.0,0.007704160246533128
ecb/press_conference/ecb_2020-03-12_press_conference_christine_lagarde_ca4c4a28.txt,ECB,Eurozone,press_conference,Christine Lagarde,2020-03-12,2020,1,2020-Q1,11,281,25.545454545454547,0.2246376811594203,5.738471673254282,-0.0071174377224199285,0.0035587188612099642,0.0,0.0,0.0,0.0,0.0,0.0035587188612099642
ecb/press_conference/ecb_2020-04-30_press_conference_christine_lagarde_623b28f4.txt,ECB,Eurozone,press_conference,Christine Lagarde,2020-04-30,2020,2,2020-Q2,10,270,27.0,0.22433460076045628,6.057034220532319,-0.003703703703703704,0.0,0.0,0.0,0.0,0.003703703703703704,0.0,-0.003703703703703704
ecb/press_conference/ecb_2020-06-04_press_conference_christine_lagarde_8e25eab5.txt,ECB,Eurozone,press_conference,Christine Lagarde,2020-06-04,2020,2,2020-Q2,8,193,24.125,0.22162162162162163,5.346621621621622,0.0,0.0,0.0,0.0,0.0,0.0,0.0,0.0
ecb/press_conference/ecb_2020-07-16_press_conference_christine_lagarde_8e887180.txt,ECB,Eurozone,press_conference,Christine Lagarde,2020-07-16,2020,3,2020-Q3,12,255,21.25,0.24497991967871485,5.20582329317269,0.0,0.00392156862745098,0.0,0.0,0.0,0.00784313725490196,0.00392156862745098,0.00392156862745098
ecb/press_conference/ecb_2020-09-10_press_conference_christine_lagarde_a4b95a7d.txt,ECB,Eurozone,press_conference,Christine Lagarde,2020-09-10,2020,3,2020-Q3,12,221,18.416666666666668,0.2651162790697674,4.882558139534884,-0.00904977375565611,0.004524886877828055,0.0,0.0,0.0,0.00904977375565611,0.004524886877828055,0.004524886877828055
ecb/press_conference/ecb_2020-10-29_press_conference_christine_lagarde_03ccfdf8.txt,ECB,Eurozone,press_conference,Christine Lagarde,2020-10-29,2020,4,2020-Q4,10,226,22.6,0.22171945701357465,5.010859728506787,-0.004424778761061947,0.0,0.0,0.0,0.0,0.004424778761061947,0.004424778761061947,0.0
ecb/press_conference/ecb_2020-12-10_press_conference_christine_lagarde_50d0823c.txt,ECB,Eurozone,press_conference,Christine Lagarde,2020-12-10,2020,4,2020-Q4,7,138,19.714285714285715,0.2846153846153846,5.6109890109890115,0.0,0.0,0.0,0.0,0.0,0.0,0.0,0.0
ecb/press_conference/ecb_2021-01-21_press_conference_christine_lagarde_efa2ca2e.txt,ECB,Eurozone,press_conference,Christine Lagarde,2021-01-21,2021,1,2021-Q1,8,159,19.875,0.24025974025974026,4.775162337662338,-0.006289308176100629,0.0,0.0,0.0,0.0,0.006289308176100629,0.006289308176100629,0.006289308176100629
ecb/press_conference/ecb_2021-03-11_press_conference_christine_lagarde_fc035ae6.txt,ECB,Eurozone,press_conference,Christine Lagarde,2021-03-11,2021,1,2021-Q1,1,50,50.0,0.2553191489361702,12.76595744680851,0.0,0.0,0.0,0.0,0.0,0.0,0.0,0.0
ecb/press_conference/ecb_2021-04-22_press_conference_christine_lagarde_37ab6474.txt,ECB,Eurozone,press_conference,Christine Lagarde,2021-04-22,2021,2,2021-Q2,10,223,22.3,0.2383177570093458,5.314485981308412,-0.008968609865470852,0.0,0.0,0.0,0.0,0.008968609865470852,0.0,-0.004484304932735426
ecb/press_conference/ecb_2021-06-10_press_conference_christine_lagarde_8817ef20.txt,ECB,Eurozone,press_conference,Christine Lagarde,2021-06-10,2021,2,2021-Q2,10,220,22.0,0.2535211267605634,5.577464788732394,-0.00909090909090909,0.004545454545454545,0.0,0.0,0.0,0.004545454545454545,0.0,0.01818181818181818
ecb/press_conference/ecb_2021-07-22_press_conference_christine_lagarde_7475937f.txt,ECB,Eurozone,press_conference,Christine Lagarde,2021-07-22,2021,3,2021-Q3,13,244,18.76923076923077,0.16942148760330578,3.1799109980928164,-0.02459016393442623,0.0,0.0,0.0,0.0,0.0,0.0,0.00819672131147541
ecb/press_conference/ecb_2021-09-09_press_conference_christine_lagarde_3e11b87a.txt,ECB,Eurozone,press_conference,Christine Lagarde,2021-09-09,2021,3,2021-Q3,11,277,25.181818181818183,0.22962962962962963,5.782491582491583,-0.02888086642599278,0.0,0.0,0.0,0.0,0.0,0.0,0.0036101083032490976
ecb/press_conference/ecb_2021-10-28_press_conference_christine_lagarde_531c8e0d.txt,ECB,Eurozone,press_conference,Christine Lagarde,2021-10-28,2021,4,2021-Q4,10,297,29.7,0.1958762886597938,5.817525773195876,-0.016835016835016835,0.0,0.0,0.0,0.0,0.0,0.0,-0.003367003367003367
ecb/press_conference/ecb_2021-12-16_press_conference_christine_lagarde_88d607de.txt,ECB,Eurozone,press_conference,Christine Lagarde,2021-12-16,2021,4,2021-Q4,12,275,22.916666666666668,0.17293233082706766,3.9630325814536342,-0.01090909090909091,0.0,0.0,0.0,-0.0036363636363636364,0.0036363636363636364,0.0,-0.0036363636363636364
ecb/press_conference/ecb_2022-02-03_press_conference_christine_lagarde_ca422e4e.txt,ECB,Eurozone,press_conference,Christine Lagarde,2022-02-03,2022,1,2022-Q1,12,349,29.083333333333332,0.17630057803468208,5.127408477842003,-0.011461318051575931,0.0,0.0,0.0,0.0,0.0,0.0,-0.0028653295128939827
ecb/press_conference/ecb_2022-03-10_press_conference_christine_lagarde_889ab8fc.txt,ECB,Eurozone,press_conference,Christine Lagarde,2022-03-10,2022,1,2022-Q1,10,279,27.9,0.17883211678832117,4.98941605839416,-0.014336917562724014,0.0,0.0,0.0,-0.0035842293906810036,0.0,0.0,0.0035842293906810036
ecb/press_conference/ecb_2022-04-14_press_conference_christine_lagarde_f880ca56.txt,ECB,Eurozone,press_conference,Christine Lagarde,2022-04-14,2022,2,2022-Q2,12,269,22.416666666666668,0.19776119402985073,4.433146766169155,-0.011152416356877323,0.0037174721189591076,0.0,0.0,-0.0037174721189591076,-0.0037174721189591076,0.0,0.0037174721189591076
ecb/press_conference/ecb_2022-06-09_press_conference_christine_lagarde_45104a71.txt,ECB,Eurozone,press_conference,Christine Lagarde,2022-06-09,2022,2,2022-Q2,8,153,19.125,0.16666666666666666,3.1875,-0.013071895424836602,0.0,0.0,0.0,0.0,0.0,0.0,0.0
ecb/press_conference/ecb_2022-07-21_press_conference_christine_lagarde_7ff42e04.txt,ECB,Eurozone,press_conference,Christine Lagarde,2022-07-21,2022,3,2022-Q3,12,251,20.916666666666668,0.18951612903225806,3.9640456989247315,-0.0199203187250996,0.0,0.0,0.0,0.0,0.0,0.0,0.00796812749003984
ecb/press_conference/ecb_2022-09-08_press_conference_christine_lagarde_abebdb0a.txt,ECB,Eurozone,press_conference,Christine Lagarde,2022-09-08,2022,3,2022-Q3,9,199,22.11111111111111,0.15384615384615385,3.401709401709402,-0.03015075376884422,0.0,0.0,0.0,0.0,0.0,0.0,-0.005025125628140704
ecb/press_conference/ecb_2022-10-27_press_conference_christine_lagarde_01b191e9.txt,ECB,Eurozone,press_conference,Christine Lagarde,2022-10-27,2022,4,2022-Q4,8,201,25.125,0.18324607329842932,4.604057591623037,-0.024875621890547265,0.0,0.0,0.0,0.0,0.0,0.0,0.0
ecb/press_conference/ecb_2023-02-02_press_conference_christine_lagarde_a0e4cbb0.txt,ECB,Eurozone,press_conference,Christine Lagarde,2023-02-02,2023,1,2023-Q1,12,244,20.333333333333332,0.211864406779661,4.307909604519773,-0.020491803278688523,0.004098360655737705,0.0,0.0,-0.004098360655737705,0.0,0.0,0.004098360655737705
ecb/press_conference/ecb_2023-03-16_press_conference_christine_lagarde_5b9bc962.txt,ECB,Eurozone,press_conference,Christine Lagarde,2023-03-16,2023,1,2023-Q1,9,156,17.333333333333332,0.24503311258278146,4.247240618101545,-0.01282051282051282,0.00641025641025641,0.0,0.0,-0.00641025641025641,0.0,0.0,0.019230769230769232
ecb/press_conference/ecb_2023-05-04_press_conference_christine_lagarde_6005d7d0.txt,ECB,Eurozone,press_conference,Christine Lagarde,2023-05-04,2023,2,2023-Q2,12,273,22.75,0.1660377358490566,3.7773584905660376,-0.018315018315018316,0.0,0.0,0.0,0.0,-0.003663003663003663,0.0,0.007326007326007326
ecb/press_conference/ecb_2023-06-15_press_conference_christine_lagarde_d0f22d16.txt,ECB,Eurozone,press_conference,Christine Lagarde,2023-06-15,2023,2,2023-Q2,12,230,19.166666666666668,0.26576576576576577,5.093843843843844,-0.02608695652173913,0.004347826086956522,0.0,0.0,-0.004347826086956522,-0.008695652173913044,0.0,0.0
ecb/press_conference/ecb_2023-07-27_press_conference_christine_lagarde_b6e862ca.txt,ECB,Eurozone,press_conference,Christine Lagarde,2023-07-27,2023,3,2023-Q3,12,210,17.5,0.1782178217821782,3.1188118811881185,-0.023809523809523808,0.004761904761904762,0.0,0.0,-0.004761904761904762,-0.004761904761904762,0.0,0.0
ecb/press_conference/ecb_2023-09-14_press_conference_christine_lagarde_ea8ac191.txt,ECB,Eurozone,press_conference,Christine Lagarde,2023-09-14,2023,3,2023-Q3,12,188,15.666666666666666,0.16759776536312848,2.625698324022346,-0.015957446808510637,0.005319148936170213,0.0,0.0,0.0,-0.005319148936170213,0.0,0.0
ecb/press_conference/ecb_2023-10-26_press_conference_christine_lagarde_87a1e7fe.txt,ECB,Eurozone,press_conference,Christine Lagarde,2023-10-26,2023,4,2023-Q4,11,189,17.181818181818183,0.16393442622950818,2.8166915052160952,-0.015873015873015872,0.005291005291005291,0.0,0.0,0.0,-0.005291005291005291,0.0,0.005291005291005291
ecb/press_conference/ecb_2023-12-14_press_conference_christine_lagarde_f1eadb8a.txt,ECB,Eurozone,press_conference,Christine Lagarde,2023-12-14,2023,4,2023-Q4,9,144,16.0,0.2,3.2,-0.013888888888888888,0.006944444444444444,0.0,0.0,0.0,-0.006944444444444444,0.0,0.006944444444444444
ecb/press_conference/ecb_2024-01-25_press_conference_christine_lagarde_79afceec.txt,ECB,Eurozone,press_conference,Christine Lagarde,2024-01-25,2024,1,2024-Q1,12,233,19.416666666666668,0.18061674008810572,3.5069750367107195,-0.02575107296137339,0.004291845493562232,0.0,0.0,0.0,0.0,0.0,0.008583690987124463
ecb/press_conference/ecb_2024-03-07_press_conference_christine_lagarde_21566fa9.txt,ECB,Eurozone,press_conference,Christine Lagarde,2024-03-07,2024,1,2024-Q1,10,174,17.4,0.20710059171597633,3.603550295857988,-0.011494252873563218,0.005747126436781609,0.0,0.0,0.0,-0.005747126436781609,0.0,0.011494252873563218
ecb/press_conference/ecb_2024-04-11_press_conference_christine_lagarde_caab5737.txt,ECB,Eurozone,press_conference,Christine Lagarde,2024-04-11,2024,2,2024-Q2,9,209,23.22222222222222,0.23414634146341465,5.43739837398374,-0.023923444976076555,0.004784688995215311,0.0,0.0,0.0,-0.009569377990430622,0.0,0.023923444976076555
ecb/press_conference/ecb_2024-06-06_press_conference_christine_lagarde_126c4ff8.txt,ECB,Eurozone,press_conference,Christine Lagarde,2024-06-06,2024,2,2024-Q2,12,192,16.0,0.21505376344086022,3.4408602150537635,-0.005208333333333333,0.005208333333333333,0.0,0.0,0.0,-0.005208333333333333,0.0,0.005208333333333333
ecb/press_conference/ecb_2024-07-18_press_conference_christine_lagarde_ec59b397.txt,ECB,Eurozone,press_conference,Christine Lagarde,2024-07-18,2024,3,2024-Q3,10,141,14.1,0.21897810218978103,3.0875912408759123,-0.014184397163120567,0.0070921985815602835,0.0,0.0,0.0,0.0,0.0,0.0
ecb/press_conference/ecb_2024-09-12_press_conference_christine_lagarde_81beee32.txt,ECB,Eurozone,press_conference,Christine Lagarde,2024-09-12,2024,3,2024-Q3,12,215,17.916666666666668,0.19230769230769232,3.445512820512821,-0.013953488372093023,0.004651162790697674,0.0,0.0,0.0,-0.009302325581395349,0.0,0.004651162790697674
ecb/press_conference/ecb_2024-10-17_press_conference_christine_lagarde_edc6f8bd.txt,ECB,Eurozone,press_conference,Christine Lagarde,2024-10-17,2024,4,2024-Q4,12,215,17.916666666666668,0.15789473684210525,2.8289473684210527,-0.004651162790697674,0.004651162790697674,0.0,0.0,0.0,-0.004651162790697674,0.0,0.0
ecb/press_conference/ecb_2024-12-12_press_conference_christine_lagarde_d7f5ef75.txt,ECB,Eurozone,press_conference,Christine Lagarde,2024-12-12,2024,4,2024-Q4,11,181,16.454545454545453,0.19767441860465115,3.252642706131078,-0.022099447513812154,0.0055248618784530384,0.0,0.0,0.0,0.0,0.0,0.011049723756906077
ecb/press_conference/ecb_2025-03-06_press_conference_christine_lagarde_d234563b.txt,ECB,Eurozone,press_conference,Christine Lagarde,2025-03-06,2025,1,2025-Q1,11,238,21.636363636363637,0.22844827586206898,4.942789968652038,-0.02100840336134454,0.004201680672268907,0.0,0.0,-0.004201680672268907,0.004201680672268907,0.0,0.01680672268907563
ecb/press_conference/ecb_2025-06-05_press_conference_christine_lagarde_82518d96.txt,ECB,Eurozone,press_conference,Christine Lagarde,2025-06-05,2025,2,2025-Q2,16,327,20.4375,0.21337579617834396,4.360867834394905,-0.021406727828746176,0.0030581039755351682,0.0,0.0,-0.009174311926605505,0.0030581039755351682,0.0,0.009174311926605505
ecb/press_conference/ecb_2025-07-24_press_conference_christine_lagarde_6bf79b93.txt,ECB,Eurozone,press_conference,Christine Lagarde,2025-07-24,2025,3,2025-Q3,13,239,18.384615384615383,0.19827586206896552,3.645225464190981,-0.02092050209205021,0.0041841004184100415,0.0,0.0,-0.008368200836820083,0.0,0.0,0.012552301255230125
ecb/press_conference/ecb_2025-09-11_press_conference_christine_lagarde_81e50eef.txt,ECB,Eurozone,press_conference,Christine Lagarde,2025-09-11,2025,3,2025-Q3,17,368,21.647058823529413,0.21787709497206703,4.71639829116004,-0.019021739130434784,0.002717391304347826,0.0,0.0,-0.005434782608695652,0.0,0.0,0.01358695652173913
ecb/press_conference/ecb_2025-10-30_press_conference_christine_lagarde_762ff8b4.txt,ECB,Eurozone,press_conference,Christine Lagarde,2025-10-30,2025,4,2025-Q4,13,265,20.384615384615383,0.18253968253968253,3.7210012210012207,-0.022641509433962263,0.0,0.0,0.0,-0.007547169811320755,0.0,0.0,0.007547169811320755
ecb/press_conference/ecb_2025-12-18_press_conference_christine_lagarde_4376c838.txt,ECB,Eurozone,press_conference,Christine Lagarde,2025-12-18,2025,4,2025-Q4,12,234,19.5,0.23008849557522124,4.486725663716814,-0.029914529914529916,0.0,0.0,0.0,-0.008547008547008548,0.0,0.0,0.008547008547008548
ecb/speech/ecb_2020-01-08_speech_christine_lagarde_2cd4b453.txt,ECB,Eurozone,speech,Christine Lagarde,2020-01-08,2020,1,2020-Q1,98,1910,19.489795918367346,0.17637626937466597,3.437537494955224,0.0,-0.0020942408376963353,0.0,0.0,-0.0005235602094240838,0.0,0.0,-0.0005235602094240838
ecb/speech/ecb_2020-01-08_speech_luis_de_guindos_254c507c.txt,ECB,Eurozone,speech,Luis de Guindos,2020-01-08,2020,1,2020-Q1,110,2702,24.563636363636363,0.22004608294930875,5.405131964809383,0.0,0.0003700962250185048,0.0,0.0,-0.0003700962250185048,0.0,0.0,0.0007401924500370096
ecb/speech/ecb_2020-01-16_speech_christine_lagarde_90f4d8cc.txt,ECB,Eurozone,speech,Christine Lagarde,2020-01-16,2020,1,2020-Q1,88,1773,20.147727272727273,0.1729106628242075,3.483756877128635,0.0,0.0,0.0,0.0,-0.0005640157924421884,0.0,0.0,0.0011280315848843769
ecb/speech/ecb_2020-01-23_speech_christine_lagarde_14d27aeb.txt,ECB,Eurozone,speech,Christine Lagarde,2020-01-23,2020,1,2020-Q1,48,949,19.770833333333332,0.19801980198019803,3.915016501650165,0.0,0.0,0.0,0.0,0.0,0.0,0.0,0.001053740779768177
ecb/speech/ecb_2020-01-23_speech_christine_lagarde_420b415b.txt,ECB,Eurozone,speech,Christine Lagarde,2020-01-23,2020,1,2020-Q1,55,1400,25.454545454545453,0.2668621700879765,6.792855238603038,-0.013571428571428571,0.002142857142857143,0.0,0.0014285714285714286,-0.0007142857142857143,0.002857142857142857,0.0,0.020714285714285713
ecb/speech/ecb_2020-01-24_speech_christine_lagarde_97ded66e.txt,ECB,Eurozone,speech,Christine Lagarde,2020-01-24,2020,1,2020-Q1,57,1021,17.912280701754387,0.15009940357852883,2.6886226500645254,0.0009794319294809011,0.0,0.0,0.0,0.0019588638589618022,0.0009794319294809011,0.0,0.0039177277179236044
ecb/speech/ecb_2020-01-24_speech_christine_lagarde_b0db9ac7.txt,ECB,Eurozone,speech,Christine Lagarde,2020-01-24,2020,1,2020-Q1,162,2939,18.141975308641975,0.11446196024674435,2.0765660565751953,-0.0006805035726437564,-0.0003402517863218782,0.0,0.0,0.0,0.0,0.0,-0.0013610071452875127
ecb/speech/ecb_2020-01-25_speech_frank_elderson_24a848fe.txt,ECB,Eurozone,speech,Frank Elderson,2020-01-25,2020,1,2020-Q1,62,1416,22.838709677419356,0.22724014336917564,5.189871661463753,0.0,0.0,0.0,0.0,0.0,0.0,0.0,-0.00211864406779661
ecb/speech/ecb_2020-01-27_speech_yves_mersch_880a647f.txt,ECB,Eurozone,speech,Yves Mersch,2020-01-27,2020,1,2020-Q1,199,3141,15.78391959798995,0.25161071549677855,3.9714033033938767,-0.0073225087551735115,-0.0006367398917542184,0.0,0.0,0.0,0.0003183699458771092,0.0,-0.008914358484559057
ecb/speech/ecb_2020-02-02_speech_philip_r_lane_f4b9a777.txt,ECB,Eurozone,speech,Philip R Lane,2020-02-02,2020,1,2020-Q1,301,5503,18.282392026578073,0.14014732965009208,2.562228422141052,-0.018717063419952752,-0.00018171906232963838,0.0,0.0,-0.0009085953116481918,-0.00018171906232963838,0.0,-0.005996729056878067
ecb/speech/ecb_2020-02-03_speech_luis_de_guindos_51607807.txt,ECB,Eurozone,speech,Luis de Guindos,2020-02-03,2020,1,2020-Q1,83,1374,16.55421686746988,0.17022844509948415,2.817998597189051,0.0,0.0,0.0,0.0,-0.000727802037845706,0.0,0.0,0.001455604075691412
ecb/speech/ecb_2020-02-05_speech_christine_lagarde_3db34dde.txt,ECB,Eurozone,speech,Christine Lagarde,2020-02-05,2020,1,2020-Q1,115,2051,17.83478260869565,0.19969818913480886,3.5615737905695037,-0.0009751340809361287,0.00048756704046806434,0.0,0.0,-0.0024378352023403218,0.00048756704046806434,0.0,-0.0034129692832764505
ecb/speech/ecb_2020-02-06_speech_christine_lagarde_fa4c3127.txt,ECB,Eurozone,speech,Christine Lagarde,2020-02-06,2020,1,2020-Q1,77,1749,22.714285714285715,0.21071012805587894,4.786130051554965,-0.002287021154945683,0.0005717552887364208,0.0,0.0,-0.0005717552887364208,0.0,0.0,0.004002287021154946
ecb/speech/ecb_2020-02-06_speech_luis_de_guindos_47b25cb3.txt,ECB,Eurozone,speech,Luis de Guindos,2020-02-06,2020,1,2020-Q1,91,1947,21.395604395604394,0.24141630901287553,5.165247842286468,0.0,-0.0005136106831022085,0.0005136106831022085,0.0,0.0005136106831022085,0.0,0.0,-0.002054442732408834
ecb/speech/ecb_2020-02-10_speech_luis_de_guindos_634d2b38.txt,ECB,Eurozone,speech,Luis de Guindos,2020-02-10,2020,1,2020-Q1,237,3865,16.30801687763713,0.16466597077244258,2.6853754305294957,0.000258732212160414,0.001034928848641656,0.0,0.0,-0.0007761966364812419,0.0,0.0,0.00129366106080207
ecb/speech/ecb_2020-02-11_speech_christine_lagarde_3e16fd62.txt,ECB,Eurozone,speech,Christine Lagarde,2020-02-11,2020,1,2020-Q1,66,1465,22.196969696969695,0.21715076071922546,4.820088855358565,0.0006825938566552901,0.0006825938566552901,0.0,0.0,0.0,0.0006825938566552901,0.0,0.00477815699658703
ecb/speech/ecb_2020-02-11_speech_isabel_schnabel_e0c99167.txt,ECB,Eurozone,speech,Isabel Schnabel,2020-02-11,2020,1,2020-Q1,142,2242,15.788732394366198,0.17699910152740342,2.794591448059426,-0.0008920606601248885,0.00044603033006244426,0.0,0.0,-0.00044603033006244426,0.0,0.0,-0.0026761819803746653
ecb/speech/ecb_2020-02-11_speech_isabel_schnabel_f2c39d58.txt,ECB,Eurozone,speech,Isabel Schnabel,2020-02-11,2020,1,2020-Q1,215,4616,21.469767441860466,0.19561324977618622,4.199770981241282,-0.0017331022530329288,0.0017331022530329288,0.0,0.0002166377816291161,-0.0002166377816291161,0.0,0.0,0.0012998266897746968
ecb/speech/ecb_2020-02-11_speech_philip_r_lane_e9952eed.txt,ECB,Eurozone,speech,Philip R Lane,2020-02-11,2020,1,2020-Q1,136,2835,20.845588235294116,0.24023800669393827,5.007902566009669,-0.013756613756613757,-0.0003527336860670194,0.0,-0.0003527336860670194,-0.0003527336860670194,0.0014109347442680777,0.0,-0.012345679012345678
ecb/speech/ecb_2020-02-13_speech_philip_r_lane_51ab42aa.txt,ECB,Eurozone,speech,Philip R Lane,2020-02-13,2020,1,2020-Q1,125,2355,18.84,0.14267352185089974,2.687969151670951,-0.0008492569002123143,0.0,0.0,0.0,-0.0012738853503184713,-0.0004246284501061571,0.0,-0.0012738853503184713
ecb/speech/ecb_2020-02-17_speech_carlos_da_silva_costa_321d3b6b.txt,ECB,Eurozone,speech,Carlos da Silva Costa,2020-02-17,2020,1,2020-Q1,44,905,20.568181818181817,0.27200902934537247,5.594731171762774,0.0,0.0,0.0,0.0,0.0,0.0,0.0,0.0066298342541436465
ecb/speech/ecb_2020-02-17_speech_philip_r_lane_1c7c7b15.txt,ECB,Eurozone,speech,Philip R Lane,2020-02-17,2020,1,2020-Q1,284,4894,17.232394366197184,0.269445638160722,4.64319349703723,0.0,0.0,0.0,0.0,0.0002043318348998774,0.0,0.0,0.0018389865140988966
ecb/speech/ecb_2020-02-18_speech_fabio_panetta_32501c69.txt,ECB,Eurozone,speech,Fabio Panetta,2020-02-18,2020,1,2020-Q1,122,2014,16.508196721311474,0.23760330578512398,3.9224021135347513,-0.0024826216484607746,0.0,0.0,0.0,-0.0004965243296921549,0.0,0.0,0.0029791459781529296
ecb/speech/ecb_2020-02-20_speech_luis_de_guindos_1cc7fc8f.txt,ECB,Eurozone,speech,Luis de Guindos,2020-02-20,2020,1,2020-Q1,63,1585,25.158730158730158,0.2665791201575837,6.706792149996352,-0.00946372239747634,0.0,0.0,0.002523659305993691,-0.0018927444794952682,-0.0006309148264984228,0.0,0.012618296529968454
ecb/speech/ecb_2020-02-21_speech_philip_r_lane_ea899bf4.txt,ECB,Eurozone,speech,Philip R Lane,2020-02-21,2020,1,2020-Q1,288,6328,21.97222222222222,0.2391704298377655,5.255105833379792,-0.005214917825537294,0.0006321112515802782,0.0,0.0,-0.0009481668773704172,0.0012642225031605564,0.0,-0.00679519595448799
ecb/speech/ecb_2020-02-26_speech_fabio_panetta_e735604d.txt,ECB,Eurozone,speech,Fabio Panetta,2020-02-26,2020,1,2020-Q1,160,3798,23.7375,0.25487012987012986,6.0499797077922075,0.0,0.0,0.0,0.0,0.0,0.0002632964718272775,0.0,-0.00737230121116377
ecb/speech/ecb_2020-02-27_speech_christine_lagarde_76d9ef81.txt,ECB,Eurozone,speech,Christine Lagarde,2020-02-27,2020,1,2020-Q1,89,1595,17.921348314606742,0.24497991967871485,4.390370470646632,-0.0012539184952978057,0.0,0.0,0.0,-0.0006269592476489029,0.0,0.0,-0.005015673981191223
ecb/speech/ecb_2020-02-27_speech_fabio_panetta_ce9928be.txt,ECB,Eurozone,speech,Fabio Panetta,2020-02-27,2020,1,2020-Q1,55,1221,22.2,0.2790102389078498,6.1940273037542655,0.0,0.0,0.0,0.0,0.0,0.0,0.0,-0.001638001638001638
ecb/speech/ecb_2020-02-27_speech_isabel_schnabel_1a0d9b60.txt,ECB,Eurozone,speech,Isabel Schnabel,2020-02-27,2020,1,2020-Q1,304,6173,20.30592105263158,0.20313565098841171,4.12485649194561,-0.013769641989308279,0.001133970516766564,0.0,0.00016199578810950914,-0.0006479831524380366,0.0003239915762190183,0.0003239915762190183,-0.0012959663048760731
ecb/speech/ecb_2020-02-27_speech_philip_r_lane_9ae7f59c.txt,ECB,Eurozone,speech,Philip R Lane,2020-02-27,2020,1,2020-Q1,35,903,25.8,0.2474460839954597,6.38410896708286,-0.012181616832779624,0.0,0.0022148394241417496,0.0,0.0,0.0022148394241417496,0.0,0.0
ecb/speech/ecb_2020-03-02_speech_luis_de_guindos_75dd8ab1.txt,ECB,Eurozone,speech,Luis de Guindos,2020-03-02,2020,1,2020-Q1,38,776,20.42105263157895,0.25033288948069243,5.112061111500457,-0.011597938144329897,0.0,0.0,0.003865979381443299,-0.003865979381443299,0.0,0.0,0.005154639175257732
ecb/speech/ecb_2020-03-03_speech_luis_de_guindos_84dfd70a.txt,ECB,Eurozone,speech,Luis de Guindos,2020-03-03,2020,1,2020-Q1,92,1908,20.73913043478261,0.2061742006615215,4.2758736398063375,0.0,0.0010482180293501049,0.0,0.0,-0.0005241090146750524,-0.0005241090146750524,0.0,0.0041928721174004195
ecb/speech/ecb_2020-03-12_speech_christine_lagarde_d8c7a76b.txt,ECB,Eurozone,speech,Christine Lagarde,2020-03-12,2020,1,2020-Q1,67,1803,26.91044776119403,0.2556131260794473,6.87866367643647,-0.008319467554076539,0.0033277870216306157,0.0,0.0,-0.0033277870216306157,0.0011092623405435386,0.0,0.003882418191902385
ecb/speech/ecb_2020-03-15_speech_fabio_panetta_6d70ab07.txt,ECB,Eurozone,speech,Fabio Panetta,2020-03-15,2020,1,2020-Q1,78,1598,20.487179487179485,0.18825015792798483,3.856714773960509,0.0,-0.0006257822277847309,0.0,0.0,0.0,0.0,0.0,0.0006257822277847309
ecb/speech/ecb_2020-03-18_speech_isabel_schnabel_75783be0.txt,ECB,Eurozone,speech,Isabel Schnabel,2020-03-18,2020,1,2020-Q1,124,1634,13.17741935483871,0.1685185185185185,2.2206391875746716,0.0,-0.0006119951040391676,0.0,0.0,-0.0018359853121175031,0.0,0.0,-0.0030599755201958386
ecb/speech/ecb_2020-03-18_speech_luis_de_guindos_f70a6339.txt,ECB,Eurozone,speech,Luis de Guindos,2020-03-18,2020,1,2020-Q1,108,1497,13.86111111111111,0.1568627450980392,2.1742919389978215,0.0,-0.0006680026720106881,0.0,-0.0006680026720106881,-0.0006680026720106881,0.0,0.0,-0.0033400133600534404
ecb/speech/ecb_2020-03-19_speech_fabio_panetta_f315b46a.txt,ECB,Eurozone,speech,Fabio Panetta,2020-03-19,2020,1,2020-Q1,16,381,23.8125,0.20911528150134048,4.97955764075067,0.0,0.0,0.0,0.0,0.0,0.0,0.0,0.007874015748031496
ecb/speech/ecb_2020-03-19_speech_luis_de_guindos_b63852ce.txt,ECB,Eurozone,speech,Luis de Guindos,2020-03-19,2020,1,2020-Q1,38,652,17.157894736842106,0.14860681114551083,2.549780022812449,0.0,0.0,0.0,0.0,0.0,0.0,0.0,-0.0015337423312883436
ecb/speech/ecb_2020-03-21_speech_isabel_schnabel_3be61b25.txt,ECB,Eurozone,speech,Isabel Schnabel,2020-03-21,2020,1,2020-Q1,104,1521,14.625,0.15928618638466624,2.3295604758757436,0.0013149243918474688,0.0,0.0006574621959237344,0.0,-0.0006574621959237344,0.0,0.0,-0.0013149243918474688
ecb/speech/ecb_2020-03-30_speech_luis_de_guindos_e0b1bbd7.txt,ECB,Eurozone,speech,Luis de Guindos,2020-03-30,2020,1,2020-Q1,127,1935,15.236220472440944,0.15223097112860892,2.3194246388492776,0.0,-0.0020671834625322996,0.0,0.0,0.0,0.0,0.0,-0.0015503875968992248
ecb/speech/ecb_2020-04-04_speech_isabel_schnabel_b3116f05.txt,ECB,Eurozone,speech,Isabel Schnabel,2020-04-04,2020,2,2020-Q2,69,1383,20.043478260869566,0.20848573518653987,4.178779300912821,-0.0014461315979754157,-0.0007230657989877079,0.0,0.0,0.0,0.0,0.0,-0.0036153289949385392
ecb/speech/ecb_2020-04-09_speech_christine_lagarde_3634eab6.txt,ECB,Eurozone,speech,Christine Lagarde,2020-04-09,2020,2,2020-Q2,99,1717,17.343434343434343,0.15861657722122838,2.7509561928166577,0.0005824111822947001,-0.0005824111822947001,0.0,0.0,0.0,0.0,0.0,-0.0011648223645894002
ecb/speech/ecb_2020-04-09_speech_christine_lagarde_8a2600eb.txt,ECB,Eurozone,speech,Christine Lagarde,2020-04-09,2020,2,2020-Q2,189,3609,19.095238095238095,0.14965034965034965,2.8576090576090576,-0.0002770850651149903,-0.0005541701302299807,0.0,0.0,-0.0002770850651149903,0.0,0.0,-0.0005541701302299807
ecb/speech/ecb_2020-04-12_speech_luis_de_guindos_b48bfa3a.txt,ECB,Eurozone,speech,Luis de Guindos,2020-04-12,2020,2,2020-Q2,106,1997,18.839622641509433,0.17218543046357615,3.243908534299637,-0.000500751126690035,-0.0025037556334501754,0.0,-0.00100150225338007,-0.000500751126690035,0.0,0.0,-0.0015022533800701052
ecb/speech/ecb_2020-04-15_speech_luis_de_guindos_725482c0.txt,ECB,Eurozone,speech,Luis de Guindos,2020-04-15,2020,2,2020-Q2,93,1576,16.946236559139784,0.18858242463117383,3.195762378696021,0.0,-0.0012690355329949238,0.0,0.0,-0.0025380710659898475,0.0,0.0,-0.005710659898477157
ecb/speech/ecb_2020-04-16_speech_christine_lagarde_5c2ab512.txt,ECB,Eurozone,speech,Christine Lagarde,2020-04-16,2020,2,2020-Q2,56,1427,25.482142857142858,0.2600286532951289,6.626087290216946,-0.001401541695865452,-0.000700770847932726,0.0,0.0,-0.00350385423966363,0.0,0.0,-0.005606166783461808
ecb/speech/ecb_2020-04-16_speech_isabel_schnabel_ae8714c5.txt,ECB,Eurozone,speech,Isabel Schnabel,2020-04-16,2020,2,2020-Q2,110,2868,26.072727272727274,0.2389824435686134,6.230924074134394,-0.0031380753138075313,0.0,0.0,0.0,-0.004532775453277545,0.0003486750348675035,0.0,-0.004532775453277545
ecb/speech/ecb_2020-04-21_speech_fabio_panetta_20a71bee.txt,ECB,Eurozone,speech,Fabio Panetta,2020-04-21,2020,2,2020-Q2,54,1094,20.25925925925926,0.21388888888888888,4.333230452674897,0.0,-0.003656307129798903,0.0,0.0,0.0009140767824497258,0.0,0.0,-0.0018281535648994515
ecb/speech/ecb_2020-04-30_speech_christine_lagarde_da6bb88a.txt,ECB,Eurozone,speech,Christine Lagarde,2020-04-30,2020,2,2020-Q2,68,2073,30.485294117647058,0.25396825396825395,7.742296918767506,-0.005788712011577424,0.0,0.0,0.0,-0.003376748673420164,0.000482392667631452,0.0,-0.003859141341051616
ecb/speech/ecb_2020-05-07_speech_luis_de_guindos_03c3868d.txt,ECB,Eurozone,speech,Luis de Guindos,2020-05-07,2020,2,2020-Q2,79,1842,23.31645569620253,0.23333333333333334,5.440506329113924,-0.0016286644951140066,-0.0005428881650380022,0.0,0.0,-0.0010857763300760044,0.0,0.0005428881650380022,-0.002171552660152009
ecb/speech/ecb_2020-05-08_speech_christine_lagarde_068b2809.txt,ECB,Eurozone,speech,Christine Lagarde,2020-05-08,2020,2,2020-Q2,54,1090,20.185185185185187,0.1925233644859813,3.886119764624438,0.0009174311926605505,-0.0009174311926605505,0.0,-0.0009174311926605505,0.0,0.0,0.0,-0.001834862385321101
ecb/speech/ecb_2020-05-11_speech_yves_mersch_0938a155.txt,ECB,Eurozone,speech,Yves Mersch,2020-05-11,2020,2,2020-Q2,108,2063,19.10185185185185,0.17113095238095238,3.268918099647266,0.0,0.0004847309743092584,0.0,0.0,0.0,0.0,0.0,0.001454192922927775
ecb/speech/ecb_2020-05-12_speech_yannis_stournaras_0568176b.txt,ECB,Eurozone,speech,Yannis Stournaras,2020-05-12,2020,2,2020-Q2,72,1610,22.36111111111111,0.23180076628352492,5.183322690506599,0.0,0.0,0.0,0.0006211180124223603,-0.0006211180124223603,0.0,0.0,-0.0012422360248447205
ecb/speech/ecb_2020-05-19_speech_philip_r_lane_6aba4354.txt,ECB,Eurozone,speech,Philip R Lane,2020-05-19,2020,2,2020-Q2,128,3237,25.2890625,0.24168587421797827,6.112009178465591,-0.0006178560395427865,0.0009267840593141798,0.0,0.0,-0.002162496138399753,0.0006178560395427865,0.0,-0.005251776336113685
ecb/speech/ecb_2020-05-22_speech_philip_r_lane_75391410.txt,ECB,Eurozone,speech,Philip R Lane,2020-05-22,2020,2,2020-Q2,248,3968,16.0,0.26798805321748576,4.287808851479772,-0.027973790322580645,0.0,0.0005040322580645161,0.0,-0.0030241935483870967,0.0,0.0,-0.002772177419354839
ecb/speech/ecb_2020-06-04_speech_christine_lagarde_95e5b414.txt,ECB,Eurozone,speech,Christine Lagarde,2020-06-04,2020,2,2020-Q2,65,1850,28.46153846153846,0.2580101180438449,7.343364898170969,-0.007027027027027027,0.002702702702702703,0.0,0.0,-0.002702702702702703,0.0005405405405405405,0.0,-0.0005405405405405405
ecb/speech/ecb_2020-06-08_speech_christine_lagarde_9467d0de.txt,ECB,Eurozone,speech,Christine Lagarde,2020-06-08,2020,2,2020-Q2,91,2169,23.835164835164836,0.2428099952852428,5.7874162612493585,-0.0013831258644536654,0.0004610419548178884,0.0,0.0,0.0004610419548178884,0.0004610419548178884,0.0,0.005532503457814661
ecb/speech/ecb_2020-06-10_speech_isabel_schnabel_a39dccba.txt,ECB,Eurozone,speech,Isabel Schnabel,2020-06-10,2020,2,2020-Q2,152,3432,22.57894736842105,0.21748336358136722,4.9105454198108704,-0.006701631701631702,0.0008741258741258741,0.0002913752913752914,-0.0002913752913752914,-0.0034965034965034965,0.0008741258741258741,0.0005827505827505828,-0.006701631701631702
ecb/speech/ecb_2020-06-10_speech_luis_de_guindos_89a90529.txt,ECB,Eurozone,speech,Luis de Guindos,2020-06-10,2020,2,2020-Q2,86,2102,24.441860465116278,0.2514705882352941,6.14640902872777,-0.0028544243577545195,0.0004757373929590866,0.0,0.0,-0.003330161750713606,0.0,0.0,-0.005708848715509039
ecb/speech/ecb_2020-06-13_speech_christine_lagarde_2cc9fdaf.txt,ECB,Eurozone,speech,Christine Lagarde,2020-06-13,2020,2,2020-Q2,86,1764,20.511627906976745,0.2100350058343057,4.308159887112969,0.0005668934240362812,0.0,0.0,0.0,-0.007369614512471655,0.0,0.0,0.003401360544217687
ecb/speech/ecb_2020-06-16_speech_frank_elderson_ed723aff.txt,ECB,Eurozone,speech,Frank Elderson,2020-06-16,2020,2,2020-Q2,94,2045,21.75531914893617,0.19379068602904356,4.215978222653129,0.0,0.0,0.0,0.0,0.0,0.0,0.0,-0.0117359413202934
ecb/speech/ecb_2020-06-22_speech_luis_de_guindos_42713959.txt,ECB,Eurozone,speech,Luis de Guindos,2020-06-22,2020,2,2020-Q2,101,2333,23.099009900990097,0.2369460289600702,5.473218668948948,-0.0021431633090441492,0.0008572653236176596,0.0,0.0,-0.0030004286326618087,0.0008572653236176596,0.0,-0.005143591941705958
ecb/speech/ecb_2020-06-24_speech_philip_r_lane_fc15769d.txt,ECB,Eurozone,speech,Philip R Lane,2020-06-24,2020,2,2020-Q2,185,5104,27.589189189189188,0.24015586546349466,6.62570560716582,-0.004310344827586207,0.0011755485893416929,0.0,0.0,-0.0005877742946708464,0.001567398119122257,0.0,-0.003134796238244514
ecb/speech/ecb_2020-06-25_speech_yves_mersch_ad8bd37a.txt,ECB,Eurozone,speech,Yves Mersch,2020-06-25,2020,2,2020-Q2,30,745,24.833333333333332,0.24147339699863574,5.996589358799453,0.0,0.0,0.0,0.0,-0.0026845637583892616,0.0,0.0,0.0013422818791946308
ecb/speech/ecb_2020-07-02_speech_yves_mersch_5ea6dba4.txt,ECB,Eurozone,speech,Yves Mersch,2020-07-02,2020,3,2020-Q3,26,636,24.46153846153846,0.2639344262295082,6.4562421185372,0.0,0.0,0.0,0.0,0.0,0.0,0.0,0.0047169811320754715
ecb/speech/ecb_2020-07-13_speech_fabio_panetta_a2ba6aff.txt,ECB,Eurozone,speech,Fabio Panetta,2020-07-13,2020,3,2020-Q3,87,2272,26.114942528735632,0.24,6.267586206896551,0.0,0.0,0.0,0.0,-0.00044014084507042255,0.0,0.0,-0.0008802816901408451
ecb/speech/ecb_2020-07-16_speech_christine_lagarde_e5f15d7d.txt,ECB,Eurozone,speech,Christine Lagarde,2020-07-16,2020,3,2020-Q3,68,1884,27.705882352941178,0.2580293957539467,7.148932082359346,-0.004777070063694267,0.0015923566878980893,0.0,0.0,-0.0031847133757961785,0.0010615711252653928,0.0005307855626326964,-0.0031847133757961785
ecb/speech/ecb_2020-07-17_speech_isabel_schnabel_c638b8e9.txt,ECB,Eurozone,speech,Isabel Schnabel,2020-07-17,2020,3,2020-Q3,205,3975,19.390243902439025,0.21388962239239503,4.147371946389123,0.0005031446540880503,0.0,0.0,0.0,-0.00025157232704402514,0.0,0.0,0.0022641509433962265
ecb/speech/ecb_2020-07-22_speech_luis_de_guindos_f6e7bf00.txt,ECB,Eurozone,speech,Luis de Guindos,2020-07-22,2020,3,2020-Q3,79,1835,23.227848101265824,0.2662154540327129,6.18361212848137,0.0005449591280653951,0.0,0.0,0.0,-0.0021798365122615805,0.0005449591280653951,0.0,-0.0010899182561307902
ecb/speech/ecb_2020-08-26_speech_isabel_schnabel_ccbd291f.txt,ECB,Eurozone,speech,Isabel Schnabel,2020-08-26,2020,3,2020-Q3,162,3038,18.753086419753085,0.23079608938547486,4.3281390095868675,-0.0009874917709019092,0.0006583278472679394,0.0,0.0,-0.0009874917709019092,0.0013166556945358788,0.0003291639236339697,-0.021395655036208033
ecb/speech/ecb_2020-08-27_speech_philip_r_lane_dae26500.txt,ECB,Eurozone,speech,Philip R Lane,2020-08-27,2020,3,2020-Q3,112,2860,25.535714285714285,0.24889217134416544,6.355639375395653,-0.00944055944055944,0.0,0.0,0.0,0.0,0.0006993006993006993,0.0,-0.002797202797202797
ecb/speech/ecb_2020-09-10_speech_christine_lagarde_1e70622a.txt,ECB,Eurozone,speech,Christine Lagarde,2020-09-10,2020,3,2020-Q3,68,1799,26.455882352941178,0.2657423454650491,7.03044822781799,-0.007226236798221234,0.0027793218454697055,0.0,0.0,-0.0033351862145636463,0.0016675931072818232,0.0005558643690939411,0.008337965536409116
ecb/speech/ecb_2020-09-10_speech_christine_lagarde_cdcb880e.txt,ECB,Eurozone,speech,Christine Lagarde,2020-09-10,2020,3,2020-Q3,111,2282,20.55855855855856,0.2179023508137432,4.47975823925191,0.0,0.0,0.0,0.0,0.0,0.0,0.0,-0.0008764241893076249
ecb/speech/ecb_2020-09-11_speech_christine_lagarde_be9df2de.txt,ECB,Eurozone,speech,Christine Lagarde,2020-09-11,2020,3,2020-Q3,87,2138,24.57471264367816,0.2277804759592035,5.597639742537668,-0.002806361085126286,0.0004677268475210477,0.0,0.0,-0.005144995322731525,0.0,0.0,0.0
ecb/speech/ecb_2020-09-11_speech_isabel_schnabel_6e492e3d.txt,ECB,Eurozone,speech,Isabel Schnabel,2020-09-11,2020,3,2020-Q3,223,4522,20.278026905829595,0.21864877371587227,4.4337657163371045,-0.0013268465280849183,0.0006634232640424591,0.0,0.0,-0.0004422821760283061,0.00022114108801415304,0.0,0.0035382574082264487
ecb/speech/ecb_2020-09-11_speech_yves_mersch_0a0811b2.txt,ECB,Eurozone,speech,Yves Mersch,2020-09-11,2020,3,2020-Q3,41,839,20.463414634146343,0.2503022974607013,5.122039696817766,0.0,0.0,0.0,0.0,0.0,0.0,0.0,-0.004767580452920143
ecb/speech/ecb_2020-09-18_speech_isabel_schnabel_b695a49f.txt,ECB,Eurozone,speech,Isabel Schnabel,2020-09-18,2020,3,2020-Q3,260,4346,16.715384615384615,0.26057198728917136,4.35556098753361,0.0,0.0013805798435342844,-0.0002300966405890474,-0.0009203865623561896,0.0,0.0,0.0,0.0009203865623561896
ecb/speech/ecb_2020-09-21_speech_christine_lagarde_7948c205.txt,ECB,Eurozone,speech,Christine Lagarde,2020-09-21,2020,3,2020-Q3,108,2151,19.916666666666668,0.21156626506024095,4.213694779116466,-0.0009298000929800093,0.00046490004649000463,0.00046490004649000463,0.0,-0.0009298000929800093,0.0,0.0,0.00604370060437006
ecb/speech/ecb_2020-09-22_speech_fabio_panetta_839ab550.txt,ECB,Eurozone,speech,Fabio Panetta,2020-09-22,2020,3,2020-Q3,113,2439,21.58407079646018,0.2360034453057709,5.093915071688277,-0.006560065600656006,0.0008200082000820008,0.0,0.0004100041000410004,-0.0036900369003690036,0.0004100041000410004,0.0,0.0
ecb/speech/ecb_2020-09-28_speech_christine_lagarde_ea1544c9.txt,ECB,Eurozone,speech,Christine Lagarde,2020-09-28,2020,3,2020-Q3,81,1896,23.40740740740741,0.2312295973884657,5.412485390722605,-0.0015822784810126582,0.0005274261603375527,0.0,0.0,-0.002109704641350211,0.0,0.0,0.0
ecb/speech/ecb_2020-09-28_speech_isabel_schnabel_741ed4f4.txt,ECB,Eurozone,speech,Isabel Schnabel,2020-09-28,2020,3,2020-Q3,181,3594,19.85635359116022,0.2163277335691129,4.2954799693226065,0.0011129660545353367,0.0008347245409015025,0.0,0.0,0.0,0.0,0.0,0.003617139677239844
ecb/speech/ecb_2020-09-28_speech_isabel_schnabel_cc31ffdb.txt,ECB,Eurozone,speech,Isabel Schnabel,2020-09-28,2020,3,2020-Q3,242,4380,18.09917355371901,0.22585365853658537,4.08776456359605,0.0,0.0,0.0,0.0,0.0,0.0,0.0,0.0015981735159817352
ecb/speech/ecb_2020-09-30_speech_christine_lagarde_55f17f24.txt,ECB,Eurozone,speech,Christine Lagarde,2020-09-30,2020,3,2020-Q3,227,4348,19.154185022026432,0.22118603538976567,4.236638246144058,-0.019319227230910764,0.00045998160073597056,0.00022999080036798528,0.00022999080036798528,0.0,0.00022999080036798528,0.0,0.0013799448022079118
ecb/speech/ecb_2020-09-30_speech_jens_weidmann_7402dc17.txt,ECB,Eurozone,speech,Jens Weidmann,2020-09-30,2020,3,2020-Q3,107,1975,18.457943925233646,0.2105820105820106,3.88691094298571,0.002531645569620253,0.0,0.0,0.0,-0.0010126582278481013,0.0,0.0,-0.002531645569620253
ecb/speech/ecb_2020-10-01_speech_pablo_hern_ndez_de_cos_80369ad8.txt,ECB,Eurozone,speech,Pablo Hernández de Cos,2020-10-01,2020,4,2020-Q4,298,6265,21.023489932885905,0.22334270127293768,4.69544303179515,-0.008140462889066242,0.00047885075818036713,0.0,-0.0001596169193934557,-0.0009577015163607343,0.0001596169193934557,0.0,-0.0017557861133280128
ecb/speech/ecb_2020-10-06_speech_philip_r_lane_f5150f11.txt,ECB,Eurozone,speech,Philip R Lane,2020-10-06,2020,4,2020-Q4,134,3830,28.582089552238806,0.23835767429043814,6.812760392032672,-0.01174934725848564,0.0002610966057441253,0.0,0.0,-0.0010443864229765013,0.000783289817232376,0.0,-0.003394255874673629
ecb/speech/ecb_2020-10-07_speech_yves_mersch_ce588b6b.txt,ECB,Eurozone,speech,Yves Mersch,2020-10-07,2020,4,2020-Q4,78,1934,24.794871794871796,0.2430446194225722,6.026260179016085,-0.000517063081695967,0.000517063081695967,0.0,0.0,0.0,0.0,0.0,0.005687693898655636
ecb/speech/ecb_2020-10-12_speech_fabio_panetta_8bc3b631.txt,ECB,Eurozone,speech,Fabio Panetta,2020-10-12,2020,4,2020-Q4,128,2404,18.78125,0.17667238421955403,3.3181282161234993,0.0,0.0,0.00041597337770382697,0.0,0.0,0.0,0.0,-0.0012479201331114808
ecb/speech/ecb_2020-10-12_speech_isabel_schnabel_a97c0022.txt,ECB,Eurozone,speech,Isabel Schnabel,2020-10-12,2020,4,2020-Q4,76,1711,22.513157894736842,0.2111913357400722,4.754583887516626,-0.0023378141437755697,0.0005844535359438924,0.0,0.0,-0.0011689070718877848,0.0,0.0,0.0058445353594389245
ecb/speech/ecb_2020-10-15_speech_christine_lagarde_10712c65.txt,ECB,Eurozone,speech,Christine Lagarde,2020-10-15,2020,4,2020-Q4,67,1847,27.567164179104477,0.25124240750966315,6.926040696572356,-0.003789929615592853,0.0,0.0,0.0,-0.0010828370330265296,0.0010828370330265296,-0.0005414185165132648,-0.0027070925825663237
ecb/speech/ecb_2020-10-15_speech_klaas_knot_28fcbd81.txt,ECB,Eurozone,speech,Klaas Knot,2020-10-15,2020,4,2020-Q4,55,1246,22.654545454545456,0.21321070234113712,4.830191547582852,-0.009630818619582664,-0.0008025682182985554,0.0,0.0,-0.0032102728731942215,0.0,0.0008025682182985554,-0.0040128410914927765
ecb/speech/ecb_2020-10-18_speech_christine_lagarde_7f45f3f0.txt,ECB,Eurozone,speech,Christine Lagarde,2020-10-18,2020,4,2020-Q4,77,1487,19.31168831168831,0.20558739255014327,3.9702396457410782,0.0,-0.005379959650302623,0.0,0.0006724949562878278,-0.0026899798251513113,0.0,0.0,-0.006724949562878279
ecb/speech/ecb_2020-10-19_speech_yves_mersch_f9309c13.txt,ECB,Eurozone,speech,Yves Mersch,2020-10-19,2020,4,2020-Q4,55,1387,25.21818181818182,0.25900900900900903,6.531736281736283,-0.007930785868781542,0.0021629416005767843,0.0,0.0,-0.0021629416005767843,0.0,0.0,0.0
ecb/speech/ecb_2020-10-21_speech_luis_de_guindos_81fa02dc.txt,ECB,Eurozone,speech,Luis de Guindos,2020-10-21,2020,4,2020-Q4,65,1292,19.876923076923077,0.20323886639676114,4.039763313609468,0.0,0.0,0.0,0.0,0.0,0.0,0.0,-0.003869969040247678
ecb/speech/ecb_2020-10-22_speech_fabio_panetta_882b2a4e.txt,ECB,Eurozone,speech,Fabio Panetta,2020-10-22,2020,4,2020-Q4,127,2941,23.15748031496063,0.2692579505300353,6.235335689045936,0.0,0.0,0.0,0.0,0.0,0.0,0.0,0.0010200612036722204
ecb/speech/ecb_2020-10-29_speech_christine_lagarde_071551a7.txt,ECB,Eurozone,speech,Christine Lagarde,2020-10-29,2020,4,2020-Q4,66,1744,26.424242424242426,0.27315634218289087,7.2179494055600255,-0.005733944954128441,0.0011467889908256881,0.0,0.0,-0.0022935779816513763,0.0017201834862385322,0.0005733944954128441,0.0022935779816513763
ecb/speech/ecb_2020-11-02_speech_yves_mersch_154ef319.txt,ECB,Eurozone,speech,Yves Mersch,2020-11-02,2020,4,2020-Q4,105,2570,24.476190476190474,0.24523052464228934,6.002309031720796,0.0011673151750972762,0.0,0.0,0.0,-0.0011673151750972762,0.0003891050583657588,0.0007782101167315176,-0.0038910505836575876
ecb/speech/ecb_2020-11-04_speech_fabio_panetta_765c3956.txt,ECB,Eurozone,speech,Fabio Panetta,2020-11-04,2020,4,2020-Q4,127,2668,21.007874015748033,0.28032979976442873,5.889133116310991,0.0,0.0,0.0,0.0,-0.0003748125937031484,0.0,0.0,0.0014992503748125937
ecb/speech/ecb_2020-11-04_speech_isabel_schnabel_f37c52bd.txt,ECB,Eurozone,speech,Isabel Schnabel,2020-11-04,2020,4,2020-Q4,230,3846,16.721739130434784,0.23093922651933702,3.86170550084074,-0.0015600624024961,0.0005200208008320333,0.0,0.0,-0.0013000520020800832,0.00026001040041601667,0.00026001040041601667,-0.00078003120124805
ecb/speech/ecb_2020-11-09_speech_frank_elderson_d9dc8452.txt,ECB,Eurozone,speech,Frank Elderson,2020-11-09,2020,4,2020-Q4,78,1456,18.666666666666668,0.19930555555555557,3.7203703703703708,0.0006868131868131869,0.0,0.0,0.0,0.0,0.0,0.0,0.004807692307692308
ecb/speech/ecb_2020-11-11_speech_christine_lagarde_a525cb67.txt,ECB,Eurozone,speech,Christine Lagarde,2020-11-11,2020,4,2020-Q4,168,3294,19.607142857142858,0.2278719397363465,4.467917675544794,-0.004857316332726169,-0.004250151791135397,0.0,-0.0009107468123861566,-0.0009107468123861566,0.0,0.0,-0.008500303582270795
ecb/speech/ecb_2020-11-12_speech_luis_de_guindos_d0aadba9.txt,ECB,Eurozone,speech,Luis de Guindos,2020-11-12,2020,4,2020-Q4,72,1627,22.59722222222222,0.21774701069855254,4.920477588979791,0.0,0.0,0.0,0.0,0.0,0.0,0.0,0.0006146281499692685
ecb/speech/ecb_2020-11-16_speech_luis_de_guindos_91945215.txt,ECB,Eurozone,speech,Luis de Guindos,2020-11-16,2020,4,2020-Q4,95,2122,22.33684210526316,0.23503861003861004,5.250020321072953,0.0,0.0,0.0,0.0,-0.001413760603204524,0.0,-0.000471253534401508,-0.00235626767200754
ecb/speech/ecb_2020-11-19_speech_christine_lagarde_821c9a78.txt,ECB,Eurozone,speech,Christine Lagarde,2020-11-19,2020,4,2020-Q4,72,1734,24.083333333333332,0.2538370720188902,6.113242817788272,-0.002306805074971165,0.0011534025374855825,0.0,-0.0005767012687427913,-0.004036908881199538,0.0005767012687427913,0.0,-0.0005767012687427913
ecb/speech/ecb_2020-11-19_speech_isabel_schnabel_f00c1423.txt,ECB,Eurozone,speech,Isabel Schnabel,2020-11-19,2020,4,2020-Q4,210,4102,19.533333333333335,0.23047177107501934,4.501881928332045,-0.00024378352023403217,0.00024378352023403217,0.0,0.0,-0.0031691857630424185,0.0,0.0,-0.008532423208191127
ecb/speech/ecb_2020-11-20_speech_christine_lagarde_0e790048.txt,ECB,Eurozone,speech,Christine Lagarde,2020-11-20,2020,4,2020-Q4,193,2659,13.77720207253886,0.21574225122349103,2.97232459069048,0.0,0.000752162467092892,0.000752162467092892,0.0,-0.000376081233546446,0.0,0.0,0.004889056036103798
ecb/speech/ecb_2020-11-23_speech_isabel_schnabel_3cd10677.txt,ECB,Eurozone,speech,Isabel Schnabel,2020-11-23,2020,4,2020-Q4,236,4481,18.98728813559322,0.24739089184060722,4.6972821454989875,0.0,0.0,0.0,0.0,-0.0004463289444320464,0.0002231644722160232,0.0,-0.0017853157777281857
ecb/speech/ecb_2020-11-24_speech_isabel_schnabel_e93f3714.txt,ECB,Eurozone,speech,Isabel Schnabel,2020-11-24,2020,4,2020-Q4,325,5481,16.864615384615384,0.2393792434529583,4.037038871894352,-0.011676701331873745,0.0009122422915526364,0.0,-0.00018244845831052726,-0.0018244845831052727,0.0007297938332421091,0.0,-0.002554278416347382
ecb/speech/ecb_2020-11-24_speech_olli_rehn_de6e5763.txt,ECB,Eurozone,speech,Olli Rehn,2020-11-24,2020,4,2020-Q4,100,2623,26.23,0.2137553731926534,5.606803438843299,-0.003431185665268776,0.0007624857033930614,0.0,0.0,0.0003812428516965307,0.0003812428516965307,0.0,0.0
ecb/speech/ecb_2020-11-26_speech_philip_r_lane_758cd07e.txt,ECB,Eurozone,speech,Philip R Lane,2020-11-26,2020,4,2020-Q4,245,6024,24.587755102040816,0.2501753155680224,6.151249391762314,-0.005644090305444887,0.00016600265604249667,0.0,0.0,-0.0008300132802124834,0.00016600265604249667,0.0,-0.004316069057104913
ecb/speech/ecb_2020-11-27_speech_fabio_panetta_437bc9ea.txt,ECB,Eurozone,speech,Fabio Panetta,2020-11-27,2020,4,2020-Q4,169,3333,19.72189349112426,0.2443109987357775,4.818275495777197,0.0,0.0,0.0,0.0,0.0,0.0,0.0,0.0027002700270027003
ecb/speech/ecb_2020-12-10_speech_christine_lagarde_6b49b3da.txt,ECB,Eurozone,speech,Christine Lagarde,2020-12-10,2020,4,2020-Q4,84,2364,28.142857142857142,0.2649122807017544,7.455388471177945,-0.0071912013536379014,0.0012690355329949238,0.0,0.0,-0.0021150592216582064,0.0008460236886632825,0.00042301184433164127,0.0008460236886632825
ecb/speech/ecb_2020-12-11_speech_yannis_stournaras_935e4425.txt,ECB,Eurozone,speech,Yannis Stournaras,2020-12-11,2020,4,2020-Q4,70,2164,30.914285714285715,0.26348155156102177,8.14534396540073,-0.0018484288354898336,0.0004621072088724584,0.0,0.0,-0.0023105360443622922,0.0,0.0,-0.0004621072088724584
ecb/speech/ecb_2020-12-14_speech_fabio_panetta_6b04a938.txt,ECB,Eurozone,speech,Fabio Panetta,2020-12-14,2020,4,2020-Q4,162,2892,17.85185185185185,0.24434719183078046,4.362049868979118,-0.005186721991701245,0.0,0.0,0.0,-0.0013831258644536654,0.001037344398340249,0.0,0.005186721991701245
ecb/speech/ecb_2020-12-16_speech_fabio_panetta_dec22f0e.txt,ECB,Eurozone,speech,Fabio Panetta,2020-12-16,2020,4,2020-Q4,62,1363,21.983870967741936,0.2621951219512195,5.764063729346971,0.0,0.0,0.0,0.0,0.0,0.0,0.0,0.001467351430667645
ecb/speech/ecb_2020-12-16_speech_isabel_schnabel_1e09fbe8.txt,ECB,Eurozone,speech,Isabel Schnabel,2020-12-16,2020,4,2020-Q4,336,6167,18.354166666666668,0.24036320027411343,4.411666238364457,-0.0009729203826820172,-0.00016215339711366953,0.0,0.0,0.00016215339711366953,0.0,0.00032430679422733907,0.0017836873682503648
ecb/speech/ecb_2021-01-21_speech_christine_lagarde_7d6a179f.txt,ECB,Eurozone,speech,Christine Lagarde,2021-01-21,2021,1,2021-Q1,74,1957,26.445945945945947,0.2802950474183351,7.412667672941646,-0.007153806847215125,0.001021972406745018,0.0,0.0,-0.0030659172202350538,0.001021972406745018,0.000510986203372509,0.001021972406745018
ecb/speech/ecb_2021-01-25_speech_christine_lagarde_920a1852.txt,ECB,Eurozone,speech,Christine Lagarde,2021-01-25,2021,1,2021-Q1,115,2591,22.530434782608694,0.21218074656188604,4.780524472537797,-0.0011578541103820917,0.0,0.0,0.0,-0.0007719027402547279,-0.00038595137012736397,0.0,-0.00038595137012736397
ecb/speech/ecb_2021-01-25_speech_fabio_panetta_37fbeb06.txt,ECB,Eurozone,speech,Fabio Panetta,2021-01-25,2021,1,2021-Q1,113,2698,23.876106194690266,0.25028658769583495,5.975869146932413,0.0,0.0,0.0,0.0,0.0,0.0,0.0,0.005930318754633061
ecb/speech/ecb_2021-01-25_speech_philip_r_lane_8b730b20.txt,ECB,Eurozone,speech,Philip R. Lane,2021-01-25,2021,1,2021-Q1,28,1028,36.714285714285715,0.2865612648221344,10.520892151326935,-0.007782101167315175,0.0,0.0,0.0,-0.0009727626459143969,0.0009727626459143969,0.0,-0.006809338521400778
ecb/speech/ecb_2021-01-28_speech_isabel_schnabel_170c1369.txt,ECB,Eurozone,speech,Isabel Schnabel,2021-01-28,2021,1,2021-Q1,184,3491,18.972826086956523,0.2540736270368135,4.820494739051718,-0.0002864508736751647,-0.0002864508736751647,0.0,0.0,0.0,0.0,0.0008593526210254941,-0.0022916069894013177
ecb/speech/ecb_2021-02-03_speech_christine_lagarde_0720839a.txt,ECB,Eurozone,speech,Christine Lagarde,2021-02-03,2021,1,2021-Q1,61,1215,19.918032786885245,0.22799664710813075,4.541244692399653,-0.015637860082304528,0.0008230452674897119,0.0,0.0008230452674897119,-0.0024691358024691358,0.0,0.0,0.010699588477366255
ecb/speech/ecb_2021-02-07_speech_christine_lagarde_61773468.txt,ECB,Eurozone,speech,Christine Lagarde,2021-02-07,2021,1,2021-Q1,76,1609,21.17105263157895,0.2199618563254927,4.656824037206813,-0.009944064636420136,0.0006215040397762585,0.0,0.0,-0.001243008079552517,-0.0006215040397762585,0.0,0.004972032318210068
ecb/speech/ecb_2021-02-08_speech_christine_lagarde_988b3ceb.txt,ECB,Eurozone,speech,Christine Lagarde,2021-02-08,2021,1,2021-Q1,93,2030,21.827956989247312,0.22755102040816327,4.966973886328725,-0.0024630541871921183,-0.0004926108374384236,0.0,0.0,-0.0024630541871921183,0.0004926108374384236,0.0,0.0004926108374384236
ecb/speech/ecb_2021-02-10_speech_fabio_panetta_f99b7bae.txt,ECB,Eurozone,speech,Fabio Panetta,2021-02-10,2021,1,2021-Q1,226,3795,16.792035398230087,0.2073237885462555,3.481388396163892,0.0,0.0,0.00026350461133069827,0.0,-0.0007905138339920949,0.0,0.0,-0.00026350461133069827
ecb/speech/ecb_2021-02-14_speech_christine_lagarde_9850aac0.txt,ECB,Eurozone,speech,Christine Lagarde,2021-02-14,2021,1,2021-Q1,35,680,19.428571428571427,0.21540880503144655,4.1850853548966755,0.0,0.0,0.0,0.0,0.0,0.0,0.0,0.0029411764705882353
ecb/speech/ecb_2021-02-14_speech_christine_lagarde_dca7e318.txt,ECB,Eurozone,speech,Christine Lagarde,2021-02-14,2021,1,2021-Q1,103,2161,20.980582524271846,0.19596812001875294,4.111525314179856,-0.008329477093937991,0.00046274872744099955,0.0,0.0,-0.0009254974548819991,-0.00046274872744099955,0.0,0.002776492364645997
ecb/speech/ecb_2021-02-22_speech_christine_lagarde_c4ae8e1f.txt,ECB,Eurozone,speech,Christine Lagarde,2021-02-22,2021,1,2021-Q1,59,1232,20.88135593220339,0.2301255230125523,4.8053329551095665,0.0,0.0,0.0,0.0,-0.0016233766233766235,0.0,0.0,0.003246753246753247
ecb/speech/ecb_2021-02-25_speech_philip_r_lane_614403e9.txt,ECB,Eurozone,speech,Philip R Lane,2021-02-25,2021,1,2021-Q1,186,4768,25.634408602150536,0.2835788085293471,7.269375048752295,-0.00985738255033557,0.0,0.0,0.0,-0.0012583892617449664,0.00020973154362416107,0.0,-0.0035654362416107383
ecb/speech/ecb_2021-02-26_speech_isabel_schnabel_d91088a3.txt,ECB,Eurozone,speech,Isabel Schnabel,2021-02-26,2021,1,2021-Q1,265,4271,16.116981132075473,0.231055900621118,3.7239235907652644,-0.006555841723249824,-0.0009365488176071178,0.0,0.0,-0.00023413720440177945,0.0,0.0,-0.0014048232264106766
ecb/speech/ecb_2021-03-01_speech_christine_lagarde_4bdf52b2.txt,ECB,Eurozone,speech,Christine Lagarde,2021-03-01,2021,1,2021-Q1,113,1742,15.415929203539823,0.16312916919345058,2.514787723318504,0.000574052812858783,-0.001148105625717566,0.0,0.0,-0.000574052812858783,0.0,0.0,-0.000574052812858783
ecb/speech/ecb_2021-03-01_speech_luis_de_guindos_a966d458.txt,ECB,Eurozone,speech,Luis de Guindos,2021-03-01,2021,1,2021-Q1,67,1734,25.880597014925375,0.24867099822799762,6.435753894438029,0.0,0.0005767012687427913,0.0,0.0,0.0005767012687427913,0.0,0.0,0.0011534025374855825
ecb/speech/ecb_2021-03-02_speech_fabio_panetta_e6e0ebb3.txt,ECB,Eurozone,speech,Fabio Panetta,2021-03-02,2021,1,2021-Q1,185,3498,18.90810810810811,0.21957831325301205,4.151810485183979,-0.008576329331046312,0.0011435105774728416,0.0,0.0,-0.0005717552887364208,0.0005717552887364208,0.0,0.005431675242995998
ecb/speech/ecb_2021-03-03_speech_burkhard_balz_139ac597.txt,ECB,Eurozone,speech,Burkhard Balz,2021-03-03,2021,1,2021-Q1,66,1309,19.833333333333332,0.205723124516628,4.080175302913122,0.0,0.0,0.0007639419404125286,0.0,-0.0015278838808250573,0.0,0.0,-0.002291825821237586
ecb/speech/ecb_2021-03-03_speech_fabio_panetta_38078baf.txt,ECB,Eurozone,speech,Fabio Panetta,2021-03-03,2021,1,2021-Q1,75,1782,23.76,0.23953488372093024,5.691348837209302,0.0,0.0005611672278338945,0.0,0.0,-0.0005611672278338945,0.0,0.0,0.0016835016835016834
ecb/speech/ecb_2021-03-03_speech_isabel_schnabel_8781bd64.txt,ECB,Eurozone,speech,Isabel Schnabel,2021-03-03,2021,1,2021-Q1,163,2504,15.36196319018405,0.26750524109014673,4.109405666808144,0.003993610223642172,0.0,0.0,0.0,0.0,0.0,0.0,0.0011980830670926517
ecb/speech/ecb_2021-03-03_speech_pablo_hern_ndez_de_cos_2f646c48.txt,ECB,Eurozone,speech,Pablo Hernández de Cos,2021-03-03,2021,1,2021-Q1,285,6219,21.821052631578947,0.23146142309615064,5.050731895561266,-0.010130246020260492,0.00032159511175430133,0.0,-0.00016079755587715066,-0.0011255828911400547,0.00032159511175430133,0.0,-0.0022511657822801095
ecb/speech/ecb_2021-03-11_speech_christine_lagarde_e7adce4c.txt,ECB,Eurozone,speech,Christine Lagarde,2021-03-11,2021,1,2021-Q1,77,2204,28.623376623376622,0.27926657263751764,7.993552286923232,-0.009981851179673321,0.0018148820326678765,0.0,0.0,-0.002268602540834846,0.0009074410163339383,0.00045372050816696913,0.002268602540834846
ecb/speech/ecb_2021-03-18_speech_christine_lagarde_3899db7a.txt,ECB,Eurozone,speech,Christine Lagarde,2021-03-18,2021,1,2021-Q1,65,1788,27.50769230769231,0.2659391154508903,7.315371360402952,-0.007829977628635347,0.0016778523489932886,0.0,0.0,-0.0016778523489932886,0.0005592841163310962,0.0,0.0016778523489932886
ecb/speech/ecb_2021-03-18_speech_christine_lagarde_61724227.txt,ECB,Eurozone,speech,Christine Lagarde,2021-03-18,2021,1,2021-Q1,80,1997,24.9625,0.24718526100307062,6.17036207778915,-0.00801201802704056,0.00100150225338007,0.0,0.0,0.0,0.000500751126690035,0.0,0.0015022533800701052
ecb/speech/ecb_2021-03-18_speech_luis_de_guindos_b712f6d8.txt,ECB,Eurozone,speech,Luis de Guindos,2021-03-18,2021,1,2021-Q1,60,1201,20.016666666666666,0.21746575342465754,4.352939497716895,0.0,0.0,0.0,0.0,0.0008326394671107411,0.0,0.0,0.0008326394671107411
ecb/speech/ecb_2021-03-25_speech_isabel_schnabel_3e392c1d.txt,ECB,Eurozone,speech,Isabel Schnabel,2021-03-25,2021,1,2021-Q1,144,3171,22.020833333333332,0.22614040763506957,4.979800226463928,-0.004415011037527594,0.000946073793755913,0.000315357931251971,0.0,-0.004730368968779565,0.001576789656259855,-0.000315357931251971,-0.005676442762535478
ecb/speech/ecb_2021-03-27_speech_klaas_knot_1ce18b0d.txt,ECB,Eurozone,speech,Klaas Knot,2021-03-27,2021,1,2021-Q1,66,1223,18.53030303030303,0.19508057675996607,3.6149022026884623,-0.014717906786590351,0.0024529844644317253,0.0,0.0,-0.0008176614881439084,0.0,0.0,-0.0008176614881439084
ecb/speech/ecb_2021-03-27_speech_philip_r_lane_b171bd2a.txt,ECB,Eurozone,speech,Philip R Lane,2021-03-27,2021,1,2021-Q1,29,1044,36.0,0.2759295499021526,9.933463796477495,-0.0028735632183908046,0.0,0.0009578544061302681,0.0,-0.0038314176245210726,0.0009578544061302681,0.0,0.0028735632183908046
ecb/speech/ecb_2021-04-08_speech_christine_lagarde_69f85692.txt,ECB,Eurozone,speech,Christine Lagarde,2021-04-08,2021,2,2021-Q2,64,1837,28.703125,0.27061427780852243,7.767475442722746,-0.0027218290691344584,0.0,0.0,0.0,-0.001633097441480675,0.0005443658138268917,0.0,0.003810560696788242
ecb/speech/ecb_2021-04-12_speech_pablo_hern_ndez_de_cos_74e133ce.txt,ECB,Eurozone,speech,Pablo Hernández de Cos,2021-04-12,2021,2,2021-Q2,135,3196,23.674074074074074,0.23918657198192383,5.662520622623916,-0.0015644555694618273,0.00031289111389236547,0.0,0.0,-0.0012515644555694619,0.0,0.0,0.0
ecb/speech/ecb_2021-04-14_speech_fabio_panetta_39a4b1c4.txt,ECB,Eurozone,speech,Fabio Panetta,2021-04-14,2021,2,2021-Q2,147,2568,17.46938775510204,0.21910112359550563,3.827562485668425,0.0,0.0,0.0,0.0,0.000778816199376947,0.0,0.0,0.0019470404984423676
ecb/speech/ecb_2021-04-14_speech_luis_de_guindos_cf9337d0.txt,ECB,Eurozone,speech,Luis de Guindos,2021-04-14,2021,2,2021-Q2,55,1409,25.618181818181817,0.25511695906432746,6.5356326422115885,-0.0049680624556423,0.0014194464158978,0.0,0.0,-0.0021291696238466998,0.0007097232079489,0.0,0.0035486160397444995
ecb/speech/ecb_2021-04-22_speech_christine_lagarde_aeedf69c.txt,ECB,Eurozone,speech,Christine Lagarde,2021-04-22,2021,2,2021-Q2,71,1934,27.239436619718308,0.2773645058448459,7.555252877520168,-0.008273009307135471,0.001034126163391934,0.0,0.0,-0.0025853154084798345,0.0015511892450879006,0.000517063081695967,0.0025853154084798345
ecb/speech/ecb_2021-04-23_speech_pablo_hern_ndez_de_cos_e5e86e27.txt,ECB,Eurozone,speech,Pablo Hernández de Cos,2021-04-23,2021,2,2021-Q2,220,5514,25.063636363636363,0.2456239412761152,6.156229146347723,-0.016503445774392455,-0.00018135654697134566,0.0,-0.00018135654697134566,-0.001088139281828074,0.0,0.0,-0.001632208922742111
ecb/speech/ecb_2021-04-26_speech_fabio_panetta_c7ed3e52.txt,ECB,Eurozone,speech,Fabio Panetta,2021-04-26,2021,2,2021-Q2,314,4525,14.410828025477707,0.22732739956699544,3.2759760606390267,-0.015027624309392265,0.0006629834254143647,0.0,0.0004419889502762431,-0.00022099447513812155,0.0004419889502762431,0.0,0.0011049723756906078
ecb/speech/ecb_2021-04-26_speech_philip_r_lane_5e870a2e.txt,ECB,Eurozone,speech,Philip R Lane,2021-04-26,2021,2,2021-Q2,225,4110,18.266666666666666,0.27880184331797236,5.092780337941628,0.0,0.0,0.0,0.0,0.00024330900243309004,0.0,0.0,0.0024330900243309003
ecb/speech/ecb_2021-04-29_speech_frank_elderson_b33d1a59.txt,ECB,Eurozone,speech,Frank Elderson,2021-04-29,2021,2,2021-Q2,129,3013,23.356589147286822,0.19965576592082615,4.663277695499606,0.0,0.0,0.0,0.0,0.0,0.0,0.0,-0.009624958513109858
ecb/speech/ecb_2021-05-06_speech_christine_lagarde_f33665fa.txt,ECB,Eurozone,speech,Christine Lagarde,2021-05-06,2021,2,2021-Q2,106,2012,18.9811320754717,0.1938986556359876,3.6804159918830854,0.0,0.0,0.0,0.0,0.0,0.0,0.0,0.005964214711729622
ecb/speech/ecb_2021-05-19_speech_fabio_panetta_c0bfc2bb.txt,ECB,Eurozone,speech,Fabio Panetta,2021-05-19,2021,2,2021-Q2,47,837,17.80851063829787,0.2572877059569075,4.581910848636841,0.0,0.0,0.0,0.0,0.0,0.0,0.0,0.0023894862604540022
ecb/speech/ecb_2021-05-27_speech_isabel_schnabel_b6320fd6.txt,ECB,Eurozone,speech,Isabel Schnabel,2021-05-27,2021,2,2021-Q2,212,3964,18.69811320754717,0.2097072012661567,3.921128989712477,-0.0007568113017154389,-0.0002522704339051463,0.0,0.0,-0.0002522704339051463,0.0,0.0,0.0007568113017154389
ecb/speech/ecb_2021-05-27_speech_luis_de_guindos_091adbd6.txt,ECB,Eurozone,speech,Luis de Guindos,2021-05-27,2021,2,2021-Q2,125,2231,17.848,0.24738841405508072,4.41538841405508,-0.00044822949350067237,0.00044822949350067237,0.0,0.0,0.0,0.0,0.0,0.0008964589870013447
ecb/speech/ecb_2021-06-02_speech_christine_lagarde_04882fc3.txt,ECB,Eurozone,speech,Christine Lagarde,2021-06-02,2021,2,2021-Q2,118,2057,17.43220338983051,0.18310571573090542,3.191936078461631,-0.0009722897423432182,-0.0004861448711716091,0.0,0.0,-0.0014584346135148275,0.0,0.0,0.003403014098201264
ecb/speech/ecb_2021-06-03_speech_frank_elderson_43e2d2c8.txt,ECB,Eurozone,speech,Frank Elderson,2021-06-03,2021,2,2021-Q2,182,3572,19.626373626373628,0.21747967479674796,4.268337353703208,0.0,0.0,0.0,0.0,-0.0002799552071668533,0.0,0.0,-0.003079507278835386
ecb/speech/ecb_2021-06-10_speech_christine_lagarde_a17e724a.txt,ECB,Eurozone,speech,Christine Lagarde,2021-06-10,2021,2,2021-Q2,86,2234,25.976744186046513,0.26629422718808193,6.917457017885757,-0.010295434198746643,0.0013428827215756492,0.0,0.0,-0.0008952551477170994,0.0017905102954341987,0.0004476275738585497,0.005819158460161146
ecb/speech/ecb_2021-06-14_speech_isabel_schnabel_0ad46218.txt,ECB,Eurozone,speech,Isabel Schnabel,2021-06-14,2021,2,2021-Q2,310,4930,15.903225806451612,0.2525230835301696,4.015931618721729,0.0012170385395537525,0.0,0.0,0.0,-0.00020283975659229209,0.0,0.0,0.002636916835699797
ecb/speech/ecb_2021-06-15_speech_fabio_panetta_7144805e.txt,ECB,Eurozone,speech,Fabio Panetta,2021-06-15,2021,2,2021-Q2,140,2217,15.835714285714285,0.19408679065331425,3.073502963417126,0.0,0.0,0.0,0.0,-0.0004510599909788002,0.0,0.0,-0.0009021199819576004
ecb/speech/ecb_2021-06-21_speech_christine_lagarde_c0eeb7bd.txt,ECB,Eurozone,speech,Christine Lagarde,2021-06-21,2021,2,2021-Q2,88,2002,22.75,0.24239298607529655,5.514440433212997,-0.00999000999000999,0.0014985014985014985,0.0,0.0,0.0,0.0014985014985014985,0.0,0.003996003996003996
ecb/speech/ecb_2021-06-28_speech_fabio_panetta_3419efbf.txt,ECB,Eurozone,speech,Fabio Panetta,2021-06-28,2021,2,2021-Q2,241,3640,15.103734439834025,0.22235225277940315,3.358349378078952,-0.01565934065934066,0.0,0.0,0.0,-0.0008241758241758242,0.0002747252747252747,0.0,0.0005494505494505495
ecb/speech/ecb_2021-06-28_speech_luis_de_guindos_ca75f963.txt,ECB,Eurozone,speech,Luis de Guindos,2021-06-28,2021,2,2021-Q2,87,1976,22.71264367816092,0.23809523809523808,5.407772304324028,-0.0020242914979757085,0.0,0.0,0.0,-0.0010121457489878543,0.0,0.0,0.0005060728744939271
ecb/speech/ecb_2021-06-29_speech_christine_lagarde_98a92a6b.txt,ECB,Eurozone,speech,Christine Lagarde,2021-06-29,2021,2,2021-Q2,51,1025,20.098039215686274,0.17935871743486975,3.6047585366812056,0.0,0.0,0.0,0.0,0.0,0.0,0.0,0.006829268292682927
ecb/speech/ecb_2021-07-03_speech_isabel_schnabel_87692080.txt,ECB,Eurozone,speech,Isabel Schnabel,2021-07-03,2021,3,2021-Q3,183,4382,23.94535519125683,0.21302058401148874,5.100853547204063,-0.021223185759926974,0.0,0.0,0.0009128251939753537,-0.0011410314924691922,0.0,0.0,0.003651300775901415
ecb/speech/ecb_2021-07-08_speech_christine_lagarde_47f01d82.txt,ECB,Eurozone,speech,Christine Lagarde,2021-07-08,2021,3,2021-Q3,69,1570,22.753623188405797,0.2596899224806202,5.908886641950343,-0.0006369426751592356,0.0,0.0,0.0,0.0006369426751592356,0.0,0.0,0.0012738853503184713
ecb/speech/ecb_2021-07-11_speech_christine_lagarde_d889f4d8.txt,ECB,Eurozone,speech,Christine Lagarde,2021-07-11,2021,3,2021-Q3,49,1113,22.714285714285715,0.23853211009174313,5.418086500655309,-0.0008984725965858042,0.0,0.0,0.0,0.0,0.0,0.0,-0.0017969451931716084
ecb/speech/ecb_2021-07-14_speech_isabel_schnabel_4757bc87.txt,ECB,Eurozone,speech,Isabel Schnabel,2021-07-14,2021,3,2021-Q3,141,3951,28.02127659574468,0.25980135912179825,7.279965743902304,-0.004555808656036446,0.0,0.0,0.0,-0.0005062009617818274,0.0002531004808909137,0.0,-0.002531004808909137
ecb/speech/ecb_2021-07-16_speech_gabriel_makhlouf_50fd58d7.txt,ECB,Eurozone,speech,Gabriel Makhlouf,2021-07-16,2021,3,2021-Q3,49,1208,24.653061224489797,0.20067453625632378,4.947241628523248,-0.009933774834437087,0.0,0.0,0.0,0.0,0.0,0.0,0.0024834437086092716
ecb/speech/ecb_2021-07-20_speech_edward_scicluna_275e577e.txt,ECB,Eurozone,speech,Edward Scicluna,2021-07-20,2021,3,2021-Q3,34,741,21.794117647058822,0.20220082530949107,4.406788575127438,-0.005398110661268556,0.0,0.0,0.0,0.0,0.0,0.0,-0.001349527665317139
ecb/speech/ecb_2021-07-22_speech_christine_lagarde_0a8f0258.txt,ECB,Eurozone,speech,Christine Lagarde,2021-07-22,2021,3,2021-Q3,70,1368,19.542857142857144,0.23076923076923078,4.509890109890111,-0.01827485380116959,0.0,0.0,0.0007309941520467836,-0.0007309941520467836,0.0007309941520467836,0.0,0.0021929824561403508
ecb/speech/ecb_2021-09-13_speech_isabel_schnabel_93d1793b.txt,ECB,Eurozone,speech,Isabel Schnabel,2021-09-13,2021,3,2021-Q3,210,4387,20.89047619047619,0.21436957032167175,4.478282404767495,-0.020971050832003648,0.00022794620469569182,0.00022794620469569182,0.0,-0.0006838386140870754,-0.00022794620469569182,0.0,0.0013676772281741509
ecb/speech/ecb_2021-09-20_speech_isabel_schnabel_390d5823.txt,ECB,Eurozone,speech,Isabel Schnabel,2021-09-20,2021,3,2021-Q3,166,3289,19.813253012048193,0.2252851711026616,4.4636320949196024,-0.008513225904530252,0.0003040437823046519,0.0,0.0,-0.002736394040741867,-0.0003040437823046519,0.0,-0.0030404378230465185
ecb/speech/ecb_2021-09-24_speech_philip_r_lane_699998bd.txt,ECB,Eurozone,speech,Philip R Lane,2021-09-24,2021,3,2021-Q3,18,600,33.333333333333336,0.28040540540540543,9.346846846846848,-0.0033333333333333335,0.0016666666666666668,0.0,0.0,0.0016666666666666668,0.0,0.0,0.0033333333333333335
ecb/speech/ecb_2021-10-05_speech_christine_lagarde_8838e7d4.txt,ECB,Eurozone,speech,Christine Lagarde,2021-10-05,2021,4,2021-Q4,98,1927,19.663265306122447,0.20010700909577314,3.934757209464845,-0.0010378827192527244,0.0,0.0,0.0,0.0005189413596263622,0.0,0.0,0.006746237675142709
ecb/speech/ecb_2021-10-11_speech_philip_r_lane_27a0c087.txt,ECB,Eurozone,speech,Philip R Lane,2021-10-11,2021,4,2021-Q4,46,1338,29.08695652173913,0.2720306513409962,7.912543728135932,-0.0171898355754858,0.0,0.0,0.0,-0.0014947683109118087,0.0007473841554559044,0.0,-0.0037369207772795215
ecb/speech/ecb_2021-10-14_speech_christine_lagarde_80a12b22.txt,ECB,Eurozone,speech,Christine Lagarde,2021-10-14,2021,4,2021-Q4,79,2082,26.354430379746834,0.25771680548750614,6.791979607911237,-0.0067243035542747355,0.0004803073967339097,0.0,0.0,-0.0019212295869356388,0.0,0.0,0.005763688760806916
ecb/speech/ecb_2021-10-20_speech_frank_elderson_2a7250fc.txt,ECB,Eurozone,speech,Frank Elderson,2021-10-20,2021,4,2021-Q4,114,2878,25.24561403508772,0.21739130434782608,5.488176964149504,0.0,0.0,0.0,0.0,0.00034746351633078526,0.0,0.0,-0.00660180681028492
ecb/speech/ecb_2021-11-02_speech_frank_elderson_ec05c45e.txt,ECB,Eurozone,speech,Frank Elderson,2021-11-02,2021,4,2021-Q4,24,505,21.041666666666668,0.23373983739837398,4.918275745257453,0.0,0.0,0.0,0.0,0.0,0.0,0.0,-0.0019801980198019802
ecb/speech/ecb_2021-11-03_speech_frank_elderson_6e4f1c95.txt,ECB,Eurozone,speech,Frank Elderson,2021-11-03,2021,4,2021-Q4,35,928,26.514285714285716,0.2157079646017699,5.719342604298357,0.0,0.0,0.0,0.0,0.0,0.0,0.0,0.0021551724137931034
ecb/speech/ecb_2021-11-08_speech_philip_r_lane_6928f8c9.txt,ECB,Eurozone,speech,Philip R Lane,2021-11-08,2021,4,2021-Q4,65,2047,31.49230769230769,0.2451776649746193,7.721210464662241,-0.0268685881778212,0.0,0.0,0.0,-0.0009770395701025891,0.0004885197850512946,0.0,-0.0073277967757694185
ecb/speech/ecb_2021-11-15_speech_luis_de_guindos_8da734b6.txt,ECB,Eurozone,speech,Luis de Guindos,2021-11-15,2021,4,2021-Q4,66,1686,25.545454545454547,0.2652439024390244,6.775776053215078,-0.0017793594306049821,0.0005931198102016608,0.0005931198102016608,0.0005931198102016608,-0.0011862396204033216,0.0,0.0,0.004744958481613286
ecb/speech/ecb_2021-12-08_speech_luis_de_guindos_c76fbaba.txt,ECB,Eurozone,speech,Luis de Guindos,2021-12-08,2021,4,2021-Q4,71,1550,21.830985915492956,0.2392638036809816,5.223364728246781,0.0012903225806451613,0.0,0.0,0.0,0.0006451612903225806,0.0,0.0,-0.004516129032258065
ecb/speech/ecb_2021-12-10_speech_yannis_stournaras_7945e125.txt,ECB,Eurozone,speech,Yannis Stournaras,2021-12-10,2021,4,2021-Q4,102,2862,28.058823529411764,0.2403846153846154,6.744909502262444,-0.003843466107617051,0.0010482180293501049,0.0,0.0,-0.0006988120195667365,0.00034940600978336826,0.00034940600978336826,0.0017470300489168414
ecb/speech/ecb_2021-12-16_speech_christine_lagarde_2473ac98.txt,ECB,Eurozone,speech,Christine Lagarde,2021-12-16,2021,4,2021-Q4,98,1999,20.397959183673468,0.221763795771016,4.523528854553683,-0.015007503751875938,0.0005002501250625312,0.0,0.0,-0.0015007503751875938,0.0015007503751875938,0.0,0.003501750875437719
ecb/speech/ecb_2022-01-11_speech_christine_lagarde_f3d5ebe2.txt,ECB,Eurozone,speech,Christine Lagarde,2022-01-11,2022,1,2022-Q1,48,845,17.604166666666668,0.19806763285024154,3.486815619967794,0.0,0.0,0.0,0.0,0.0,0.0,0.0,0.001183431952662722
ecb/speech/ecb_2022-01-14_speech_christine_lagarde_06b3aefc.txt,ECB,Eurozone,speech,Christine Lagarde,2022-01-14,2022,1,2022-Q1,123,2418,19.658536585365855,0.189419795221843,3.723715974361109,-0.0008271298593879239,0.0,0.0,0.0,-0.0008271298593879239,0.0,0.0,0.005789909015715467
ecb/speech/ecb_2022-02-17_speech_pablo_hern_ndez_de_cos_1559257a.txt,ECB,Eurozone,speech,Pablo Hernández de Cos,2022-02-17,2022,1,2022-Q1,176,4056,23.045454545454547,0.21127838734371013,4.869006471966411,-0.015285996055226824,0.0002465483234714004,0.0,0.0007396449704142012,-0.0022189349112426036,-0.0002465483234714004,0.0,-0.0029585798816568047
ecb/speech/ecb_2022-02-18_speech_frank_elderson_41e81f2d.txt,ECB,Eurozone,speech,Frank Elderson,2022-02-18,2022,1,2022-Q1,101,2407,23.831683168316832,0.20455504006748207,4.874890905370588,0.0,0.0,0.0,0.0,0.0,0.0,0.0,-0.011217282924802658
ecb/speech/ecb_2022-02-23_speech_frank_elderson_05402406.txt,ECB,Eurozone,speech,Frank Elderson,2022-02-23,2022,1,2022-Q1,26,627,24.115384615384617,0.26143790849673204,6.304675716440423,0.0,0.0,0.0,0.0,0.0,0.0,0.0,-0.006379585326953748
ecb/speech/ecb_2022-02-23_speech_frank_elderson_85911f66.txt,ECB,Eurozone,speech,Frank Elderson,2022-02-23,2022,1,2022-Q1,36,1034,28.72222222222222,0.30171543895055497,8.665937885413163,0.0,0.0,0.0,0.0,0.0,0.0,0.0,-0.0009671179883945841
ecb/speech/ecb_2022-02-24_speech_isabel_schnabel_346e06d2.txt,ECB,Eurozone,speech,Isabel Schnabel,2022-02-24,2022,1,2022-Q1,166,3897,23.47590361445783,0.2012745618693574,4.725102214487264,-0.012317167051578136,0.00025660764690787786,0.0,0.00025660764690787786,-0.002052861175263023,-0.00025660764690787786,0.0,-0.00025660764690787786
ecb/speech/ecb_2022-03-10_speech_christine_lagarde_678a17b4.txt,ECB,Eurozone,speech,Christine Lagarde,2022-03-10,2022,1,2022-Q1,84,1821,21.678571428571427,0.20578231292517007,4.461066569484936,-0.015376166941241077,0.001098297638660077,0.0,0.0005491488193300384,-0.0032948929159802307,0.0,0.0,0.002196595277320154
ecb/speech/ecb_2022-03-14_speech_frank_elderson_55fbedf1.txt,ECB,Eurozone,speech,Frank Elderson,2022-03-14,2022,1,2022-Q1,94,2448,26.04255319148936,0.22727272727272727,5.918762088974854,0.0,0.0,0.0,0.0,0.0016339869281045752,0.0,0.0,-0.0028594771241830064
ecb/speech/ecb_2022-03-15_speech_christine_lagarde_a4a466ec.txt,ECB,Eurozone,speech,Christine Lagarde,2022-03-15,2022,1,2022-Q1,40,803,20.075,0.18424396442185514,3.698697585768742,-0.008717310087173101,0.0,0.0,0.0,-0.0024906600249066002,0.0,0.0,0.0037359900373599006
ecb/speech/ecb_2022-03-17_speech_ignazio_visco_7376cb6b.txt,ECB,Eurozone,speech,Ignazio Visco,2022-03-17,2022,1,2022-Q1,89,2926,32.87640449438202,0.2092526690391459,6.87947538886001,-0.008202323991797676,0.000683526999316473,0.0,0.0,-0.002050580997949419,0.0003417634996582365,0.0,-0.000683526999316473
ecb/speech/ecb_2022-03-22_speech_fabio_panetta_ce686f86.txt,ECB,Eurozone,speech,Fabio Panetta,2022-03-22,2022,1,2022-Q1,63,1561,24.77777777777778,0.27897838899803534,6.912464527395765,0.0,0.0,0.0,0.0,-0.0012812299807815502,0.0,0.0,0.0012812299807815502
ecb/speech/ecb_2022-03-24_speech_frank_elderson_e662d10f.txt,ECB,Eurozone,speech,Frank Elderson,2022-03-24,2022,1,2022-Q1,133,3300,24.81203007518797,0.24423963133640553,6.060081078271716,-0.0015151515151515152,-0.00030303030303030303,0.0,0.00030303030303030303,-0.0021212121212121214,0.0,0.0,0.0009090909090909091
ecb/speech/ecb_2022-03-30_speech_christine_lagarde_c865e490.txt,ECB,Eurozone,speech,Christine Lagarde,2022-03-30,2022,1,2022-Q1,118,2381,20.177966101694917,0.17744034707158352,3.580385308283393,-0.005879882402351953,0.0,0.0,0.0,-0.004619907601847963,-0.00041999160016799666,0.0,-0.0029399412011759767
ecb/speech/ecb_2022-03-30_speech_fabio_panetta_1e5ff02f.txt,ECB,Eurozone,speech,Fabio Panetta,2022-03-30,2022,1,2022-Q1,196,3567,18.198979591836736,0.21985185185185185,4.001079365079366,0.0,0.0,0.0,0.0,-0.0002803476310625175,0.0,0.0,0.0
ecb/speech/ecb_2022-03-31_speech_philip_r_lane_734b34a9.txt,ECB,Eurozone,speech,Philip R Lane,2022-03-31,2022,1,2022-Q1,386,9651,25.002590673575128,0.24800350071108193,6.20073001389288,-0.01274479328566988,0.00031084861672365556,0.0,0.0,-0.0006216972334473111,0.00041446482229820747,0.0,-0.0032121023728111076
ecb/speech/ecb_2022-04-02_speech_isabel_schnabel_7698e3ac.txt,ECB,Eurozone,speech,Isabel Schnabel,2022-04-02,2022,2,2022-Q2,160,3749,23.43125,0.21556227660159472,5.050893593621116,-0.011469725260069352,0.00026673779674579886,0.0,0.0005334755934915977,-0.0013336889837289945,0.00026673779674579886,0.0,0.0008002133902373967
ecb/speech/ecb_2022-04-06_speech_fabio_panetta_09162c89.txt,ECB,Eurozone,speech,Fabio Panetta,2022-04-06,2022,2,2022-Q2,394,6847,17.378172588832488,0.22828897338403042,3.967245179595067,-0.0033591353877610633,0.0007302468234263181,0.0002920987293705272,0.0,-0.0008762961881115817,-0.0002920987293705272,0.0,0.0033591353877610633
ecb/speech/ecb_2022-04-06_speech_luis_de_guindos_47c1d95a.txt,ECB,Eurozone,speech,Luis de Guindos,2022-04-06,2022,2,2022-Q2,89,1803,20.258426966292134,0.23340832395950506,4.728485484258288,-0.0005546311702717693,0.0,0.0,0.0,-0.0005546311702717693,0.0,0.0,0.0011092623405435386
ecb/speech/ecb_2022-04-08_speech_fabio_panetta_c951a9bd.txt,ECB,Eurozone,speech,Fabio Panetta,2022-04-08,2022,2,2022-Q2,297,4557,15.343434343434344,0.21133547498852684,3.2426119849249724,0.00021944261575597982,0.0,0.0,0.0,-0.00043888523151195964,0.0,0.0,0.00043888523151195964
ecb/speech/ecb_2022-04-21_speech_christine_lagarde_047691e1.txt,ECB,Eurozone,speech,Christine Lagarde,2022-04-21,2022,2,2022-Q2,78,1795,23.012820512820515,0.2441926345609065,5.619561269702913,-0.005013927576601671,0.0005571030640668524,0.0,0.0005571030640668524,-0.002785515320334262,0.0,0.0,0.001671309192200557
ecb/speech/ecb_2022-04-22_speech_christine_lagarde_f155d468.txt,ECB,Eurozone,speech,Christine Lagarde,2022-04-22,2022,2,2022-Q2,245,3538,14.440816326530612,0.20832077178173047,3.008322002301071,-0.0005652911249293386,0.0002826455624646693,0.0005652911249293386,0.0,-0.0016958733747880158,0.0,0.0,0.001978518937252685
ecb/speech/ecb_2022-04-25_speech_fabio_panetta_3db7a310.txt,ECB,Eurozone,speech,Fabio Panetta,2022-04-25,2022,2,2022-Q2,328,5280,16.097560975609756,0.22928630024610336,3.690950199083615,-0.0001893939393939394,0.0,0.0,0.0,-0.000946969696969697,0.0,0.0,-0.0001893939393939394
ecb/speech/ecb_2022-04-25_speech_pablo_hern_ndez_de_cos_2916fe13.txt,ECB,Eurozone,speech,Pablo Hernández de Cos,2022-04-25,2022,2,2022-Q2,61,1537,25.19672131147541,0.24713804713804713,6.227068499199647,-0.01626545217957059,0.001951854261548471,0.0,0.0006506180871828237,-0.003903708523096942,0.0,0.0,-0.0006506180871828237
ecb/speech/ecb_2022-04-27_speech_christine_lagarde_2427a4de.txt,ECB,Eurozone,speech,Christine Lagarde,2022-04-27,2022,2,2022-Q2,163,2377,14.582822085889571,0.16943957968476359,2.4709072448508165,-0.0012620950778291964,0.0,0.0,0.0,-0.0016827934371055953,0.0,0.0,-0.0008413967185527977
ecb/speech/ecb_2022-04-27_speech_philip_r_lane_97d88541.txt,ECB,Eurozone,speech,Philip R Lane,2022-04-27,2022,2,2022-Q2,164,4007,24.432926829268293,0.2766287487073423,6.758849976038539,-0.002246069378587472,0.0,0.0,0.0,0.0004991265285749938,0.0,0.0,-0.0004991265285749938
ecb/speech/ecb_2022-04-28_speech_luis_de_guindos_3c1e8b3a.txt,ECB,Eurozone,speech,Luis de Guindos,2022-04-28,2022,2,2022-Q2,98,1968,20.081632653061224,0.2222222222222222,4.462585034013605,-0.00508130081300813,0.0005081300813008131,0.0,0.0,-0.002540650406504065,0.0,0.0,0.003556910569105691
ecb/speech/ecb_2022-05-05_speech_philip_r_lane_ea2e8d84.txt,ECB,Eurozone,speech,Philip R Lane,2022-05-05,2022,2,2022-Q2,167,3994,23.91616766467066,0.2340823970037453,5.598353854089574,-0.01727591387080621,-0.0002503755633450175,0.0,0.0015022533800701052,-0.0015022533800701052,0.0,0.0,0.0012518778167250877
ecb/speech/ecb_2022-05-11_speech_christine_lagarde_87a739ed.txt,ECB,Eurozone,speech,Christine Lagarde,2022-05-11,2022,2,2022-Q2,104,2122,20.403846153846153,0.2051035146846413,4.184900559238547,-0.011310084825636193,0.000942507068803016,0.0,0.0,-0.001413760603204524,0.0,0.0,0.000942507068803016
ecb/speech/ecb_2022-05-11_speech_isabel_schnabel_a84cd739.txt,ECB,Eurozone,speech,Isabel Schnabel,2022-05-11,2022,2,2022-Q2,202,4080,20.198019801980198,0.19740193581253185,3.9871282084907422,-0.017401960784313726,0.00024509803921568627,0.0,0.000980392156862745,-0.00024509803921568627,0.0,0.0,0.006617647058823529
ecb/speech/ecb_2022-05-16_speech_fabio_panetta_ac2bc270.txt,ECB,Eurozone,speech,Fabio Panetta,2022-05-16,2022,2,2022-Q2,137,2607,19.029197080291972,0.20208083233293317,3.8454359846128234,0.0,0.0,0.0,0.0,0.0003835826620636747,0.0,0.0,0.004602991944764097
ecb/speech/ecb_2022-05-19_speech_luis_de_guindos_ff875fb5.txt,ECB,Eurozone,speech,Luis de Guindos,2022-05-19,2022,2,2022-Q2,63,1414,22.444444444444443,0.22521865889212828,5.054907677356656,-0.010608203677510608,0.0,0.0,0.0,-0.003536067892503536,-0.0014144271570014145,0.0,-0.006364922206506365
ecb/speech/ecb_2022-05-25_speech_fabio_panetta_538113d9.txt,ECB,Eurozone,speech,Fabio Panetta,2022-05-25,2022,2,2022-Q2,255,4900,19.215686274509803,0.2160676532769556,4.151888239439539,-0.008979591836734694,0.00040816326530612246,0.0,0.0,-0.0034693877551020408,0.0,0.0,-0.00510204081632653
ecb/speech/ecb_2022-05-31_speech_pablo_hern_ndez_de_cos_b08fc6cd.txt,ECB,Eurozone,speech,Pablo Hernández de Cos,2022-05-31,2022,2,2022-Q2,177,4639,26.2090395480226,0.23532058492688415,6.167526516812518,-0.01875404181935762,0.0008622547962923044,0.0,0.0,-0.002371200689803837,0.0,0.0,-0.006682474671265359
ecb/speech/ecb_2022-06-01_speech_fabio_panetta_582ae563.txt,ECB,Eurozone,speech,Fabio Panetta,2022-06-01,2022,2,2022-Q2,65,1075,16.53846153846154,0.22478386167146974,3.7175792507204615,0.0,0.0,0.0,0.0,-0.0009302325581395349,0.0,0.0,0.0009302325581395349
ecb/speech/ecb_2022-06-01_speech_fabio_panetta_5b9a9a41.txt,ECB,Eurozone,speech,Fabio Panetta,2022-06-01,2022,2,2022-Q2,83,1570,18.91566265060241,0.2553475935828877,4.830068938857033,-0.0006369426751592356,0.0,0.0,0.0,-0.0006369426751592356,0.0,0.0,0.0012738853503184713
ecb/speech/ecb_2022-06-11_speech_frank_elderson_5f245fca.txt,ECB,Eurozone,speech,Frank Elderson,2022-06-11,2022,2,2022-Q2,105,2276,21.676190476190477,0.22247394653375624,4.822387641055516,0.0,0.0,0.0,0.0,0.0,0.0,0.0,-0.007029876977152899
ecb/speech/ecb_2022-06-14_speech_isabel_schnabel_d98a80ea.txt,ECB,Eurozone,speech,Isabel Schnabel,2022-06-14,2022,2,2022-Q2,223,3957,17.744394618834082,0.23980125523012552,4.255128102895098,-0.0010108668182966893,0.0005054334091483447,0.0,0.0,-0.001516300227445034,0.0,-0.00025271670457417233,-0.006317917614354309
ecb/speech/ecb_2022-06-15_speech_fabio_panetta_568d2685.txt,ECB,Eurozone,speech,Fabio Panetta,2022-06-15,2022,2,2022-Q2,184,3361,18.266304347826086,0.2102325581395349,3.8401718907987865,0.0,0.0,0.0,0.0,0.0,0.0,0.0,0.002677774471883368
ecb/speech/ecb_2022-06-20_speech_christine_lagarde_69076edc.txt,ECB,Eurozone,speech,Christine Lagarde,2022-06-20,2022,2,2022-Q2,49,1157,23.612244897959183,0.2295964125560538,5.421286720966413,-0.01296456352636128,0.0,0.0,0.001728608470181504,-0.0025929127052722557,0.0,0.0,0.000864304235090752
ecb/speech/ecb_2022-06-22_speech_frank_elderson_ac9d63e1.txt,ECB,Eurozone,speech,Frank Elderson,2022-06-22,2022,2,2022-Q2,114,2753,24.149122807017545,0.19497784342688332,4.708543885563244,0.0,0.0,0.0,0.0,0.0,0.0003632401017072285,0.0,-0.003632401017072285
ecb/speech/ecb_2022-06-28_speech_christine_lagarde_09c2fcce.txt,ECB,Eurozone,speech,Christine Lagarde,2022-06-28,2022,2,2022-Q2,157,3007,19.15286624203822,0.21347150259067357,4.088591135606086,-0.016960425673428665,0.0,0.0003325573661456601,0.0013302294645826404,-0.002660458929165281,0.0003325573661456601,0.0,-0.0003325573661456601
ecb/speech/ecb_2022-07-01_speech_fabio_panetta_54e3dbb8.txt,ECB,Eurozone,speech,Fabio Panetta,2022-07-01,2022,3,2022-Q3,225,4266,18.96,0.25251040901298066,4.787597354886113,-0.0025785278949835913,0.00046882325363338024,0.0,-0.00023441162681669012,-0.00023441162681669012,0.0,0.0,0.001875293014533521
ecb/speech/ecb_2022-07-04_speech_luis_de_guindos_e02ec8c9.txt,ECB,Eurozone,speech,Luis de Guindos,2022-07-04,2022,3,2022-Q3,45,1126,25.022222222222222,0.22706630336058128,5.6817035018669895,-0.012433392539964476,0.0008880994671403197,0.0,0.0,-0.0008880994671403197,0.0,0.0,0.0053285968028419185
ecb/speech/ecb_2022-08-27_speech_isabel_schnabel_3aeeae91.txt,ECB,Eurozone,speech,Isabel Schnabel,2022-08-27,2022,3,2022-Q3,388,5360,13.814432989690722,0.22191400832177532,3.0656161974348346,-0.016977611940298506,0.00018656716417910448,0.0,-0.00018656716417910448,-0.006716417910447761,0.0,0.0,-0.005970149253731343
ecb/speech/ecb_2022-08-29_speech_philip_r_lane_66610bac.txt,ECB,Eurozone,speech,Philip R Lane,2022-08-29,2022,3,2022-Q3,91,2963,32.56043956043956,0.2613240418118467,8.508825669104416,-0.01991225109686129,0.0,0.0,0.0,-0.0026999662504218697,-0.0020249746878164025,0.0,-0.007424907188660142
ecb/speech/ecb_2022-09-08_speech_christine_lagarde_6e666947.txt,ECB,Eurozone,speech,Christine Lagarde,2022-09-08,2022,3,2022-Q3,66,1528,23.151515151515152,0.21730245231607628,5.030881017257039,-0.021596858638743454,0.001963350785340314,0.0,0.0,-0.0006544502617801048,0.0013089005235602095,0.0,0.001963350785340314
ecb/speech/ecb_2022-09-12_speech_isabel_schnabel_0d80bf37.txt,ECB,Eurozone,speech,Isabel Schnabel,2022-09-12,2022,3,2022-Q3,175,2527,14.44,0.21428571428571427,3.094285714285714,-0.01741195092995647,0.0,0.0003957261574990107,-0.0003957261574990107,-0.0003957261574990107,0.0,0.0,-0.0007914523149980214
ecb/speech/ecb_2022-09-14_speech_philip_r_lane_afb66d95.txt,ECB,Eurozone,speech,Philip R Lane,2022-09-14,2022,3,2022-Q3,77,2115,27.467532467532468,0.20039880358923232,5.504460644041901,-0.011347517730496455,0.0,0.0,0.0,-0.0014184397163120568,0.0,0.0,-0.00425531914893617
ecb/speech/ecb_2022-09-15_speech_luis_de_guindos_1d5947e4.txt,ECB,Eurozone,speech,Luis de Guindos,2022-09-15,2022,3,2022-Q3,84,1775,21.13095238095238,0.23942028985507247,5.059178743961352,-0.02028169014084507,-0.0016901408450704226,0.0,0.0,-0.0028169014084507044,0.0016901408450704226,-0.0005633802816901409,0.0022535211267605635
ecb/speech/ecb_2022-09-20_speech_christine_lagarde_4911b3d9.txt,ECB,Eurozone,speech,Christine Lagarde,2022-09-20,2022,3,2022-Q3,186,3218,17.301075268817204,0.2035053554040896,3.52086147145355,-0.02113113735239279,0.0,0.0,0.0,-0.0006215040397762585,-0.001243008079552517,0.0,-0.003107520198881293
ecb/speech/ecb_2022-09-26_speech_christine_lagarde_309564ac.txt,ECB,Eurozone,speech,Christine Lagarde,2022-09-26,2022,3,2022-Q3,63,1358,21.555555555555557,0.22629969418960244,4.878015630309209,-0.015463917525773196,0.0007363770250368188,0.0,0.0007363770250368188,-0.0007363770250368188,0.0007363770250368188,0.0,0.0007363770250368188
ecb/speech/ecb_2022-09-26_speech_fabio_panetta_ee5c1218.txt,ECB,Eurozone,speech,Fabio Panetta,2022-09-26,2022,3,2022-Q3,144,2686,18.65277777777778,0.25277246653919694,4.71490864669641,0.0,0.0,0.00037230081906180194,0.0,-0.00037230081906180194,0.0,0.0,0.006701414743112435
ecb/speech/ecb_2022-09-28_speech_frank_elderson_3f52cbfa.txt,ECB,Eurozone,speech,Frank Elderson,2022-09-28,2022,3,2022-Q3,54,1379,25.537037037037038,0.21707137601177337,5.54335976889325,-0.0007251631617113851,0.0,0.0,0.0,-0.0007251631617113851,-0.0007251631617113851,0.0,-0.00435097897026831
ecb/speech/ecb_2022-09-29_speech_fabio_panetta_8e58c37e.txt,ECB,Eurozone,speech,Fabio Panetta,2022-09-29,2022,3,2022-Q3,136,3070,22.573529411764707,0.2116739349211674,4.778227795646941,0.0,0.0,0.0,0.0,0.0,0.0,0.0,0.000977198697068404
ecb/speech/ecb_2022-09-29_speech_frank_elderson_9430bf48.txt,ECB,Eurozone,speech,Frank Elderson,2022-09-29,2022,3,2022-Q3,71,1430,20.140845070422536,0.21965317919075145,4.4240006513066845,0.0,0.0,0.0,0.0,0.0,0.0,0.0,-0.012587412587412588
ecb/speech/ecb_2022-09-29_speech_luis_de_guindos_85fdf455.txt,ECB,Eurozone,speech,Luis de Guindos,2022-09-29,2022,3,2022-Q3,75,1511,20.14666666666667,0.286493860845839,5.771896316507504,-0.0013236267372600927,0.0013236267372600927,0.0,0.0,0.0,0.0013236267372600927,0.0,-0.0006618133686300463
ecb/speech/ecb_2022-09-30_speech_isabel_schnabel_fecd54f2.txt,ECB,Eurozone,speech,Isabel Schnabel,2022-09-30,2022,3,2022-Q3,242,4079,16.855371900826448,0.19762947693893326,3.331118332371524,-0.017161068889433684,0.0,0.0,0.000980632507967639,-0.001225790634959549,-0.00024515812699190976,0.0,-0.004903162539838196
ecb/speech/ecb_2022-10-11_speech_philip_r_lane_f45e389c.txt,ECB,Eurozone,speech,Philip R Lane,2022-10-11,2022,4,2022-Q4,535,11450,21.401869158878505,0.22448228255867464,4.804340439807149,-0.006637554585152838,8.733624454148471e-05,0.0,0.0,-0.0009606986899563319,-0.00017467248908296942,-8.733624454148471e-05,-0.004104803493449782
ecb/speech/ecb_2022-10-14_speech_christine_lagarde_d4762eea.txt,ECB,Eurozone,speech,Christine Lagarde,2022-10-14,2022,4,2022-Q4,74,1730,23.37837837837838,0.2647754137115839,6.190019807041083,-0.014450867052023121,0.002890173410404624,0.0,0.0005780346820809249,-0.0023121387283236996,0.0005780346820809249,0.0,-0.0005780346820809249
ecb/speech/ecb_2022-10-18_speech_sharon_donnery_205d64aa.txt,ECB,Eurozone,speech,Sharon Donnery,2022-10-18,2022,4,2022-Q4,86,2704,31.441860465116278,0.2094361334867664,6.5850616854443755,0.0,0.0,0.0,0.0,0.0,0.0,0.0,-0.004807692307692308
ecb/speech/ecb_2022-10-27_speech_christine_lagarde_a1b704cb.txt,ECB,Eurozone,speech,Christine Lagarde,2022-10-27,2022,4,2022-Q4,1,36,36.0,0.3333333333333333,12.0,0.0,0.0,0.0,0.0,0.0,0.0,0.0,0.0
ecb/speech/ecb_2022-11-03_speech_fabio_panetta_039d6667.txt,ECB,Eurozone,speech,Fabio Panetta,2022-11-03,2022,4,2022-Q4,302,5494,18.192052980132452,0.23929811029695333,4.353323900567754,-0.014197306152166,0.0005460502366217692,0.0,0.0009100837277029487,-0.0030942846741900255,-0.0007280669821623589,0.00036403349108117945,-0.002730251183108846
ecb/speech/ecb_2022-11-04_speech_andrew_hauser_4029d864.txt,ECB,Eurozone,speech,Andrew Hauser,2022-11-04,2022,4,2022-Q4,179,4884,27.28491620111732,0.19803040034253908,5.403242878619893,-0.0006142506142506142,0.0,0.0,0.0,-0.00020475020475020476,-0.00020475020475020476,-0.0006142506142506142,-0.000819000819000819
ecb/speech/ecb_2022-11-04_speech_christine_lagarde_310364c4.txt,ECB,Eurozone,speech,Christine Lagarde,2022-11-04,2022,4,2022-Q4,186,3475,18.682795698924732,0.19594997022036928,3.6608932608375446,-0.02158273381294964,-0.0005755395683453237,0.0,0.0005755395683453237,-0.0017266187050359713,-0.0011510791366906475,0.0,-0.004028776978417266
ecb/speech/ecb_2022-11-04_speech_luis_de_guindos_e2f126ba.txt,ECB,Eurozone,speech,Luis de Guindos,2022-11-04,2022,4,2022-Q4,71,1778,25.04225352112676,0.22330654420206658,5.59209909283485,-0.006749156355455568,0.0005624296962879641,0.0,0.0,-0.0011248593925759281,-0.0005624296962879641,0.0,-0.0044994375703037125
ecb/speech/ecb_2022-11-07_speech_christine_lagarde_9dc6491e.txt,ECB,Eurozone,speech,Christine Lagarde,2022-11-07,2022,4,2022-Q4,66,1455,22.045454545454547,0.19818562456385205,4.36909217788492,0.0,0.0,0.0,0.0,-0.0006872852233676976,0.0,0.0,0.005498281786941581
ecb/speech/ecb_2022-11-09_speech_frank_elderson_a0e3e662.txt,ECB,Eurozone,speech,Frank Elderson,2022-11-09,2022,4,2022-Q4,37,994,26.864864864864863,0.21748178980228927,5.842618893607447,0.0,0.0,0.0,0.0,0.0,0.0,0.0,-0.007042253521126761
ecb/speech/ecb_2022-11-11_speech_fabio_panetta_d3f7f7ba.txt,ECB,Eurozone,speech,Fabio Panetta,2022-11-11,2022,4,2022-Q4,290,4477,15.437931034482759,0.23690420009438415,3.6573107028364062,-0.00022336385972749609,0.00022336385972749609,0.0,0.0,-0.00022336385972749609,0.0,0.0,0.0
ecb/speech/ecb_2022-11-14_speech_fabio_panetta_fbf8d9b8.txt,ECB,Eurozone,speech,Fabio Panetta,2022-11-14,2022,4,2022-Q4,277,4824,17.415162454873645,0.22065624311825588,3.8427643205865207,-0.011401326699834163,0.0018656716417910447,0.0,0.0,-0.0022802653399668325,-0.00020729684908789387,0.0,-0.001451077943615257
ecb/speech/ecb_2022-11-14_speech_luis_de_guindos_2112d77d.txt,ECB,Eurozone,speech,Luis de Guindos,2022-11-14,2022,4,2022-Q4,86,1833,21.313953488372093,0.26289237668161436,5.603275889039525,-0.014184397163120567,-0.0005455537370430987,0.0,0.0010911074740861974,-0.0038188761593016913,-0.0005455537370430987,0.0,-0.002727768685215494
ecb/speech/ecb_2022-11-15_speech_frank_elderson_453e65f4.txt,ECB,Eurozone,speech,Frank Elderson,2022-11-15,2022,4,2022-Q4,88,2018,22.931818181818183,0.21253822629969418,4.8738879621907145,-0.002477700693756194,-0.0009910802775024777,0.0,0.0,-0.0014866204162537165,-0.0004955401387512388,0.0,-0.002973240832507433
ecb/speech/ecb_2022-11-16_speech_fabio_panetta_1be22d9d.txt,ECB,Eurozone,speech,Fabio Panetta,2022-11-16,2022,4,2022-Q4,387,7038,18.186046511627907,0.20978082600268377,3.815083858932528,-0.002131287297527707,0.00014208581983518045,0.0,0.0,-0.0009946007388462632,0.0,0.0,-0.00312588803637397
ecb/speech/ecb_2022-11-16_speech_pablo_hern_ndez_de_cos_95693ea5.txt,ECB,Eurozone,speech,Pablo Hernández de Cos,2022-11-16,2022,4,2022-Q4,209,4747,22.71291866028708,0.21088286713286714,4.789765408036939,-0.007373077733305245,-0.0004213187276174426,0.0,0.0,-0.0012639561828523278,-0.0004213187276174426,0.0,-0.003581209184748262
ecb/speech/ecb_2022-11-18_speech_christine_lagarde_73657a40.txt,ECB,Eurozone,speech,Christine Lagarde,2022-11-18,2022,4,2022-Q4,156,2923,18.737179487179485,0.2052910052910053,3.84657441324108,-0.007184399589462881,0.0,0.0,0.0,-0.0013684570646595963,-0.0010263427984946972,0.0,0.0006842285323297981
ecb/speech/ecb_2022-11-24_speech_isabel_schnabel_3ff73972.txt,ECB,Eurozone,speech,Isabel Schnabel,2022-11-24,2022,4,2022-Q4,242,4270,17.644628099173552,0.24771096263301162,4.370767811747767,-0.01405152224824356,-0.000468384074941452,0.0,0.0,-0.000468384074941452,0.000702576112412178,0.0,-0.001873536299765808
ecb/speech/ecb_2022-11-28_speech_christine_lagarde_26518920.txt,ECB,Eurozone,speech,Christine Lagarde,2022-11-28,2022,4,2022-Q4,72,1600,22.22222222222222,0.2236503856041131,4.970008568980291,-0.01375,0.00125,0.0,0.0,0.0,-0.000625,-0.000625,0.000625
ecb/speech/ecb_2022-12-01_speech_frank_elderson_ed9d9edb.txt,ECB,Eurozone,speech,Frank Elderson,2022-12-01,2022,4,2022-Q4,180,3032,16.844444444444445,0.2008224811514736,3.382743126951489,0.0006596306068601583,0.0,0.0,0.0,0.0,0.0,0.0,-0.001978891820580475
ecb/speech/ecb_2022-12-07_speech_fabio_panetta_20c43ebb.txt,ECB,Eurozone,speech,Fabio Panetta,2022-12-07,2022,4,2022-Q4,341,5438,15.947214076246334,0.2268383070021455,3.617439042456502,-0.0003677822728944465,0.0,0.0,0.0,-0.00018389113644722325,0.0,0.0,-0.0016550202280250091
ecb/speech/ecb_2022-12-08_speech_christine_lagarde_0c532f16.txt,ECB,Eurozone,speech,Christine Lagarde,2022-12-08,2022,4,2022-Q4,116,1795,15.474137931034482,0.24309723889555823,3.761720205323509,-0.0011142061281337048,0.0,0.0,0.0,-0.0005571030640668524,0.0,-0.0011142061281337048,-0.003342618384401114
ecb/speech/ecb_2022-12-09_speech_christina_papaconstantinou_6a210884.txt,ECB,Eurozone,speech,Christina Papaconstantinou,2022-12-09,2022,4,2022-Q4,101,2445,24.207920792079207,0.2464195450716091,5.965304828713705,-0.016768916155419224,-0.0008179959100204499,0.0,0.0,-0.0008179959100204499,0.00040899795501022495,0.0,-0.00408997955010225
ecb/speech/ecb_2022-12-15_speech_christine_lagarde_33a1175a.txt,ECB,Eurozone,speech,Christine Lagarde,2022-12-15,2022,4,2022-Q4,76,1756,23.105263157894736,0.23480825958702065,5.425306629405371,-0.02164009111617312,0.0,0.0,0.0005694760820045558,-0.0011389521640091116,-0.002277904328018223,0.0,-0.005125284738041002
ecb/speech/ecb_2023-01-10_speech_isabel_schnabel_45f794a8.txt,ECB,Eurozone,speech,Isabel Schnabel,2023-01-10,2023,1,2023-Q1,230,4245,18.456521739130434,0.23995067817509247,4.428654908057685,-0.0028268551236749115,0.00023557126030624264,0.0,0.0,-0.0004711425206124853,-0.001884570082449941,0.0,-0.0014134275618374558
ecb/speech/ecb_2023-01-23_speech_christine_lagarde_e902e8bb.txt,ECB,Eurozone,speech,Christine Lagarde,2023-01-23,2023,1,2023-Q1,115,1727,15.017391304347827,0.18879415347137637,2.835195678652757,-0.005790387955993051,0.0,0.0,0.0,-0.0011580775911986102,-0.0005790387955993051,0.0,0.003474232773595831
ecb/speech/ecb_2023-01-23_speech_fabio_panetta_c8da499f.txt,ECB,Eurozone,speech,Fabio Panetta,2023-01-23,2023,1,2023-Q1,171,3445,20.146198830409357,0.21829710144927536,4.397856809899144,0.0,0.0,0.0,0.0,-0.0005805515239477503,0.0,0.0,0.0011611030478955006
ecb/speech/ecb_2023-02-02_speech_christine_lagarde_9bd4ac5c.txt,ECB,Eurozone,speech,Christine Lagarde,2023-02-02,2023,1,2023-Q1,78,1779,22.807692307692307,0.22944220816561242,5.233047286238776,-0.017425519955030916,0.0005621135469364812,0.0,0.0,-0.0005621135469364812,-0.0022484541877459247,0.0,-0.003372681281618887
ecb/speech/ecb_2023-02-15_speech_christine_lagarde_7ee7451f.txt,ECB,Eurozone,speech,Christine Lagarde,2023-02-15,2023,1,2023-Q1,83,1829,22.03614457831325,0.21304103428892637,4.694603032704173,-0.004920721705850191,0.0010934937124111536,0.0,0.0,0.0010934937124111536,-0.0010934937124111536,0.0,0.004373974849644614
ecb/speech/ecb_2023-02-16_speech_fabio_panetta_d2a5b237.txt,ECB,Eurozone,speech,Fabio Panetta,2023-02-16,2023,1,2023-Q1,284,5263,18.531690140845072,0.22470564757533426,4.164175433764029,-0.015580467414022421,0.0,0.0,0.001710051301539046,-0.003230096902907087,-0.001330039901197036,0.0,0.0011400342010260307
ecb/speech/ecb_2023-02-16_speech_philip_r_lane_93fc6552.txt,ECB,Eurozone,speech,Philip R Lane,2023-02-16,2023,1,2023-Q1,587,12981,22.114139693356048,0.2332463720854394,5.15804285526591,-0.00701024574377937,7.703566751405901e-05,7.703566751405901e-05,0.0,-0.00038517833757029503,-0.0022340343579077115,0.0,-0.0008473923426546491
ecb/speech/ecb_2023-03-02_speech_isabel_schnabel_2b922c5b.txt,ECB,Eurozone,speech,Isabel Schnabel,2023-03-02,2023,1,2023-Q1,362,5273,14.566298342541437,0.20975311160987553,3.055326401985839,-0.0009482268158543523,0.0,0.0,0.0,-0.0022757443580504457,0.00018964536317087047,0.0,-0.011189076427081357
ecb/speech/ecb_2023-03-06_speech_philip_r_lane_62735f70.txt,ECB,Eurozone,speech,Philip R Lane,2023-03-06,2023,1,2023-Q1,345,7256,21.031884057971016,0.2524271844660194,5.309019276769383,-0.033213891951488425,0.0,0.0,0.002067254685777288,-0.0006890848952590959,-0.0002756339581036384,0.0,0.0013781697905181918
ecb/speech/ecb_2023-03-07_speech_constantinos_herodotou_c8055020.txt,ECB,Eurozone,speech,Constantinos Herodotou,2023-03-07,2023,1,2023-Q1,63,1705,27.063492063492063,0.21163366336633663,5.727545968882603,-0.01818181818181818,0.0017595307917888563,0.0,0.0011730205278592375,-0.0005865102639296188,-0.002346041055718475,0.0,0.0035190615835777126
ecb/speech/ecb_2023-03-08_speech_christine_lagarde_1f8921fd.txt,ECB,Eurozone,speech,Christine Lagarde,2023-03-08,2023,1,2023-Q1,75,992,13.226666666666667,0.18278427205100956,2.4176266383280196,0.0,0.0,0.0,0.0,0.0,0.0,0.0,0.0030241935483870967
ecb/speech/ecb_2023-03-08_speech_fabio_panetta_f28f0ed5.txt,ECB,Eurozone,speech,Fabio Panetta,2023-03-08,2023,1,2023-Q1,126,2195,17.42063492063492,0.25729316116690576,4.482210228264747,0.0,0.0,0.010022779043280182,0.0,0.0,0.0,0.0,-0.004555808656036446
ecb/speech/ecb_2023-03-16_speech_christine_lagarde_eb397036.txt,ECB,Eurozone,speech,Christine Lagarde,2023-03-16,2023,1,2023-Q1,70,1595,22.785714285714285,0.24611398963730569,5.6078830495928935,-0.01818181818181818,0.0006269592476489029,0.0,0.0,-0.0025078369905956114,0.0,0.0,0.003761755485893417
ecb/speech/ecb_2023-03-20_speech_christine_lagarde_48adfe0d.txt,ECB,Eurozone,speech,Christine Lagarde,2023-03-20,2023,1,2023-Q1,58,1382,23.82758620689655,0.2090566037735849,4.981314248536109,-0.009406657018813314,0.0,0.0,0.0,-0.000723589001447178,0.0,0.0,0.00723589001447178
ecb/speech/ecb_2023-03-22_speech_christine_lagarde_f1a80f97.txt,ECB,Eurozone,speech,Christine Lagarde,2023-03-22,2023,1,2023-Q1,157,3205,20.414012738853504,0.19666345845364133,4.014690346139621,-0.016848673946957878,-0.00031201248049921997,0.0,0.0012480499219968799,-0.0034321372854914196,-0.0006240249609984399,0.0,0.0
ecb/speech/ecb_2023-03-22_speech_fabio_panetta_894e4d0f.txt,ECB,Eurozone,speech,Fabio Panetta,2023-03-22,2023,1,2023-Q1,321,5758,17.937694704049843,0.22291704984366378,3.998617984423103,-0.007294199374782911,-0.0003473428273706148,0.0,0.0003473428273706148,-0.0038207711010767626,-0.0017367141368530739,0.0,-0.0069468565474122956
ecb/speech/ecb_2023-03-27_speech_frank_elderson_5236ff3e.txt,ECB,Eurozone,speech,Frank Elderson,2023-03-27,2023,1,2023-Q1,140,3055,21.821428571428573,0.21182432432432433,4.622309362934363,0.0,0.0,0.0,0.0,0.0,0.0,0.0,-0.0075286415711947625
ecb/speech/ecb_2023-03-27_speech_isabel_schnabel_c2ed2ee8.txt,ECB,Eurozone,speech,Isabel Schnabel,2023-03-27,2023,1,2023-Q1,257,5258,20.459143968871594,0.21444201312910285,4.387300019582968,-0.0001901863826550019,0.0,0.0,0.0,-0.0011411182959300114,-0.0001901863826550019,0.0,-0.0001901863826550019
ecb/speech/ecb_2023-04-01_speech_luis_de_guindos_87a531b0.txt,ECB,Eurozone,speech,Luis de Guindos,2023-04-01,2023,2,2023-Q2,64,1378,21.53125,0.22522522522522523,4.84938063063063,-0.015239477503628448,0.000725689404934688,0.0,0.000725689404934688,-0.00362844702467344,0.0,0.0,0.00362844702467344
ecb/speech/ecb_2023-04-04_speech_gabriel_makhlouf_1286999a.txt,ECB,Eurozone,speech,Gabriel Makhlouf,2023-04-04,2023,2,2023-Q2,92,2175,23.641304347826086,0.17515769044153323,4.140956268590595,0.0004597701149425287,0.0004597701149425287,0.0,0.003218390804597701,-0.001379310344827586,-0.0009195402298850574,0.0,0.005517241379310344
ecb/speech/ecb_2023-04-14_speech_christine_lagarde_c6cf702b.txt,ECB,Eurozone,speech,Christine Lagarde,2023-04-14,2023,2,2023-Q2,74,1880,25.405405405405407,0.27554347826086956,7.000293772032903,-0.007978723404255319,0.0005319148936170213,0.0,0.002127659574468085,-0.0005319148936170213,0.0,0.0,0.007978723404255319
ecb/speech/ecb_2023-04-17_speech_christine_lagarde_ae4d8381.txt,ECB,Eurozone,speech,Christine Lagarde,2023-04-17,2023,2,2023-Q2,172,2487,14.459302325581396,0.21644652748189178,3.129665778182935,-0.004422999597909127,0.0,0.0,0.0,-0.002010454362685967,0.0,0.0,0.003216726980297547
ecb/speech/ecb_2023-04-17_speech_margarita_delgado_9417ec1e.txt,ECB,Eurozone,speech,Margarita Delgado,2023-04-17,2023,2,2023-Q2,109,2383,21.862385321100916,0.26649528706083975,5.826222651981478,0.0,0.000419639110365086,0.0,0.0,-0.000419639110365086,0.0,0.000419639110365086,-0.009232060428031893
ecb/speech/ecb_2023-04-19_speech_philip_r_lane_82d2f5ea.txt,ECB,Eurozone,speech,Philip R Lane,2023-04-19,2023,2,2023-Q2,251,5550,22.111553784860558,0.21788772597526165,4.8178361719629565,-0.0037837837837837837,0.00018018018018018018,0.0,0.0,-0.0009009009009009009,-0.0018018018018018018,0.0,-0.005585585585585586
ecb/speech/ecb_2023-04-21_speech_frank_elderson_a7a019fc.txt,ECB,Eurozone,speech,Frank Elderson,2023-04-21,2023,2,2023-Q2,130,2658,20.446153846153845,0.230319563522993,4.709149229570118,0.004138449962377728,0.0,0.0,0.0,-0.0003762227238525207,-0.0003762227238525207,0.0,-0.005267118133935289
ecb/speech/ecb_2023-04-24_speech_fabio_panetta_7e77177e.txt,ECB,Eurozone,speech,Fabio Panetta,2023-04-24,2023,2,2023-Q2,154,3017,19.59090909090909,0.18844049247606018,3.691720557144633,0.0,0.0,0.0,0.0,0.0,0.0,0.0,0.0009943652635067948
ecb/speech/ecb_2023-04-24_speech_fabio_panetta_b1713c55.txt,ECB,Eurozone,speech,Fabio Panetta,2023-04-24,2023,2,2023-Q2,207,3814,18.42512077294686,0.2581267217630854,4.756016023209698,-0.001048767697954903,0.0,0.00026219192448872575,0.0,-0.00026219192448872575,0.0,0.0,0.0015731515469323545
ecb/speech/ecb_2023-04-26_speech_luigi_federico_signorini_4309f96f.txt,ECB,Eurozone,speech,Luigi Federico Signorini,2023-04-26,2023,2,2023-Q2,65,1466,22.553846153846155,0.2148876404494382,4.846542783059637,0.0,0.0,0.0,0.0,0.0,0.0,0.0,0.002728512960436562
ecb/speech/ecb_2023-05-04_speech_christine_lagarde_853ec679.txt,ECB,Eurozone,speech,Christine Lagarde,2023-05-04,2023,2,2023-Q2,68,1520,22.352941176470587,0.23076923076923078,5.158371040723982,-0.02236842105263158,0.0,0.0,0.0,-0.001973684210526316,-0.0013157894736842105,0.0,0.0059210526315789476
ecb/speech/ecb_2023-05-05_speech_frank_elderson_db961041.txt,ECB,Eurozone,speech,Frank Elderson,2023-05-05,2023,2,2023-Q2,116,2209,19.04310344827586,0.22898961284230407,4.360672885936635,0.0,0.0,0.0,0.0,-0.0009053870529651426,0.0,0.0,-0.0009053870529651426
ecb/speech/ecb_2023-05-16_speech_christine_lagarde_1812f13b.txt,ECB,Eurozone,speech,Christine Lagarde,2023-05-16,2023,2,2023-Q2,129,2134,16.54263565891473,0.1562050790608529,2.58404371097566,0.0,0.0,0.0,0.0,0.0,0.0,0.0,0.0023430178069353325
ecb/speech/ecb_2023-05-17_speech_luis_de_guindos_53effbd6.txt,ECB,Eurozone,speech,Luis de Guindos,2023-05-17,2023,2,2023-Q2,86,1643,19.1046511627907,0.20745341614906831,3.9633251480572005,-0.0012172854534388314,-0.0006086427267194157,0.0,0.0,-0.0006086427267194157,0.0,0.0,0.0036518563603164943
ecb/speech/ecb_2023-05-19_speech_isabel_schnabel_c348a5a3.txt,ECB,Eurozone,speech,Isabel Schnabel,2023-05-19,2023,2,2023-Q2,301,5465,18.156146179401993,0.2404867683986865,4.366312921258544,-0.0027447392497712718,0.0,0.0,0.0,-0.001646843549862763,-0.001463860933211345,-0.0005489478499542544,-0.0034766697163769443
ecb/speech/ecb_2023-05-22_speech_pablo_hern_ndez_de_cos_b94a106b.txt,ECB,Eurozone,speech,Pablo Hernández de Cos,2023-05-22,2023,2,2023-Q2,241,5135,21.307053941908713,0.22807381297947335,4.8595810358904385,-0.0124634858812074,0.0009737098344693282,0.0,0.00019474196689386563,-0.0019474196689386564,-0.0023369036027263874,0.00019474196689386563,-0.0044790652385589096
ecb/speech/ecb_2023-05-23_speech_luis_de_guindos_e33a1c12.txt,ECB,Eurozone,speech,Luis de Guindos,2023-05-23,2023,2,2023-Q2,125,2149,17.192,0.26101860920666015,4.487431929480901,0.0,0.0009306654257794323,0.0,0.0,0.0,0.0,0.0,0.002326663564448581
ecb/speech/ecb_2023-05-24_speech_christine_lagarde_8376376c.txt,ECB,Eurozone,speech,Christine Lagarde,2023-05-24,2023,2,2023-Q2,93,1693,18.204301075268816,0.19277845777233782,3.5093970861136334,-0.0005906674542232723,0.0,0.0,0.0,-0.0005906674542232723,-0.0005906674542232723,0.0,0.0017720023626698169
ecb/speech/ecb_2023-05-25_speech_luis_de_guindos_cb95d1ea.txt,ECB,Eurozone,speech,Luis de Guindos,2023-05-25,2023,2,2023-Q2,64,1474,23.03125,0.23940677966101695,5.513837394067797,-0.008141112618724558,0.0,0.0,0.0,-0.0013568521031207597,-0.0027137042062415195,0.0,0.0033921302578018998
ecb/speech/ecb_2023-06-01_speech_christine_lagarde_7529f4eb.txt,ECB,Eurozone,speech,Christine Lagarde,2023-06-01,2023,2,2023-Q2,152,2867,18.861842105263158,0.1732226632984482,3.2672985241884933,-0.013951866062085804,0.0,0.0,0.0010463899546564353,-0.0020927799093128706,-0.003139169863969306,0.0,0.0003487966515521451
ecb/speech/ecb_2023-06-01_speech_luis_de_guindos_2d735785.txt,ECB,Eurozone,speech,Luis de Guindos,2023-06-01,2023,2,2023-Q2,60,1250,20.833333333333332,0.25040783034257746,5.216829798803697,-0.0048,0.0008,0.0,0.0,-0.004,0.0,-0.0016,0.0
ecb/speech/ecb_2023-06-05_speech_christine_lagarde_fffc47e7.txt,ECB,Eurozone,speech,Christine Lagarde,2023-06-05,2023,2,2023-Q2,69,1466,21.246376811594203,0.2570621468926554,5.461639236878736,-0.010231923601637109,0.0006821282401091405,0.0,0.0,-0.0020463847203274215,-0.002728512960436562,0.0,0.002728512960436562
ecb/speech/ecb_2023-06-07_speech_luis_de_guindos_8e947829.txt,ECB,Eurozone,speech,Luis de Guindos,2023-06-07,2023,2,2023-Q2,103,1971,19.135922330097088,0.24196099103848182,4.630146731425706,-0.0005073566717402334,0.0,0.0,0.0,0.0005073566717402334,0.0,0.0,0.004058853373921867
ecb/speech/ecb_2023-06-09_speech_luis_de_guindos_4de8679d.txt,ECB,Eurozone,speech,Luis de Guindos,2023-06-09,2023,2,2023-Q2,57,1158,20.31578947368421,0.1977052074139453,4.016537371672783,0.0,0.0,0.0,0.0,0.0,0.0,0.0,0.008635578583765112
ecb/speech/ecb_2023-06-15_speech_christine_lagarde_cbcb7195.txt,ECB,Eurozone,speech,Christine Lagarde,2023-06-15,2023,2,2023-Q2,296,5570,18.81756756756757,0.15870683321087437,2.9864765573803047,-0.01274685816876122,0.000718132854578097,0.0,0.0,-0.0003590664272890485,-0.001436265709156194,-0.00017953321364452425,0.002333931777378815
ecb/speech/ecb_2023-06-16_speech_christine_lagarde_b704cd9f.txt,ECB,Eurozone,speech,Christine Lagarde,2023-06-16,2023,2,2023-Q2,30,631,21.033333333333335,0.24459234608985025,5.14459234608985,-0.025356576862123614,0.0,0.0,0.0,0.0,-0.003169572107765452,0.0,0.009508716323296355
ecb/speech/ecb_2023-06-19_speech_isabel_schnabel_040de053.txt,ECB,Eurozone,speech,Isabel Schnabel,2023-06-19,2023,2,2023-Q2,308,4874,15.824675324675324,0.2175824175824176,3.443171114599686,-0.01764464505539598,-0.0006155108740254411,0.0,0.0006155108740254411,-0.002667213787443578,-0.0008206811653672548,0.0,-0.0024620434961017644
ecb/speech/ecb_2023-06-22_speech_fabio_panetta_299121ee.txt,ECB,Eurozone,speech,Fabio Panetta,2023-06-22,2023,2,2023-Q2,98,2080,21.224489795918366,0.2758097165991903,5.853920515574651,0.0,0.0,0.0,0.0,0.0004807692307692308,0.0,-0.0004807692307692308,-0.008173076923076924
ecb/speech/ecb_2023-06-23_speech_christine_lagarde_e963884b.txt,ECB,Eurozone,speech,Christine Lagarde,2023-06-23,2023,2,2023-Q2,42,926,22.047619047619047,0.1782857142857143,3.930775510204082,-0.0010799136069114472,0.0,0.0,0.0,0.0,0.0,0.0,0.00755939524838013
ecb/speech/ecb_2023-06-23_speech_fabio_panetta_f45fc0ee.txt,ECB,Eurozone,speech,Fabio Panetta,2023-06-23,2023,2,2023-Q2,307,4975,16.205211726384366,0.24742268041237114,4.009536921992009,-0.00020100502512562814,0.0,0.0,0.0,-0.001407035175879397,0.0,0.0,-0.004020100502512563
ecb/speech/ecb_2023-06-27_speech_christine_lagarde_fe2c524f.txt,ECB,Eurozone,speech,Christine Lagarde,2023-06-27,2023,2,2023-Q2,127,2473,19.47244094488189,0.17911073825503357,3.4877232732653387,-0.01819652244237768,0.0008087343307723412,0.0,0.0008087343307723412,-0.003234937323089365,-0.00606550748079256,0.0,0.005256773150020219
ecb/speech/ecb_2023-06-27_speech_ida_wolden_bache_1ddb15f1.txt,ECB,Eurozone,speech,Ida Wolden Bache,2023-06-27,2023,2,2023-Q2,108,1640,15.185185185185185,0.23887434554973822,3.6273511731626913,-0.012195121951219513,0.0,0.0,0.0,-0.006097560975609756,0.0,0.0,-0.009146341463414634
ecb/speech/ecb_2023-07-07_speech_luis_de_guindos_63ceee08.txt,ECB,Eurozone,speech,Luis de Guindos,2023-07-07,2023,3,2023-Q3,185,3499,18.913513513513514,0.23200728818706348,4.38807298035965,-0.02057730780222921,0.0008573878250928837,0.0,0.0002857959416976279,-0.0014289797084881394,-0.002286367533581023,0.0,0.0008573878250928837
ecb/speech/ecb_2023-07-12_speech_philip_r_lane_f0d354af.txt,ECB,Eurozone,speech,Philip R Lane,2023-07-12,2023,3,2023-Q3,492,8428,17.130081300813007,0.21513795674869501,3.6853306899959377,-0.0015424774560987185,0.0003559563360227812,0.0,0.0,-0.00011865211200759374,-0.004508780256288562,0.00011865211200759374,-0.004508780256288562
ecb/speech/ecb_2023-07-17_speech_bo_tjan_vasle_6eab6f2f.txt,ECB,Eurozone,speech,Boštjan Vasle,2023-07-17,2023,3,2023-Q3,36,868,24.11111111111111,0.2801875732708089,6.755633711085059,-0.021889400921658985,0.001152073732718894,0.0,0.001152073732718894,-0.001152073732718894,-0.001152073732718894,0.0,0.00576036866359447
ecb/speech/ecb_2023-07-17_speech_christine_lagarde_059c6f97.txt,ECB,Eurozone,speech,Christine Lagarde,2023-07-17,2023,3,2023-Q3,108,1804,16.703703703703702,0.2108644859813084,3.522217895465559,-0.0022172949002217295,0.0005543237250554324,0.0,0.0,0.0,0.0,0.0,0.010532150776053215
ecb/speech/ecb_2023-07-17_speech_sergiy_nikolaychuk_8710493e.txt,ECB,Eurozone,speech,Sergiy Nikolaychuk,2023-07-17,2023,3,2023-Q3,56,1362,24.321428571428573,0.2528132033008252,6.1487782659950705,-0.005139500734214391,0.0007342143906020558,0.0,0.0,-0.0022026431718061676,0.0,0.0,-0.0022026431718061676
ecb/speech/ecb_2023-07-27_speech_christine_lagarde_72d71492.txt,ECB,Eurozone,speech,Christine Lagarde,2023-07-27,2023,3,2023-Q3,71,1569,22.098591549295776,0.23525557011795545,5.19881675373341,-0.023581899298916506,0.0006373486297004461,0.0,0.0,-0.0012746972594008922,-0.0019120458891013384,0.0,0.005098789037603569
ecb/speech/ecb_2023-08-03_speech_fabio_panetta_4416c8a6.txt,ECB,Eurozone,speech,Fabio Panetta,2023-08-03,2023,3,2023-Q3,252,4523,17.9484126984127,0.22983682983682985,4.125206275206276,-0.018792836612867566,0.00022109219544550078,0.0,0.0,-0.0008843687817820031,-0.001105460977227504,0.0,-0.0024320141499005084
ecb/speech/ecb_2023-08-24_speech_eddie_yue_aaaf6df0.txt,ECB,Eurozone,speech,Eddie Yue,2023-08-24,2023,3,2023-Q3,51,1148,22.50980392156863,0.20569902048085487,4.630244617882773,0.0,0.0,0.0,0.0,0.0,0.0,0.0,0.006097560975609756
ecb/speech/ecb_2023-08-25_speech_christine_lagarde_13f9cef1.txt,ECB,Eurozone,speech,Christine Lagarde,2023-08-25,2023,3,2023-Q3,267,4176,15.640449438202246,0.19852567361464157,3.1050307603548433,-0.007902298850574713,0.0,0.00023946360153256704,0.00023946360153256704,-0.0021551724137931034,-0.00023946360153256704,0.0,-0.00023946360153256704
ecb/speech/ecb_2023-09-14_speech_christine_lagarde_9dc86df6.txt,ECB,Eurozone,speech,Christine Lagarde,2023-09-14,2023,3,2023-Q3,72,1593,22.125,0.21924083769633507,4.850703534031413,-0.020087884494664157,0.0018832391713747645,0.0,0.0006277463904582549,-0.0006277463904582549,-0.0018832391713747645,0.0,0.006905210295040804
ecb/speech/ecb_2023-09-20_speech_claudia_buch_1fd048f5.txt,ECB,Eurozone,speech,Claudia Buch,2023-09-20,2023,3,2023-Q3,59,911,15.440677966101696,0.2361419068736142,3.646191138336653,0.0,0.0,0.0,0.0,0.0,0.0,0.0,0.007683863885839737
ecb/speech/ecb_2023-09-21_speech_christine_lagarde_26639d8d.txt,ECB,Eurozone,speech,Christine Lagarde,2023-09-21,2023,3,2023-Q3,195,3253,16.682051282051283,0.2120051085568327,3.5366800930019324,-0.0003074085459575776,0.0,0.0,0.0,0.0,-0.0003074085459575776,0.0,0.002459268367660621
ecb/speech/ecb_2023-09-21_speech_philip_r_lane_a2175b15.txt,ECB,Eurozone,speech,Philip R Lane,2023-09-21,2023,3,2023-Q3,110,3037,27.60909090909091,0.2314275932899692,6.389505462014877,-0.012512347711557459,0.0013170892327955218,0.0,0.0006585446163977609,-0.003951267698386566,-0.004280540006585446,0.00032927230819888045,0.0016463615409944023
ecb/speech/ecb_2023-09-25_speech_christine_lagarde_a4a70915.txt,ECB,Eurozone,speech,Christine Lagarde,2023-09-25,2023,3,2023-Q3,76,1605,21.11842105263158,0.22632944228274968,4.779720458734385,-0.012461059190031152,0.0006230529595015577,0.0,0.0006230529595015577,0.0,-0.0006230529595015577,0.0,0.004361370716510903
ecb/speech/ecb_2023-09-29_speech_christine_lagarde_80c406b3.txt,ECB,Eurozone,speech,Christine Lagarde,2023-09-29,2023,3,2023-Q3,82,1593,19.426829268292682,0.1987012987012987,3.8601362052581565,-0.0012554927809165098,0.0,0.0,0.0,-0.0012554927809165098,0.0,0.0,-0.0025109855618330196
ecb/speech/ecb_2023-10-04_speech_christine_lagarde_5205af9f.txt,ECB,Eurozone,speech,Christine Lagarde,2023-10-04,2023,4,2023-Q4,44,969,22.022727272727273,0.23149113660062565,5.098066167409233,-0.008255933952528379,0.0,0.0,0.0,-0.0030959752321981426,-0.0030959752321981426,0.0,0.0010319917440660474
ecb/speech/ecb_2023-10-04_speech_luis_de_guindos_47c5c74a.txt,ECB,Eurozone,speech,Luis de Guindos,2023-10-04,2023,4,2023-Q4,77,1906,24.753246753246753,0.24145415084102007,5.976774175363432,-0.012591815320041973,0.0015739769150052466,0.0,0.001049317943336831,-0.004197271773347324,-0.00472193074501574,0.0,0.0015739769150052466
ecb/speech/ecb_2023-10-14_speech_christine_lagarde_01b48f7b.txt,ECB,Eurozone,speech,Christine Lagarde,2023-10-14,2023,4,2023-Q4,74,1688,22.81081081081081,0.25,5.702702702702703,-0.008886255924170616,0.001184834123222749,0.0,0.0017772511848341231,-0.0017772511848341231,-0.0005924170616113745,-0.0005924170616113745,0.00533175355450237
ecb/speech/ecb_2023-10-17_speech_klaas_knot_5698382f.txt,ECB,Eurozone,speech,Klaas Knot,2023-10-17,2023,4,2023-Q4,80,1721,21.5125,0.22034918723660446,4.740261890427453,0.0,0.0,0.0,0.0,-0.002324230098779779,0.0,0.0,-0.005810575246949448
ecb/speech/ecb_2023-10-17_speech_luis_de_guindos_c32700d7.txt,ECB,Eurozone,speech,Luis de Guindos,2023-10-17,2023,4,2023-Q4,54,1220,22.59259259259259,0.23662207357859533,5.345906106775672,-0.000819672131147541,-0.000819672131147541,0.0,0.0,0.0,0.0,0.0,-0.004098360655737705
ecb/speech/ecb_2023-10-25_speech_christine_lagarde_a0c70831.txt,ECB,Eurozone,speech,Christine Lagarde,2023-10-25,2023,4,2023-Q4,46,878,19.08695652173913,0.12485414235705951,2.383085586728223,0.0,0.0011389521640091116,0.0,0.0,-0.0011389521640091116,0.0,0.0,0.0011389521640091116
ecb/speech/ecb_2023-10-25_speech_christine_lagarde_ba299380.txt,ECB,Eurozone,speech,Christine Lagarde,2023-10-25,2023,4,2023-Q4,78,1560,20.0,0.23344262295081966,4.668852459016393,-0.01987179487179487,0.000641025641025641,0.0,0.0,-0.000641025641025641,-0.001282051282051282,0.0,0.0057692307692307696
ecb/speech/ecb_2023-10-25_speech_yannis_stournaras_94cbb3a5.txt,ECB,Eurozone,speech,Yannis Stournaras,2023-10-25,2023,4,2023-Q4,62,1656,26.70967741935484,0.19828641370869032,5.296166146799858,0.0006038647342995169,0.0,0.0,0.0,0.0,0.0,0.0,0.0036231884057971015
ecb/speech/ecb_2023-10-30_speech_luis_de_guindos_66ab26c7.txt,ECB,Eurozone,speech,Luis de Guindos,2023-10-30,2023,4,2023-Q4,40,819,20.475,0.24937343358395989,5.105921052631579,-0.019536019536019536,0.002442002442002442,0.0,0.0,-0.001221001221001221,-0.001221001221001221,0.0,0.003663003663003663
ecb/speech/ecb_2023-11-02_speech_isabel_schnabel_9c44ee61.txt,ECB,Eurozone,speech,Isabel Schnabel,2023-11-02,2023,4,2023-Q4,202,3732,18.475247524752476,0.20162875596742488,3.7251411746060876,-0.010986066452304395,0.0005359056806002144,0.0002679528403001072,0.0005359056806002144,-0.004287245444801715,-0.0002679528403001072,0.0,-0.005091103965702036
ecb/speech/ecb_2023-11-09_speech_philip_r_lane_f5bdf97f.txt,ECB,Eurozone,speech,Philip R Lane,2023-11-09,2023,4,2023-Q4,286,6279,21.954545454545453,0.25252865812542147,5.544151903389935,-0.0007963051441312311,0.00015926102882624622,0.0,0.0,-0.00047778308647873863,0.00015926102882624622,0.0,-0.0017518713170887085
ecb/speech/ecb_2023-11-13_speech_luis_de_guindos_f09c35d6.txt,ECB,Eurozone,speech,Luis de Guindos,2023-11-13,2023,4,2023-Q4,75,1708,22.773333333333333,0.22939068100358423,5.2239904420549585,-0.009953161592505855,0.001756440281030445,0.0,0.0,-0.00351288056206089,-0.00117096018735363,-0.000585480093676815,-0.00117096018735363
ecb/speech/ecb_2023-11-14_speech_frank_elderson_09da9c2d.txt,ECB,Eurozone,speech,Frank Elderson,2023-11-14,2023,4,2023-Q4,113,2466,21.82300884955752,0.19487610247795045,4.252782908943591,0.0,0.0,0.0,0.0,-0.0008110300081103001,0.0,0.0,-0.0024330900243309003
ecb/speech/ecb_2023-11-16_speech_christine_lagarde_90180a5f.txt,ECB,Eurozone,speech,Christine Lagarde,2023-11-16,2023,4,2023-Q4,63,1232,19.555555555555557,0.211892797319933,4.143681369812024,-0.0016233766233766235,0.0,0.0,0.0,-0.0016233766233766235,-0.0008116883116883117,0.0,-0.008116883116883116
ecb/speech/ecb_2023-11-17_speech_christine_lagarde_60939298.txt,ECB,Eurozone,speech,Christine Lagarde,2023-11-17,2023,4,2023-Q4,158,2829,17.90506329113924,0.18035190615835778,3.2292122944430006,0.0,0.0007069635913750442,0.0003534817956875221,0.0,0.0,0.0,0.0,0.0
ecb/speech/ecb_2023-11-21_speech_christine_lagarde_ede96cbc.txt,ECB,Eurozone,speech,Christine Lagarde,2023-11-21,2023,4,2023-Q4,64,1303,20.359375,0.18210862619808307,3.7076178115015974,-0.02762854950115119,0.0,0.0,0.0007674597083653108,-0.0007674597083653108,-0.0015349194167306216,0.0,0.0030698388334612432
ecb/speech/ecb_2023-11-22_speech_frank_elderson_dc833979.txt,ECB,Eurozone,speech,Frank Elderson,2023-11-22,2023,4,2023-Q4,135,2988,22.133333333333333,0.22842287694974003,5.055759676487579,0.0016733601070950468,0.00033467202141900936,0.0,0.0,-0.001004016064257028,-0.0006693440428380187,0.0,-0.002008032128514056
ecb/speech/ecb_2023-11-23_speech_fabio_panetta_0c0d2b38.txt,ECB,Eurozone,speech,Fabio Panetta,2023-11-23,2023,4,2023-Q4,208,3994,19.201923076923077,0.23846153846153847,4.578920118343196,0.0,0.0002503755633450175,0.000500751126690035,0.0,0.0,-0.0002503755633450175,0.0,0.0015022533800701052
ecb/speech/ecb_2023-11-27_speech_christine_lagarde_e6bce713.txt,ECB,Eurozone,speech,Christine Lagarde,2023-11-27,2023,4,2023-Q4,80,1565,19.5625,0.2331571994715984,4.561137714663144,-0.012779552715654952,0.0006389776357827476,0.0,0.0006389776357827476,-0.0019169329073482429,-0.0006389776357827476,0.0,0.0019169329073482429
ecb/speech/ecb_2023-11-30_speech_christine_lagarde_f57455e4.txt,ECB,Eurozone,speech,Christine Lagarde,2023-11-30,2023,4,2023-Q4,78,1447,18.55128205128205,0.20674802584350324,3.8354409409685792,-0.0027643400138217,0.0,0.0,0.0,0.0,-0.00138217000691085,0.0,0.000691085003455425
ecb/speech/ecb_2023-12-07_speech_frank_elderson_2bdae65d.txt,ECB,Eurozone,speech,Frank Elderson,2023-12-07,2023,4,2023-Q4,175,3374,19.28,0.22009132420091324,4.243360730593608,0.0,0.0,0.0,0.0,0.0,0.0,-0.0002963841138114997,-0.007409602845287492
ecb/speech/ecb_2024-01-10_speech_luis_de_guindos_14cf5fdd.txt,ECB,,speech,,2024-01-10,2024,1,2024-Q1,62,1385,22.338709677419356,0.2374906646751307,5.305235009275097,-0.010108303249097473,-0.0021660649819494585,0.0,0.0,-0.0021660649819494585,0.0,0.0,-0.008664259927797834
ecb/speech/ecb_2024-01-10_speech_luis_de_guindos_b5774f89.txt,ECB,Eurozone,speech,Luis de Guindos,2024-01-10,2024,1,2024-Q1,66,1499,22.71212121212121,0.23806228373702423,5.406899444269686,-0.01200800533689126,-0.0020013342228152103,0.0,0.0,-0.0020013342228152103,0.0,0.0,-0.00733822548365577
ecb/speech/ecb_2024-02-08_speech_philip_r_lane_0bb83faa.txt,ECB,Eurozone,speech,Philip R Lane,2024-02-08,2024,1,2024-Q1,234,4656,19.897435897435898,0.24866496401207336,4.947795181368434,-0.022121993127147768,0.0,0.0002147766323024055,0.0019329896907216496,-0.0006443298969072165,-0.000429553264604811,0.0,0.001288659793814433
ecb/speech/ecb_2024-02-08_speech_philip_r_lane_3a458c50.txt,ECB,,speech,,2024-02-08,2024,1,2024-Q1,79,2095,26.518987341772153,0.2436548223350254,6.461479149264282,-0.023389021479713605,0.0,0.0,0.002386634844868735,-0.00047732696897374703,-0.0009546539379474941,0.0,0.0042959427207637235
ecb/speech/ecb_2024-02-09_speech_piero_cipollone_c11849fc.txt,ECB,Eurozone,speech,Piero Cipollone,2024-02-09,2024,1,2024-Q1,169,3459,20.467455621301774,0.25949177877428997,5.311136466155437,0.0,0.0,0.0002891008962127783,0.0,-0.0002891008962127783,0.0,0.0,0.002023706273489448
ecb/speech/ecb_2024-02-12_speech_claudia_buch_4bb4225c.txt,ECB,Eurozone,speech,Claudia Buch,2024-02-12,2024,1,2024-Q1,252,3791,15.043650793650794,0.23217753120665743,3.492797701604914,-0.0005275652862041678,0.0007913479293062516,0.0,0.0,-0.003956739646531258,0.0,0.0,-0.005275652862041678
ecb/speech/ecb_2024-02-12_speech_pablo_hern_ndez_de_cos_df53ad6e.txt,ECB,Eurozone,speech,Pablo Hernández de Cos,2024-02-12,2024,1,2024-Q1,89,2510,28.202247191011235,0.2516260162601626,7.096419110258519,0.00039840637450199205,0.0,0.0007968127490039841,0.00039840637450199205,-0.0007968127490039841,0.0,0.0,0.0051792828685258965
ecb/speech/ecb_2024-02-12_speech_piero_cipollone_f2b6bc1a.txt,ECB,Eurozone,speech,Piero Cipollone,2024-02-12,2024,1,2024-Q1,277,4460,16.101083032490976,0.22448015122873347,3.6143735540799686,-0.001569506726457399,0.0,0.0,0.0,0.0,0.0,0.0,0.001569506726457399
ecb/speech/ecb_2024-02-14_speech_luis_de_guindos_4c69c64b.txt,ECB,,speech,,2024-02-14,2024,1,2024-Q1,98,2120,21.632653061224488,0.23473282442748092,5.077893752921016,-0.008490566037735849,-0.0004716981132075472,0.0,0.0004716981132075472,-0.0037735849056603774,-0.0014150943396226414,0.0,0.0047169811320754715
ecb/speech/ecb_2024-02-14_speech_luis_de_guindos_815b0cad.txt,ECB,Eurozone,speech,Luis de Guindos,2024-02-14,2024,1,2024-Q1,102,2260,22.15686274509804,0.23463436518618214,5.198761424713447,-0.007964601769911504,0.0,0.0,0.0004424778761061947,-0.0035398230088495575,-0.0017699115044247787,0.0,0.00663716814159292
ecb/speech/ecb_2024-02-16_speech_isabel_schnabel_47ecf312.txt,ECB,Eurozone,speech,Isabel Schnabel,2024-02-16,2024,1,2024-Q1,456,6652,14.587719298245615,0.23696605489686537,3.4567942920481327,-0.0010523150932050512,-0.0001503307276007216,0.0009019843656043296,0.0,-0.0003006614552014432,-0.0003006614552014432,0.0,0.014582080577269995
ecb/speech/ecb_2024-02-16_speech_isabel_schnabel_bbc368fe.txt,ECB,,speech,,2024-02-16,2024,1,2024-Q1,195,4353,22.323076923076922,0.22795341098169716,5.088621528222193,-0.0006891798759476223,0.00022972662531587412,0.0016080863772111188,0.0,-0.00022972662531587412,-0.00045945325063174823,0.0,0.013783597518952447
ecb/speech/ecb_2024-02-26_speech_christine_lagarde_aa46964a.txt,ECB,,speech,,2024-02-26,2024,1,2024-Q1,78,1635,20.96153846153846,0.2571964956195244,5.391234235101569,-0.00856269113149847,0.0006116207951070336,0.0,0.0006116207951070336,0.0,-0.0006116207951070336,0.0,0.0061162079510703364
ecb/speech/ecb_2024-02-26_speech_christine_lagarde_d6300bb5.txt,ECB,Eurozone,speech,Christine Lagarde,2024-02-26,2024,1,2024-Q1,90,1831,20.344444444444445,0.26172979084228376,5.3247471892469065,-0.008192244675040962,0.0005461496450027307,0.0,0.0005461496450027307,0.0,-0.0005461496450027307,0.0,0.005461496450027308
ecb/speech/ecb_2024-03-07_speech_christine_lagarde_07313a42.txt,ECB,Eurozone,speech,Christine Lagarde,2024-03-07,2024,1,2024-Q1,65,1361,20.93846153846154,0.22315308453922314,4.67248227781358,-0.018368846436443792,0.0007347538574577516,0.0,0.0007347538574577516,0.0,-0.0029390154298310064,0.0,0.0073475385745775165
ecb/speech/ecb_2024-03-07_speech_christine_lagarde_a10de6ac.txt,ECB,,speech,,2024-03-07,2024,1,2024-Q1,65,1344,20.676923076923078,0.21682098765432098,4.4831908831908835,-0.017857142857142856,0.000744047619047619,0.0,0.000744047619047619,0.0,-0.002976190476190476,0.0,0.00818452380952381
ecb/speech/ecb_2024-03-12_speech_claudia_buch_d2a60fa3.txt,ECB,,speech,,2024-03-12,2024,1,2024-Q1,213,3721,17.469483568075116,0.22727272727272727,3.9703371745625264,-0.0016124697661918839,0.0005374899220639613,0.0,0.0,-0.004837409298575652,-0.0005374899220639613,0.0,-0.009943563558183283
ecb/speech/ecb_2024-03-12_speech_claudia_buch_e979ba06.txt,ECB,Eurozone,speech,Claudia Buch,2024-03-12,2024,1,2024-Q1,270,4686,17.355555555555554,0.23802129547471162,4.130991817016661,-0.0017072129748186087,0.0004268032437046522,0.0,0.0,-0.004481434058898848,-0.0004268032437046522,0.0002134016218523261,-0.010456679470763978
ecb/speech/ecb_2024-03-14_speech_frank_elderson_07e53460.txt,ECB,Eurozone,speech,Frank Elderson,2024-03-14,2024,1,2024-Q1,119,2685,22.563025210084035,0.20571208027788498,4.641486853328749,0.0,0.0,0.0,0.0,0.0,0.0,0.0,-0.0111731843575419
ecb/speech/ecb_2024-03-14_speech_frank_elderson_b27a7d29.txt,ECB,,speech,,2024-03-14,2024,1,2024-Q1,110,2391,21.736363636363638,0.20025673940949937,4.352853308437391,0.0,0.0,0.0,0.0,0.0,0.0,0.0,-0.011292346298619825
ecb/speech/ecb_2024-03-14_speech_isabel_schnabel_09442caa.txt,ECB,,speech,,2024-03-14,2024,1,2024-Q1,131,3798,28.99236641221374,0.23577457119520828,6.835662758774054,0.0002632964718272775,-0.0002632964718272775,0.0,0.0,-0.003686150605581885,0.0,0.0002632964718272775,-0.005002632964718273
ecb/speech/ecb_2024-03-14_speech_isabel_schnabel_84df2182.txt,ECB,Eurozone,speech,Isabel Schnabel,2024-03-14,2024,1,2024-Q1,211,4977,23.587677725118482,0.23741007194244604,5.59995226567561,0.00020092425155716296,-0.00020092425155716296,0.0,0.0,-0.00341571227647177,0.0,0.00020092425155716296,-0.004420333534257585
ecb/speech/ecb_2024-03-14_speech_isabel_schnabel_a89524d2.txt,ECB,Eurozone,speech,Isabel Schnabel,2024-03-14,2024,1,2024-Q1,230,3772,16.4,0.21524792204069934,3.530065921467469,-0.0021208907741251328,-0.0002651113467656416,0.0005302226935312832,0.0,-0.0010604453870625664,-0.0002651113467656416,0.0,0.0023860021208907743
ecb/speech/ecb_2024-03-14_speech_isabel_schnabel_b12e42d3.txt,ECB,,speech,,2024-03-14,2024,1,2024-Q1,91,2290,25.164835164835164,0.20863636363636365,5.2502997002997,-0.003056768558951965,-0.0004366812227074236,0.0008733624454148472,0.0,-0.0013100436681222707,-0.0004366812227074236,0.0,0.0008733624454148472
ecb/speech/ecb_2024-03-20_speech_christine_lagarde_1fe45e74.txt,ECB,Eurozone,speech,Christine Lagarde,2024-03-20,2024,1,2024-Q1,128,2568,20.0625,0.2092169657422512,4.1974153752039145,-0.021417445482866043,0.0,0.0003894080996884735,0.0027258566978193145,-0.000778816199376947,-0.0027258566978193145,0.0,0.013629283489096573
ecb/speech/ecb_2024-03-20_speech_christine_lagarde_567b99f0.txt,ECB,,speech,,2024-03-20,2024,1,2024-Q1,106,2236,21.09433962264151,0.2032183908045977,4.286757753198872,-0.02101967799642218,0.0,0.0004472271914132379,0.0031305903398926656,-0.0004472271914132379,-0.0031305903398926656,0.0,0.013416815742397137
ecb/speech/ecb_2024-03-20_speech_pablo_hern_ndez_de_cos_a8bf67d6.txt,ECB,Eurozone,speech,Pablo Hernández de Cos,2024-03-20,2024,1,2024-Q1,141,3635,25.78014184397163,0.23337155963302753,6.016351909688334,-0.003026134800550206,0.0005502063273727648,0.0,0.0008253094910591472,-0.0005502063273727648,-0.0038514442916093533,0.0,-0.006052269601100412
ecb/speech/ecb_2024-03-21_speech_claudia_buch_5692c926.txt,ECB,,speech,,2024-03-21,2024,1,2024-Q1,58,1183,20.396551724137932,0.2567215958369471,5.2362353081915245,0.0,0.0,0.0,0.0,-0.0008453085376162299,0.0,0.0,0.00507185122569738
ecb/speech/ecb_2024-03-21_speech_claudia_buch_94bdaec5.txt,ECB,Eurozone,speech,Claudia Buch,2024-03-21,2024,1,2024-Q1,58,1231,21.224137931034484,0.2589508742714405,5.496009072899022,0.0,0.0,0.0,0.0,-0.0008123476848090983,0.0,0.0,0.00487408610885459
ecb/speech/ecb_2024-03-22_speech_claudia_buch_6da45071.txt,ECB,,speech,,2024-03-22,2024,1,2024-Q1,100,2161,21.61,0.27229825389334594,5.884365266635205,0.0,0.0,0.00046274872744099955,0.0,0.0,0.0,0.0,0.0
ecb/speech/ecb_2024-03-22_speech_claudia_buch_95c18368.txt,ECB,Eurozone,speech,Claudia Buch,2024-03-22,2024,1,2024-Q1,130,2509,19.3,0.27186468646864687,5.246988448844885,0.0,0.0,0.00039856516540454366,0.0,0.0,0.0,0.0,-0.0035870864886408927
ecb/speech/ecb_2024-03-27_speech_frank_elderson_37ab9356.txt,ECB,,speech,,2024-03-27,2024,1,2024-Q1,73,1679,23.0,0.201338199513382,4.630778588807786,0.0,0.0,0.0,0.0,-0.0011911852293031567,0.0,0.0,-0.008933889219773675
ecb/speech/ecb_2024-03-27_speech_frank_elderson_8c4a31d0.txt,ECB,Eurozone,speech,Frank Elderson,2024-03-27,2024,1,2024-Q1,81,1792,22.123456790123456,0.20252438324727481,4.480539441717487,0.0,0.0,0.0,0.0,-0.0011160714285714285,0.0,0.0,-0.009486607142857142
ecb/speech/ecb_2024-03-27_speech_piero_cipollone_11ba9e8f.txt,ECB,,speech,,2024-03-27,2024,1,2024-Q1,151,3491,23.119205298013245,0.22540620384047266,5.211212302033709,-0.01718705242050988,-0.0002864508736751647,0.0,0.0025780578630764826,-0.0017187052420509883,-0.0025780578630764826,0.0,0.010598682325981094
ecb/speech/ecb_2024-03-27_speech_piero_cipollone_90b58114.txt,ECB,Eurozone,speech,Piero Cipollone,2024-03-27,2024,1,2024-Q1,342,6447,18.850877192982455,0.22145099983473807,4.174545602147825,-0.01427020319528463,-0.00015511090429657206,0.0,0.0018613308515588647,-0.0009306654257794323,-0.0013959981386691485,0.0,0.0068248797890491705
ecb/speech/ecb_2024-04-11_speech_christine_lagarde_46e653b8.txt,ECB,,speech,,2024-04-11,2024,2,2024-Q2,63,1382,21.936507936507937,0.22544642857142858,4.945507369614512,-0.01881331403762663,0.000723589001447178,0.0,0.001447178002894356,0.0,-0.00361794500723589,0.0,0.008683068017366137
ecb/speech/ecb_2024-04-11_speech_christine_lagarde_f5d907b8.txt,ECB,Eurozone,speech,Christine Lagarde,2024-04-11,2024,2,2024-Q2,63,1399,22.206349206349206,0.23144746509919176,5.139603232916972,-0.01929949964260186,0.0007147962830593281,0.0,0.0014295925661186562,0.0,-0.0035739814152966403,0.0,0.007862759113652609
ecb/speech/ecb_2024-04-12_speech_frank_elderson_5490cf2a.txt,ECB,,speech,,2024-04-12,2024,2,2024-Q2,121,2930,24.214876033057852,0.20599379951774027,4.988114318900653,0.0017064846416382253,0.0,0.0,0.0,-0.0027303754266211604,0.0,0.0,-0.0030716723549488053
ecb/speech/ecb_2024-04-12_speech_frank_elderson_bcbb3680.txt,ECB,Eurozone,speech,Frank Elderson,2024-04-12,2024,2,2024-Q2,164,3708,22.609756097560975,0.21213793103448275,4.796386879730866,0.0008090614886731392,0.0,0.0,0.0,-0.0024271844660194173,0.0,0.0,-0.005124056094929882
ecb/speech/ecb_2024-04-15_speech_philip_r_lane_7297aa03.txt,ECB,,speech,,2024-04-15,2024,2,2024-Q2,47,1585,33.723404255319146,0.24413145539906103,8.232943761861952,-0.03028391167192429,0.0,0.0,0.002523659305993691,0.0,-0.0018927444794952682,0.0,0.002523659305993691
ecb/speech/ecb_2024-04-15_speech_philip_r_lane_cd6ee600.txt,ECB,Eurozone,speech,Philip R Lane,2024-04-15,2024,2,2024-Q2,166,3654,22.012048192771083,0.232132309509746,5.109707584027782,-0.02353585112205802,0.0002736726874657909,0.0,0.0010946907498631637,0.0,-0.0010946907498631637,0.0,-0.0010946907498631637
ecb/speech/ecb_2024-04-17_speech_isabel_schnabel_ad5e7f93.txt,ECB,,speech,,2024-04-17,2024,2,2024-Q2,147,3488,23.727891156462587,0.26044732195409065,6.1798657073188314,-0.02121559633027523,0.0,0.00028669724770642203,0.0,-0.0034403669724770644,-0.0005733944954128441,0.0,0.0
ecb/speech/ecb_2024-04-18_speech_luis_de_guindos_83150329.txt,ECB,,speech,,2024-04-18,2024,2,2024-Q2,50,1247,24.94,0.24897288414133115,6.209383730484799,-0.008821170809943865,0.0,0.0,0.0008019246190858059,-0.0008019246190858059,-0.0008019246190858059,0.0,0.0048115477145148355
ecb/speech/ecb_2024-04-18_speech_luis_de_guindos_fc30060d.txt,ECB,Eurozone,speech,Luis de Guindos,2024-04-18,2024,2,2024-Q2,57,1436,25.19298245614035,0.25611510791366904,6.452303420421557,-0.00766016713091922,0.0,0.0,0.0006963788300835655,-0.0006963788300835655,-0.0006963788300835655,0.0,0.004874651810584958
ecb/speech/ecb_2024-04-19_speech_christine_lagarde_6dc5d2c3.txt,ECB,,speech,,2024-04-19,2024,2,2024-Q2,75,1708,22.773333333333333,0.24819277108433735,5.652176706827309,-0.005269320843091335,0.001756440281030445,0.0,0.001756440281030445,-0.00117096018735363,-0.00117096018735363,-0.000585480093676815,0.009953161592505855
ecb/speech/ecb_2024-04-19_speech_christine_lagarde_c4177f33.txt,ECB,Eurozone,speech,Christine Lagarde,2024-04-19,2024,2,2024-Q2,75,1728,23.04,0.2525312686122692,5.8183204288266825,-0.005787037037037037,0.001736111111111111,0.0,0.001736111111111111,-0.0011574074074074073,-0.0011574074074074073,-0.0005787037037037037,0.009837962962962963
ecb/speech/ecb_2024-04-22_speech_christine_lagarde_57221fc2.txt,ECB,,speech,,2024-04-22,2024,2,2024-Q2,170,3366,19.8,0.19185162663423533,3.7986622073578595,-0.00029708853238265005,0.0,0.0041592394533571005,0.0,-0.00029708853238265005,0.0,0.0,0.006238859180035651
ecb/speech/ecb_2024-04-22_speech_christine_lagarde_e0b31b18.txt,ECB,Eurozone,speech,Christine Lagarde,2024-04-22,2024,2,2024-Q2,258,4232,16.4031007751938,0.20328031809145128,3.3344275432675263,-0.00023629489603024575,0.0007088846880907373,0.000945179584120983,0.0,-0.00023629489603024575,-0.00023629489603024575,0.0,0.006379962192816635
ecb/speech/ecb_2024-04-24_speech_piero_cipollone_57e87184.txt,ECB,,speech,,2024-04-24,2024,2,2024-Q2,179,3803,21.24581005586592,0.24326508620689655,5.168363814775573,0.0,0.0,0.0,0.0,0.0,0.0,0.0,0.003944254535892716
ecb/speech/ecb_2024-04-24_speech_piero_cipollone_8a9a6ba3.txt,ECB,Eurozone,speech,Piero Cipollone,2024-04-24,2024,2,2024-Q2,237,4956,20.911392405063292,0.24330259112867808,5.087795956260458,0.0,0.0,0.0,0.0,0.0,0.0,0.0,0.003026634382566586
ecb/speech/ecb_2024-04-29_speech_luis_de_guindos_97a222e5.txt,ECB,,speech,,2024-04-29,2024,2,2024-Q2,70,1386,19.8,0.2227204783258595,4.409865470852019,-0.015151515151515152,0.0,0.0,0.001443001443001443,-0.001443001443001443,-0.0021645021645021645,0.0,0.00937950937950938
ecb/speech/ecb_2024-04-29_speech_luis_de_guindos_e8e6747e.txt,ECB,Eurozone,speech,Luis de Guindos,2024-04-29,2024,2,2024-Q2,70,1405,20.071428571428573,0.2262343404568902,4.540846404884725,-0.015658362989323844,0.0,0.0,0.0014234875444839859,-0.0014234875444839859,-0.002135231316725979,0.0,0.009252669039145907
ecb/speech/ecb_2024-04-30_speech_claudia_buch_5aeb476b.txt,ECB,,speech,,2024-04-30,2024,2,2024-Q2,204,3654,17.91176470588235,0.238230289279637,4.2671248873911445,-0.0002736726874657909,-0.0002736726874657909,0.0,0.0,-0.0008210180623973727,0.0002736726874657909,0.0002736726874657909,-0.004105090311986864
ecb/speech/ecb_2024-04-30_speech_claudia_buch_b244edd8.txt,ECB,Eurozone,speech,Claudia Buch,2024-04-30,2024,2,2024-Q2,358,5695,15.90782122905028,0.24817927170868348,3.9479914870976325,-0.0001755926251097454,-0.0001755926251097454,0.0,0.0,-0.0005267778753292362,0.0001755926251097454,0.0001755926251097454,-0.004214223002633889
ecb/speech/ecb_2024-05-02_speech_philip_r_lane_6f8ac768.txt,ECB,,speech,,2024-05-02,2024,2,2024-Q2,246,7600,30.89430894308943,0.2402659069325736,7.422849157266501,-0.015263157894736841,-0.00013157894736842105,0.0,0.0005263157894736842,-0.0028947368421052633,-0.004868421052631579,0.0,-0.002631578947368421
ecb/speech/ecb_2024-05-02_speech_philip_r_lane_b2abf9d2.txt,ECB,Eurozone,speech,Philip R Lane,2024-05-02,2024,2,2024-Q2,616,14199,23.050324675324674,0.22994493228158952,5.3003053465361845,-0.011620536657511091,-0.00014085498978801323,0.0,0.00028170997957602646,-0.0016198323825621522,-0.0033100922600183113,0.0,-0.0011972674131981126
ecb/speech/ecb_2024-05-26_speech_piero_cipollone_63da2d8e.txt,ECB,Eurozone,speech,Piero Cipollone,2024-05-26,2024,2,2024-Q2,336,5917,17.610119047619047,0.22458927604260698,3.9550438879288854,-0.0023660638837248605,0.0003380091262464086,0.0,0.0,-0.0001690045631232043,-0.000507013689369613,0.0,0.0025350684468480648
ecb/speech/ecb_2024-05-26_speech_piero_cipollone_9c65cef6.txt,ECB,,speech,,2024-05-26,2024,2,2024-Q2,124,2894,23.338709677419356,0.2137784090909091,4.989312225073314,-0.0031098825155494126,0.0003455425017277125,0.0,0.0,0.0,-0.0003455425017277125,0.0,0.0027643400138217
ecb/speech/ecb_2024-05-27_speech_philip_r_lane_29102be7.txt,ECB,,speech,,2024-05-27,2024,2,2024-Q2,54,1819,33.68518518518518,0.23550087873462214,7.932890711449586,-0.033534909290819134,0.0,0.0,0.003298515667949423,0.0,-0.003298515667949423,0.0,0.006597031335898846
ecb/speech/ecb_2024-05-27_speech_philip_r_lane_b5232b2f.txt,ECB,Eurozone,speech,Philip R Lane,2024-05-27,2024,2,2024-Q2,159,3131,19.69182389937107,0.24196335983408226,4.764699871952903,-0.030022357074417118,0.0,0.0,0.002235707441711913,0.0,-0.0028744809964867456,0.0,0.004471414883423826
ecb/speech/ecb_2024-05-28_speech_isabel_schnabel_62b40f40.txt,ECB,Eurozone,speech,Isabel Schnabel,2024-05-28,2024,2,2024-Q2,484,6618,13.673553719008265,0.22945990180032733,3.137532293625137,-0.003173164097914778,0.0001511030522816561,0.0,0.0,-0.0001511030522816561,0.0003022061045633122,-0.0001511030522816561,-0.0024176488365064974
ecb/speech/ecb_2024-05-28_speech_isabel_schnabel_62e9ca38.txt,ECB,,speech,,2024-05-28,2024,2,2024-Q2,149,3849,25.83221476510067,0.22,5.683087248322147,-0.0036373083917900753,0.0002598077422707197,0.0,0.0,0.0,0.0002598077422707197,0.0,-0.003117692907248636
ecb/speech/ecb_2024-06-04_speech_claudia_buch_5830ae6f.txt,ECB,Eurozone,speech,Claudia Buch,2024-06-04,2024,2,2024-Q2,115,1650,14.347826086956522,0.2035966602440591,2.921169473066935,0.0,0.0,0.0,0.0,0.0006060606060606061,0.0,0.0,-0.0024242424242424242
ecb/speech/ecb_2024-06-04_speech_claudia_buch_e758bc3f.txt,ECB,,speech,,2024-06-04,2024,2,2024-Q2,70,1107,15.814285714285715,0.1942645698427382,3.0721554116558742,0.0,0.0,0.0,0.0,0.0009033423667570009,0.0,0.0,0.0009033423667570009
ecb/speech/ecb_2024-06-07_speech_christine_lagarde_59261e51.txt,ECB,Eurozone,speech,Christine Lagarde,2024-06-07,2024,2,2024-Q2,177,2589,14.627118644067796,0.22994210090984285,3.3633903912744807,-0.0011587485515643105,0.0003862495171881035,0.0,0.0,-0.000772499034376207,0.0,0.0,-0.0027037466203167246
ecb/speech/ecb_2024-06-07_speech_christine_lagarde_f4515851.txt,ECB,,speech,,2024-06-07,2024,2,2024-Q2,91,1838,20.197802197802197,0.2222222222222222,4.4884004884004876,-0.001632208922742111,0.000544069640914037,0.0,0.0,-0.001088139281828074,0.0,0.0,0.000544069640914037
ecb/speech/ecb_2024-06-07_speech_isabel_schnabel_08c8a601.txt,ECB,,speech,,2024-06-07,2024,2,2024-Q2,133,2888,21.714285714285715,0.24269422665716323,5.269931778841259,-0.007271468144044321,0.0006925207756232687,0.00034626038781163435,0.0,-0.0017313019390581717,-0.0006925207756232687,0.0,0.0
ecb/speech/ecb_2024-06-07_speech_isabel_schnabel_b374bc5d.txt,ECB,Eurozone,speech,Isabel Schnabel,2024-06-07,2024,2,2024-Q2,190,3397,17.878947368421052,0.24497991967871485,4.3799830902557595,-0.0073594347954077126,0.0005887547836326171,0.00029437739181630853,0.0,-0.0014718869590815426,-0.0005887547836326171,0.0,-0.00029437739181630853
ecb/speech/ecb_2024-06-11_speech_claudia_buch_b64fb04d.txt,ECB,Eurozone,speech,Claudia Buch,2024-06-11,2024,2,2024-Q2,260,3799,14.611538461538462,0.2814387699066447,4.1122534110590125,-0.0007896814951302974,0.0,0.0,0.0,-0.0013161358252171624,0.0,0.0,-0.010265859436693867
ecb/speech/ecb_2024-06-11_speech_claudia_buch_f8592b26.txt,ECB,,speech,,2024-06-11,2024,2,2024-Q2,164,2924,17.829268292682926,0.28115237764665046,5.012741172187841,-0.0010259917920656635,0.0,0.0,0.0,-0.001709986320109439,0.0,0.0,-0.011969904240766074
ecb/speech/ecb_2024-06-11_speech_frank_elderson_2a55040a.txt,ECB,Eurozone,speech,Frank Elderson,2024-06-11,2024,2,2024-Q2,95,2093,22.03157894736842,0.2342606149341142,5.1611312321800105,0.0,0.00047778308647873863,0.0,0.0,-0.00047778308647873863,0.00047778308647873863,0.0,-0.001433349259436216
ecb/speech/ecb_2024-06-11_speech_frank_elderson_c0cb8e86.txt,ECB,,speech,,2024-06-11,2024,2,2024-Q2,84,1904,22.666666666666668,0.2276595744680851,5.160283687943263,0.0005252100840336134,0.0005252100840336134,0.0,0.0,-0.0005252100840336134,0.0005252100840336134,0.0,0.0021008403361344537
ecb/speech/ecb_2024-06-11_speech_philip_r_lane_2ffda13e.txt,ECB,Eurozone,speech,Philip R Lane,2024-06-11,2024,2,2024-Q2,67,1698,25.34328358208955,0.23432552248258393,5.938578166797425,-0.020023557126030624,0.0005889281507656066,0.0,0.0035335689045936395,-0.0005889281507656066,-0.004122497055359246,0.0,0.0035335689045936395
ecb/speech/ecb_2024-06-11_speech_philip_r_lane_9a63bb77.txt,ECB,,speech,,2024-06-11,2024,2,2024-Q2,45,1360,30.22222222222222,0.23487824037706206,7.098542375840098,-0.019852941176470587,0.0007352941176470588,0.0,0.0029411764705882353,-0.0007352941176470588,-0.005147058823529412,0.0,0.0014705882352941176
ecb/speech/ecb_2024-06-12_speech_claudia_buch_59bc9cb8.txt,ECB,,speech,,2024-06-12,2024,2,2024-Q2,123,2256,18.341463414634145,0.23855311355311357,4.3754132046814975,-0.0004432624113475177,0.0,0.0,0.0,-0.0004432624113475177,0.0004432624113475177,0.0004432624113475177,-0.0035460992907801418
ecb/speech/ecb_2024-06-12_speech_claudia_buch_d47610da.txt,ECB,Eurozone,speech,Claudia Buch,2024-06-12,2024,2,2024-Q2,177,2994,16.915254237288135,0.2513016313779938,4.25083098500403,-0.00033400133600534405,0.0,0.0006680026720106881,0.0,0.00033400133600534405,0.00033400133600534405,0.00033400133600534405,-0.0013360053440213762
ecb/speech/ecb_2024-06-14_speech_christine_lagarde_4bf6ed4b.txt,ECB,,speech,,2024-06-14,2024,2,2024-Q2,78,1789,22.935897435897434,0.19487179487179487,4.469559500328731,-0.007825600894354388,0.0,0.0,0.0,-0.005589714924538848,0.0,0.0,-0.005589714924538848
ecb/speech/ecb_2024-06-14_speech_christine_lagarde_61fd2c0b.txt,ECB,Eurozone,speech,Christine Lagarde,2024-06-14,2024,2,2024-Q2,112,2090,18.660714285714285,0.1983059292476333,3.700530286853157,-0.007177033492822967,0.0,0.0,0.0,-0.005263157894736842,0.0,0.0,-0.005263157894736842
ecb/speech/ecb_2024-06-18_speech_luis_de_guindos_38d19347.txt,ECB,,speech,,2024-06-18,2024,2,2024-Q2,76,1523,20.039473684210527,0.22554890219560877,4.519881290051476,-0.0006565988181221273,0.0006565988181221273,0.0,0.0,0.0,0.0,0.0,0.0013131976362442547
ecb/speech/ecb_2024-06-18_speech_luis_de_guindos_729973d5.txt,ECB,Eurozone,speech,Luis de Guindos,2024-06-18,2024,2,2024-Q2,79,1601,20.265822784810126,0.22695486331849968,4.599427040163519,-0.0006246096189881324,0.0006246096189881324,0.0,0.0,0.0,0.0,0.0,0.0018738288569643974
ecb/speech/ecb_2024-06-26_speech_philip_r_lane_813d1236.txt,ECB,,speech,,2024-06-26,2024,2,2024-Q2,192,4783,24.911458333333332,0.2596257259625726,6.467655454578045,-0.006272214091574326,-0.0002090738030524775,0.0002090738030524775,0.0,-0.000418147606104955,-0.0018816642274722976,0.0,0.0014635166213673428
ecb/speech/ecb_2024-06-26_speech_philip_r_lane_af0ec393.txt,ECB,Eurozone,speech,Philip R Lane,2024-06-26,2024,2,2024-Q2,523,9556,18.27151051625239,0.25303621169916435,4.623353803053948,-0.0058601925491837585,-0.00010464629552113855,0.00010464629552113855,0.0,-0.00031393888656341566,-0.0015696944328170784,0.0,0.0012557555462536626
ecb/speech/ecb_2024-06-27_speech_frank_elderson_0217a731.txt,ECB,,speech,,2024-06-27,2024,2,2024-Q2,93,2300,24.731182795698924,0.2162043152796125,5.346988442399019,0.0,0.0,0.0,0.0,0.0,0.0,0.0,-0.0026086956521739132
ecb/speech/ecb_2024-06-27_speech_frank_elderson_4e332ee3.txt,ECB,Eurozone,speech,Frank Elderson,2024-06-27,2024,2,2024-Q2,137,3072,22.423357664233578,0.2242016806722689,5.02735447463657,0.0,0.0,0.0,0.0,0.0,0.0,0.0,-0.0029296875
ecb/speech/ecb_2024-07-01_speech_christine_lagarde_96d2baec.txt,ECB,Eurozone,speech,Christine Lagarde,2024-07-01,2024,3,2024-Q3,125,2292,18.336,0.182189913675602,3.340634257155838,-0.02268760907504363,0.0017452006980802793,0.0,0.0,-0.002181500872600349,0.0,0.0,-0.0034904013961605585
ecb/speech/ecb_2024-07-01_speech_christine_lagarde_c57f9229.txt,ECB,,speech,,2024-07-01,2024,3,2024-Q3,95,1971,20.74736842105263,0.1781818181818182,3.696803827751196,-0.0228310502283105,0.0020294266869609334,0.0,0.0,-0.0025367833587011668,0.0,0.0,-0.0035514967021816335
ecb/speech/ecb_2024-07-03_speech_john_c_williams_f4dcd241.txt,ECB,Eurozone,speech,John C Williams,2024-07-03,2024,3,2024-Q3,114,1808,15.859649122807017,0.19624470018170806,3.112372087092352,-0.00165929203539823,0.0011061946902654867,0.0005530973451327434,0.0,-0.0027654867256637168,0.0,0.0,0.0022123893805309734
ecb/speech/ecb_2024-07-04_speech_piero_cipollone_749b746d.txt,ECB,Eurozone,speech,Piero Cipollone,2024-07-04,2024,3,2024-Q3,351,5384,15.339031339031338,0.226288862652499,3.4710519559004402,-0.001300148588410104,0.00018573551263001485,0.007986627043090638,0.0,-0.0009286775631500742,-0.00018573551263001485,0.0,0.007057949479940565
ecb/speech/ecb_2024-07-04_speech_piero_cipollone_83b2f488.txt,ECB,,speech,,2024-07-04,2024,3,2024-Q3,146,2936,20.10958904109589,0.2183828610919143,4.391589590177126,-0.0010217983651226157,0.0,0.030313351498637602,0.0,-0.0013623978201634877,-0.0003405994550408719,0.0,0.005108991825613079
ecb/speech/ecb_2024-07-05_speech_frank_elderson_45d337a8.txt,ECB,Eurozone,speech,Frank Elderson,2024-07-05,2024,3,2024-Q3,69,1232,17.855072463768117,0.23573825503355705,4.20912362610641,0.0,0.0,0.008928571428571428,0.0,-0.0008116883116883117,0.0,0.0,0.007305194805194805
ecb/speech/ecb_2024-07-05_speech_frank_elderson_53c629c2.txt,ECB,,speech,,2024-07-05,2024,3,2024-Q3,55,983,17.87272727272727,0.21694214876033058,3.877347858752817,0.0,0.0,0.00508646998982706,0.0,-0.001017293997965412,0.0,0.0,0.007121057985757884
ecb/speech/ecb_2024-07-10_speech_yannis_stournaras_6698c3a3.txt,ECB,Eurozone,speech,Yannis Stournaras,2024-07-10,2024,3,2024-Q3,146,2999,20.541095890410958,0.21615036547163244,4.439965383900176,-0.0106702234078026,0.0010003334444814939,0.0,0.001333777925975325,-0.003334444814938313,-0.001333777925975325,0.0,-0.00033344448149383126
ecb/speech/ecb_2024-07-18_speech_christine_lagarde_8a1093ec.txt,ECB,,speech,,2024-07-18,2024,3,2024-Q3,70,1430,20.428571428571427,0.21377331420373027,4.367083418733347,-0.01888111888111888,0.0006993006993006993,0.0,0.0013986013986013986,-0.0013986013986013986,-0.002797202797202797,0.0,0.007692307692307693
ecb/speech/ecb_2024-07-18_speech_christine_lagarde_c6d5c00d.txt,ECB,Eurozone,speech,Christine Lagarde,2024-07-18,2024,3,2024-Q3,70,1447,20.67142857142857,0.21970233876683204,4.54156120279437,-0.019350380096751902,0.000691085003455425,0.0,0.00138217000691085,-0.00138217000691085,-0.0027643400138217,0.0,0.006910850034554251
ecb/speech/ecb_2024-07-23_speech_philip_r_lane_3299f0e5.txt,ECB,Eurozone,speech,Philip R Lane,2024-07-23,2024,3,2024-Q3,131,1772,13.526717557251908,0.2621359223300971,3.5458385829689467,-0.003386004514672686,0.0,0.0,0.0,0.0,-0.000564334085778781,0.0,-0.001128668171557562
ecb/speech/ecb_2024-07-23_speech_philip_r_lane_42da464c.txt,ECB,,speech,,2024-07-23,2024,3,2024-Q3,18,502,27.88888888888889,0.2764227642276423,7.709123757904246,0.0,0.0,0.0,0.0,0.0,-0.00199203187250996,0.0,0.0
ecb/speech/ecb_2024-08-24_speech_philip_r_lane_96b5d817.txt,ECB,,speech,,2024-08-24,2024,3,2024-Q3,149,4732,31.758389261744966,0.24445921985815602,7.763631062877814,-0.010777683854606932,-0.00021132713440405747,0.0,0.00042265426880811494,-0.00042265426880811494,-0.00253592561284869,0.0,-0.002113271344040575
ecb/speech/ecb_2024-08-24_speech_philip_r_lane_ea2832ab.txt,ECB,Eurozone,speech,Philip R Lane,2024-08-24,2024,3,2024-Q3,467,9616,20.59100642398287,0.2407985723845639,4.958284950856459,-0.010607321131447587,0.00020798668885191348,0.0,0.00041597337770382697,-0.00020798668885191348,-0.0024958402662229617,0.0,-0.0014559068219633944
ecb/speech/ecb_2024-08-27_speech_klaas_knot_be934510.txt,ECB,Eurozone,speech,Klaas Knot,2024-08-27,2024,3,2024-Q3,60,1063,17.716666666666665,0.20877025738798857,3.698713060057197,-0.0018814675446848542,0.0009407337723424271,0.0,0.0,0.0,0.0,0.0,-0.0018814675446848542
ecb/speech/ecb_2024-08-30_speech_isabel_schnabel_54ac8e01.txt,ECB,Eurozone,speech,Isabel Schnabel,2024-08-30,2024,3,2024-Q3,183,3549,19.39344262295082,0.2232037691401649,4.328689490046148,-0.013243167089320936,0.0005635390250774866,0.0,0.0019723865877712033,-0.0039447731755424065,-0.0005635390250774866,0.0,0.009580163426317272
ecb/speech/ecb_2024-08-30_speech_isabel_schnabel_d75746af.txt,ECB,,speech,,2024-08-30,2024,3,2024-Q3,144,3116,21.63888888888889,0.22060284862537263,4.773600529976814,-0.0137997432605905,0.0006418485237483953,0.0,0.002246469833119384,-0.0035301668806161745,-0.0006418485237483953,0.0,0.011232349165596919
ecb/speech/ecb_2024-09-02_speech_claudia_buch_0e05365e.txt,ECB,Eurozone,speech,Claudia Buch,2024-09-02,2024,3,2024-Q3,82,1379,16.817073170731707,0.27177177177177175,4.570405771625284,-0.0007251631617113851,0.0,0.0,0.0,-0.0007251631617113851,0.0,0.0,-0.0007251631617113851
ecb/speech/ecb_2024-09-04_speech_frank_elderson_19f0ff0f.txt,ECB,,speech,,2024-09-04,2024,3,2024-Q3,96,1950,20.3125,0.26227795193312436,5.3275208986415885,0.0,0.0,0.0,0.0,0.0,0.0,0.0,-0.006153846153846154
ecb/speech/ecb_2024-09-04_speech_frank_elderson_9c48b0e4.txt,ECB,Eurozone,speech,Frank Elderson,2024-09-04,2024,3,2024-Q3,131,2583,19.717557251908396,0.2685370741482966,5.294895133779008,0.0,0.0,0.0,0.0,0.0,0.0,0.0,-0.008130081300813009
ecb/speech/ecb_2024-09-06_speech_frank_elderson_259fb5d0.txt,ECB,,speech,,2024-09-06,2024,3,2024-Q3,90,2056,22.844444444444445,0.2147483806676632,4.905807451696839,0.0009727626459143969,0.0,0.0,0.0,0.0,0.0,0.0,-0.011186770428015564
ecb/speech/ecb_2024-09-06_speech_frank_elderson_9f64ce7f.txt,ECB,Eurozone,speech,Frank Elderson,2024-09-06,2024,3,2024-Q3,199,3610,18.14070351758794,0.2241277350680071,4.065834791937214,0.000554016620498615,0.0,0.0,0.0,0.0,0.0,0.0,-0.011357340720221607
ecb/speech/ecb_2024-09-12_speech_claudia_buch_0a75ccd4.txt,ECB,Eurozone,speech,Claudia Buch,2024-09-12,2024,3,2024-Q3,288,4506,15.645833333333334,0.25575983244123807,4.001575711736871,0.0,0.000887705281846427,0.0004438526409232135,0.0,0.0011096316023080338,0.0,-0.00022192632046160674,0.011096316023080338
ecb/speech/ecb_2024-09-18_speech_elizabeth_mccaul_7794900e.txt,ECB,Eurozone,speech,Elizabeth McCaul,2024-09-18,2024,3,2024-Q3,128,2676,20.90625,0.22862595419847329,4.779711354961832,0.0,0.0,0.006352765321375187,0.0,0.0,0.0,0.0,0.0037369207772795215
ecb/speech/ecb_2024-09-18_speech_elizabeth_mccaul_f5416064.txt,ECB,,speech,,2024-09-18,2024,3,2024-Q3,128,2624,20.5,0.22442629327110075,4.6007390120575655,0.0,0.0,0.005716463414634146,0.0,0.0,0.0,0.0,0.0038109756097560975
ecb/speech/ecb_2024-09-23_speech_frank_elderson_56f4b63b.txt,ECB,,speech,,2024-09-23,2024,3,2024-Q3,54,1065,19.72222222222222,0.19142857142857142,3.775396825396825,0.0,0.0,0.0,0.0,0.0,0.0,0.0,-0.01596244131455399
ecb/speech/ecb_2024-09-23_speech_frank_elderson_b7b3778b.txt,ECB,Eurozone,speech,Frank Elderson,2024-09-23,2024,3,2024-Q3,55,1106,20.10909090909091,0.19613259668508287,3.9440482169763937,0.0,0.0,0.0,0.0,0.0,0.0,0.0,-0.0162748643761302
ecb/speech/ecb_2024-09-26_speech_claudia_buch_bfee5bb1.txt,ECB,Eurozone,speech,Claudia Buch,2024-09-26,2024,3,2024-Q3,320,5309,16.590625,0.2952732931336316,4.898768478895157,-0.0007534375588623093,0.00018835938971557733,0.0,0.0,-0.005085703522320587,0.0,0.0,-0.018082501412695424
ecb/speech/ecb_2024-09-27_speech_piero_cipollone_0ecdfcca.txt,ECB,,speech,,2024-09-27,2024,3,2024-Q3,133,3251,24.44360902255639,0.24773224898342197,6.055470236429359,0.0,0.00030759766225776686,0.0,0.0,0.0,0.0,0.0,0.003691171947093202
ecb/speech/ecb_2024-09-27_speech_piero_cipollone_efafb33f.txt,ECB,Eurozone,speech,Piero Cipollone,2024-09-27,2024,3,2024-Q3,292,5595,19.160958904109588,0.24708974840405556,4.734476514796886,0.0,0.00017873100983020553,0.0,0.0,0.0,0.0,0.0,0.0025022341376228774
ecb/speech/ecb_2024-09-30_speech_christine_lagarde_26d82337.txt,ECB,,speech,,2024-09-30,2024,3,2024-Q3,84,1635,19.464285714285715,0.2068095838587642,4.025400828679517,-0.011009174311926606,0.0,0.0,0.0006116207951070336,-0.0006116207951070336,-0.0006116207951070336,0.0,0.004892966360856269
ecb/speech/ecb_2024-09-30_speech_christine_lagarde_4630d9ae.txt,ECB,Eurozone,speech,Christine Lagarde,2024-09-30,2024,3,2024-Q3,88,1742,19.795454545454547,0.21071428571428572,4.171185064935065,-0.010332950631458095,0.0,0.0,0.000574052812858783,-0.000574052812858783,-0.000574052812858783,0.0,0.004592422502870264
ecb/speech/ecb_2024-10-01_speech_luis_de_guindos_50d1b205.txt,ECB,Eurozone,speech,Luis de Guindos,2024-10-01,2024,4,2024-Q4,121,2050,16.94214876033058,0.24948875255623723,4.226875559837077,-0.010731707317073172,0.0,0.0,0.0,-0.0014634146341463415,0.0,0.0,0.0
ecb/speech/ecb_2024-10-01_speech_luis_de_guindos_64dc6fc1.txt,ECB,,speech,,2024-10-01,2024,4,2024-Q4,53,1249,23.566037735849058,0.24756493506493507,5.834124601813281,-0.004803843074459567,0.0,0.0,0.0,-0.0024019215372297837,0.0,0.0,-0.0016012810248198558
ecb/speech/ecb_2024-10-02_speech_isabel_schnabel_8ad95b7d.txt,ECB,,speech,,2024-10-02,2024,4,2024-Q4,206,4110,19.95145631067961,0.19984840828701364,3.9872667866972136,-0.00024330900243309004,0.00024330900243309004,0.00048661800486618007,0.00072992700729927,-0.00072992700729927,-0.00024330900243309004,0.0,0.006569343065693431
ecb/speech/ecb_2024-10-02_speech_isabel_schnabel_a3b6164d.txt,ECB,Eurozone,speech,Isabel Schnabel,2024-10-02,2024,4,2024-Q4,284,5023,17.68661971830986,0.20668629100084104,3.655581829919805,-0.00019908421262193908,0.0,0.00039816842524387816,0.0005972526378658173,-0.0005972526378658173,-0.00039816842524387816,0.0,0.0069679474417678675
ecb/speech/ecb_2024-10-02_speech_luis_de_guindos_07f411b1.txt,ECB,,speech,,2024-10-02,2024,4,2024-Q4,87,2002,23.011494252873565,0.250381679389313,5.761656576292007,0.0,0.0,0.0,0.0,0.0,-0.0004995004995004995,0.0,0.013486513486513486
ecb/speech/ecb_2024-10-02_speech_luis_de_guindos_d4cb5a20.txt,ECB,Eurozone,speech,Luis de Guindos,2024-10-02,2024,4,2024-Q4,152,2931,19.282894736842106,0.24350302598789605,4.695443218227127,0.0,0.000682360968952576,0.0,0.0,0.0,-0.000341180484476288,0.0,0.011258955987717503
ecb/speech/ecb_2024-10-04_speech_claudia_buch_593a3285.txt,ECB,Eurozone,speech,Claudia Buch,2024-10-04,2024,4,2024-Q4,224,3550,15.848214285714286,0.2743865948533812,4.348537552363854,0.0,0.0,0.0,-0.0005633802816901409,0.0,0.0,0.0,0.003943661971830986
ecb/speech/ecb_2024-10-04_speech_frank_elderson_12e9f733.txt,ECB,Eurozone,speech,Frank Elderson,2024-10-04,2024,4,2024-Q4,150,3290,21.933333333333334,0.22563291139240507,4.948881856540084,0.0012158054711246201,0.0,0.0,0.0,-0.0006079027355623101,-0.00030395136778115504,0.0,-0.004559270516717325
ecb/speech/ecb_2024-10-04_speech_frank_elderson_ba3ace21.txt,ECB,,speech,,2024-10-04,2024,4,2024-Q4,112,2651,23.669642857142858,0.21968229368461836,5.199801433552887,0.001886080724254998,0.0,0.0,0.0,-0.0003772161448509996,0.0,0.0,-0.004149377593360996
ecb/speech/ecb_2024-10-07_speech_piero_cipollone_52d3d8fa.txt,ECB,Eurozone,speech,Piero Cipollone,2024-10-07,2024,4,2024-Q4,202,3778,18.702970297029704,0.24828155072862249,4.6436024685779005,0.0,0.0,0.00026469031233456857,0.0,0.0,0.0,0.0,0.002911593435680254
ecb/speech/ecb_2024-10-07_speech_piero_cipollone_565efd2f.txt,ECB,,speech,,2024-10-07,2024,4,2024-Q4,114,2591,22.728070175438596,0.2536146932395467,5.764172545470751,0.0,0.0,0.00038595137012736397,0.0,0.0,0.0,0.0,0.0042454650714010035
ecb/speech/ecb_2024-10-08_speech_elizabeth_mccaul_131645a5.txt,ECB,Eurozone,speech,Elizabeth McCaul,2024-10-08,2024,4,2024-Q4,140,3219,22.992857142857144,0.23346055979643765,5.367925299890949,-0.0009319664492078285,0.0,0.00031065548306927616,0.0,-0.0021745883814849334,0.0,0.0,-0.009940975458216837
ecb/speech/ecb_2024-10-08_speech_elizabeth_mccaul_d5843eb3.txt,ECB,,speech,,2024-10-08,2024,4,2024-Q4,138,3142,22.768115942028984,0.23064411190631098,5.251331881229196,-0.0009548058561425843,0.0,0.00031826861871419476,0.0,-0.0022278803309993636,0.0,0.0,-0.009866327180140038
ecb/speech/ecb_2024-10-16_speech_christine_lagarde_cbce78b1.txt,ECB,Eurozone,speech,Christine Lagarde,2024-10-16,2024,4,2024-Q4,69,1058,15.333333333333334,0.21005917159763313,3.2209072978303745,0.0,0.0,0.000945179584120983,0.0,-0.00945179584120983,0.0,0.0,-0.003780718336483932
ecb/speech/ecb_2024-10-16_speech_christine_lagarde_fc150311.txt,ECB,,speech,,2024-10-16,2024,4,2024-Q4,53,875,16.50943396226415,0.19560185185185186,3.229275856044724,0.0,0.0,0.001142857142857143,0.0,-0.009142857142857144,0.0,0.0,-0.0034285714285714284
ecb/speech/ecb_2024-10-16_speech_claudia_buch_945ec3da.txt,ECB,Eurozone,speech,Claudia Buch,2024-10-16,2024,4,2024-Q4,262,4444,16.9618320610687,0.2607470049330514,4.42274690810107,-0.0006750675067506751,0.000225022502250225,0.0,0.0,-0.00045004500450045,0.0,0.0,-0.0036003600360036
ecb/speech/ecb_2024-10-17_speech_elizabeth_mccaul_9a5afaf0.txt,ECB,Eurozone,speech,Elizabeth McCaul,2024-10-17,2024,4,2024-Q4,65,1295,19.923076923076923,0.2940711462450593,5.85880206749772,0.0,0.0,0.0,0.0,0.0,0.0,0.0,-0.004633204633204633
ecb/speech/ecb_2024-10-17_speech_elizabeth_mccaul_bd9ca1cd.txt,ECB,,speech,,2024-10-17,2024,4,2024-Q4,64,1256,19.625,0.291970802919708,5.72992700729927,0.0,0.0,0.0,0.0,0.0,0.0,0.0,-0.004777070063694267
ecb/speech/ecb_2024-10-24_speech_philip_r_lane_0ce6050e.txt,ECB,Eurozone,speech,Philip R Lane,2024-10-24,2024,4,2024-Q4,174,3699,21.25862068965517,0.2694404591104735,5.727932518676099,-0.0364963503649635,0.0,0.0,0.003514463368477967,-0.0002703433360367667,-0.0013517166801838335,0.0,0.007569613409029468
ecb/speech/ecb_2024-10-24_speech_philip_r_lane_8c3ff545.txt,ECB,,speech,,2024-10-24,2024,4,2024-Q4,91,2409,26.47252747252747,0.270824247710423,7.169402337740758,-0.0369447903694479,0.0,0.0,0.004151100041511001,-0.00041511000415110004,-0.0012453300124533001,0.0,0.009962640099626401
ecb/speech/ecb_2024-10-25_speech_christine_lagarde_325a0a7a.txt,ECB,,speech,,2024-10-25,2024,4,2024-Q4,78,1877,24.064102564102566,0.2754880694143167,6.629373157572724,-0.011720831113478956,0.0005327650506126798,0.0,0.0005327650506126798,-0.0031965903036760787,-0.002131060202450719,0.0,0.006393180607352157
ecb/speech/ecb_2024-10-25_speech_christine_lagarde_b45b5edf.txt,ECB,Eurozone,speech,Christine Lagarde,2024-10-25,2024,4,2024-Q4,78,1901,24.371794871794872,0.2806641671130155,6.84028950874157,-0.01209889531825355,0.0005260389268805891,0.0,0.0005260389268805891,-0.003156233561283535,-0.0021041557075223566,0.0,0.00631246712256707
ecb/speech/ecb_2024-10-25_speech_elizabeth_mccaul_6b78b589.txt,ECB,,speech,,2024-10-25,2024,4,2024-Q4,102,2202,21.58823529411765,0.21963704048394603,4.741576109271071,-0.0009082652134423251,0.0,0.0,0.0,0.0,0.0,0.0,0.004541326067211626
ecb/speech/ecb_2024-10-25_speech_elizabeth_mccaul_a014833f.txt,ECB,Eurozone,speech,Elizabeth McCaul,2024-10-25,2024,4,2024-Q4,103,2272,22.058252427184467,0.2227745142340714,4.914016469318546,-0.0008802816901408451,0.0,0.0,0.0,0.0,0.0,0.0,0.0044014084507042256
ecb/speech/ecb_2024-10-28_speech_frank_elderson_0b3e820b.txt,ECB,,speech,,2024-10-28,2024,4,2024-Q4,24,391,16.291666666666668,0.19363395225464192,3.154619805481875,0.0025575447570332483,0.0,0.0,0.0,0.0,0.0,0.0,-0.0025575447570332483
ecb/speech/ecb_2024-10-28_speech_frank_elderson_a7342c01.txt,ECB,Eurozone,speech,Frank Elderson,2024-10-28,2024,4,2024-Q4,24,410,17.083333333333332,0.20304568527918782,3.4686971235194584,0.0024390243902439024,0.0,0.0,0.0,0.0,0.0,0.0,-0.0024390243902439024
ecb/speech/ecb_2024-10-28_speech_luis_de_guindos_aa55703d.txt,ECB,,speech,,2024-10-28,2024,4,2024-Q4,46,968,21.043478260869566,0.24494142705005326,5.154419595314164,-0.01756198347107438,0.0,0.0,0.0010330578512396695,-0.002066115702479339,-0.002066115702479339,0.0,0.0010330578512396695
ecb/speech/ecb_2024-10-28_speech_luis_de_guindos_af2cd382.txt,ECB,Eurozone,speech,Luis de Guindos,2024-10-28,2024,4,2024-Q4,46,987,21.456521739130434,0.24947807933194155,5.3529318326223105,-0.0182370820668693,0.0,0.0,0.0010131712259371835,-0.002026342451874367,-0.002026342451874367,0.0,0.0010131712259371835
ecb/speech/ecb_2024-11-04_speech_frank_elderson_0b894b51.txt,ECB,Eurozone,speech,Frank Elderson,2024-11-04,2024,4,2024-Q4,192,3822,19.90625,0.22195121951219512,4.418216463414634,0.0,0.00026164311878597594,0.0,0.0,-0.0013082155939298796,0.0,0.0,-0.0007849293563579278
ecb/speech/ecb_2024-11-04_speech_frank_elderson_e64b3276.txt,ECB,,speech,,2024-11-04,2024,4,2024-Q4,147,3163,21.517006802721088,0.2167312661498708,4.663408128109125,0.0,0.0,0.0,0.0,-0.001264622194119507,0.0,0.0,-0.0015807777426493834
ecb/speech/ecb_2024-11-05_speech_christine_lagarde_3e3228df.txt,ECB,,speech,,2024-11-05,2024,4,2024-Q4,88,1754,19.931818181818183,0.234375,4.671519886363637,-0.0017103762827822121,0.0,0.0,0.0,-0.0005701254275940707,0.0,0.0,0.0068415051311288486
ecb/speech/ecb_2024-11-05_speech_christine_lagarde_f08f45d2.txt,ECB,Eurozone,speech,Christine Lagarde,2024-11-05,2024,4,2024-Q4,137,2192,16.0,0.23920265780730898,3.8272425249169437,-0.0031934306569343066,0.0,0.0,0.0,-0.0004562043795620438,0.0,0.0,0.005930656934306569
ecb/speech/ecb_2024-11-06_speech_christine_lagarde_80998658.txt,ECB,,speech,,2024-11-06,2024,4,2024-Q4,61,1159,19.0,0.21006178287731686,3.99117387466902,-0.0008628127696289905,0.0,0.0,0.0,-0.0008628127696289905,0.0,0.0,0.004314063848144953
ecb/speech/ecb_2024-11-06_speech_christine_lagarde_e007ef96.txt,ECB,Eurozone,speech,Christine Lagarde,2024-11-06,2024,4,2024-Q4,78,1362,17.46153846153846,0.204911742133538,3.5780742664856247,-0.0007342143906020558,0.0,0.0,0.0,-0.0007342143906020558,0.0,0.0,0.003671071953010279
ecb/speech/ecb_2024-11-06_speech_claudia_buch_3148d814.txt,ECB,Eurozone,speech,Claudia Buch,2024-11-06,2024,4,2024-Q4,239,4169,17.443514644351463,0.2598602096854718,4.532875373132769,0.0,0.0,0.0,0.0,0.0007195970256656273,0.0,0.0,0.000959462700887503
ecb/speech/ecb_2024-11-06_speech_luis_de_guindos_071cca8c.txt,ECB,Eurozone,speech,Luis de Guindos,2024-11-06,2024,4,2024-Q4,174,3053,17.54597701149425,0.23166953528399312,4.0648683403565,-0.016704880445463477,0.0013101867016049786,0.0,0.0,-0.00032754667540124465,-0.0016377333770062235,0.0,0.00491320013101867
ecb/speech/ecb_2024-11-06_speech_luis_de_guindos_ccd0815d.txt,ECB,,speech,,2024-11-06,2024,4,2024-Q4,87,1987,22.839080459770116,0.2322077922077922,5.303412449619346,-0.019124308002013084,0.0005032712632108706,0.0,0.0,-0.0005032712632108706,-0.0025163563160543532,0.0,0.0055359838953195776
ecb/speech/ecb_2024-11-07_speech_isabel_schnabel_e44b08d7.txt,ECB,Eurozone,speech,Isabel Schnabel,2024-11-07,2024,4,2024-Q4,195,4186,21.466666666666665,0.21131697546319478,4.5362710732765805,-0.000716674629718108,0.0,0.0,0.0,-0.0011944577161968467,0.0,0.0,-0.004300047778308648
ecb/speech/ecb_2024-11-07_speech_isabel_schnabel_eecabfbe.txt,ECB,,speech,,2024-11-07,2024,4,2024-Q4,147,3410,23.197278911564627,0.20724284844796104,4.80747015787447,0.0,0.0,0.0,0.0,-0.0011730205278592375,0.0,0.0,-0.00469208211143695
ecb/speech/ecb_2024-11-18_speech_luis_de_guindos_9c701977.txt,ECB,Eurozone,speech,Luis de Guindos,2024-11-18,2024,4,2024-Q4,76,1600,21.05263157894737,0.25576923076923075,5.384615384615384,-0.00125,0.00125,0.000625,0.0,-0.005625,0.0,0.0,-0.0025
ecb/speech/ecb_2024-11-18_speech_luis_de_guindos_d1e1c87e.txt,ECB,,speech,,2024-11-18,2024,4,2024-Q4,71,1510,21.267605633802816,0.2515212981744422,5.349255778076165,-0.0013245033112582781,0.0013245033112582781,0.0006622516556291391,0.0,-0.004635761589403974,0.0,0.0,-0.001986754966887417
ecb/speech/ecb_2024-11-18_speech_philip_r_lane_6c9d3e24.txt,ECB,Eurozone,speech,Philip R Lane,2024-11-18,2024,4,2024-Q4,413,9137,22.123486682808718,0.2403118817642267,5.316536715931572,-0.021122906862208603,0.00010944511327569225,0.0002188902265513845,0.00010944511327569225,-0.0026266827186166137,-0.0015322315858596913,0.0,-0.0024077924920652295
ecb/speech/ecb_2024-11-18_speech_philip_r_lane_969e3ba7.txt,ECB,,speech,,2024-11-18,2024,4,2024-Q4,163,4493,27.56441717791411,0.24681933842239187,6.803431211851574,-0.021589138660137994,0.00022256843979523704,0.0004451368795904741,0.00022256843979523704,-0.0026708212775428445,-0.0020031159581571333,0.0,-0.00222568439795237
ecb/speech/ecb_2024-11-19_speech_frank_elderson_230f2f2e.txt,ECB,Eurozone,speech,Frank Elderson,2024-11-19,2024,4,2024-Q4,95,1832,19.28421052631579,0.2594900849858357,5.0040614283584315,0.0005458515283842794,0.0,0.0,0.0,-0.0005458515283842794,0.0,0.0,-0.006550218340611353
ecb/speech/ecb_2024-11-19_speech_frank_elderson_c53157a4.txt,ECB,,speech,,2024-11-19,2024,4,2024-Q4,69,1484,21.507246376811594,0.25806451612903225,5.550257129499766,0.0006738544474393531,0.0,0.0,0.0,-0.0006738544474393531,0.0,0.0,-0.005390835579514825
ecb/speech/ecb_2024-11-21_speech_piero_cipollone_0674e8be.txt,ECB,Eurozone,speech,Piero Cipollone,2024-11-21,2024,4,2024-Q4,96,1703,17.739583333333332,0.23240291262135923,4.122730835355987,0.0,0.0,0.0,0.0,0.0,0.0,0.0,-0.002935995302407516
ecb/speech/ecb_2024-11-21_speech_piero_cipollone_c50a42c7.txt,ECB,,speech,,2024-11-21,2024,4,2024-Q4,70,1380,19.714285714285715,0.22066420664206643,4.350237216657881,0.0,0.0,0.0,0.0,0.0,0.0,0.0,-0.002173913043478261
ecb/speech/ecb_2024-11-28_speech_philip_r_lane_9ef607c5.txt,ECB,,speech,,2024-11-28,2024,4,2024-Q4,34,969,28.5,0.22832980972515857,6.5073995771670194,-0.006191950464396285,0.0,0.0,0.0,0.0,0.0,0.0,-0.0010319917440660474
ecb/speech/ecb_2024-11-28_speech_philip_r_lane_fd53d324.txt,ECB,Eurozone,speech,Philip R Lane,2024-11-28,2024,4,2024-Q4,102,1967,19.284313725490197,0.23788786064235165,4.587504136112801,-0.005083884087442806,0.0,0.001525165226232842,0.0,-0.0005083884087442806,0.0,0.0,-0.0010167768174885613
ecb/speech/ecb_2024-12-04_speech_christine_lagarde_0fc89114.txt,ECB,,speech,,2024-12-04,2024,4,2024-Q4,65,1239,19.06153846153846,0.2382522671063479,4.541454752996385,-0.004035512510088781,0.0,0.0,0.002421307506053269,-0.0016142050040355124,-0.0008071025020177562,0.0,0.010492332526230832
ecb/speech/ecb_2024-12-04_speech_christine_lagarde_1cdfeb3b.txt,ECB,Eurozone,speech,Christine Lagarde,2024-12-04,2024,4,2024-Q4,66,1284,19.454545454545453,0.24421388667198723,4.7510701588913875,-0.003894080996884735,0.0,0.0,0.002336448598130841,-0.001557632398753894,-0.000778816199376947,0.0,0.010124610591900311
ecb/speech/ecb_2024-12-05_speech_patrick_montagner_108fdf92.txt,ECB,,speech,,2024-12-05,2024,4,2024-Q4,82,1805,22.01219512195122,0.2063312605992086,4.541803968067945,-0.000554016620498615,0.00110803324099723,0.00221606648199446,0.0,0.0,0.0,0.0,0.00554016620498615
ecb/speech/ecb_2024-12-05_speech_patrick_montagner_f00fd4db.txt,ECB,Eurozone,speech,Patrick Montagner,2024-12-05,2024,4,2024-Q4,89,1930,21.685393258426966,0.21035771489588895,4.561689772461412,-0.0005181347150259067,0.0010362694300518134,0.002072538860103627,0.0,0.0,0.0,0.0,0.0051813471502590676
ecb/speech/ecb_2024-12-12_speech_christine_lagarde_2cc8055d.txt,ECB,,speech,,2024-12-12,2024,4,2024-Q4,89,1747,19.629213483146067,0.233015494636472,4.573910889100186,-0.019461934745277618,0.0005724098454493417,0.0,0.0005724098454493417,-0.0011448196908986834,-0.0022896393817973667,0.0,0.011448196908986834
ecb/speech/ecb_2024-12-12_speech_christine_lagarde_c718c23e.txt,ECB,Eurozone,speech,Christine Lagarde,2024-12-12,2024,4,2024-Q4,89,1764,19.820224719101123,0.2377581120943953,4.7124192105001494,-0.01984126984126984,0.0005668934240362812,0.0,0.0005668934240362812,-0.0011337868480725624,-0.0022675736961451248,0.0,0.010770975056689343
ecb/speech/ecb_2024-12-16_speech_christine_lagarde_92770850.txt,ECB,Eurozone,speech,Christine Lagarde,2024-12-16,2024,4,2024-Q4,130,2686,20.661538461538463,0.21689059500959693,4.481293370736749,-0.02531645569620253,0.0007446016381236039,0.0007446016381236039,0.0007446016381236039,-0.006329113924050633,-0.0018615040953090098,0.0,0.0007446016381236039
ecb/speech/ecb_2024-12-16_speech_christine_lagarde_b93c7d48.txt,ECB,,speech,,2024-12-16,2024,4,2024-Q4,126,2582,20.49206349206349,0.21542130365659778,4.414427032074091,-0.024399690162664602,0.000774593338497289,0.000774593338497289,0.000774593338497289,-0.006584043377226956,-0.0019364833462432224,0.0,0.0003872966692486445
ecb/speech/ecb_2024-12-16_speech_isabel_schnabel_292076d7.txt,ECB,Eurozone,speech,Isabel Schnabel,2024-12-16,2024,4,2024-Q4,218,4068,18.660550458715598,0.21361746361746362,3.986219458696523,-0.008112094395280236,0.0,0.0002458210422812193,0.0,-0.0031956735496558504,0.0,0.0,-0.0009832841691248771
ecb/speech/ecb_2024-12-16_speech_isabel_schnabel_b084130c.txt,ECB,,speech,,2024-12-16,2024,4,2024-Q4,151,3299,21.8476821192053,0.20837267862763614,4.552460044983918,-0.008790542588663231,0.0,0.0009093664746892998,0.0,-0.0033343437405274324,0.0,0.0,-0.0003031221582297666
ecb/speech/ecb_2024-12-17_speech_claudia_buch_7c8b0acc.txt,ECB,Eurozone,speech,Claudia Buch,2024-12-17,2024,4,2024-Q4,364,7388,20.296703296703296,0.20424813616542412,4.145563818654267,0.0,0.0004060638873849486,0.0,0.0,-0.0008121277747698972,0.0002707092582566324,0.0,-0.007309149972929074
ecb/speech/ecb_2024-12-17_speech_claudia_buch_ed6deac0.txt,ECB,,speech,,2024-12-17,2024,4,2024-Q4,301,6253,20.774086378737543,0.19937796693403176,4.141895107104653,0.0,0.00031984647369262754,0.0,0.0,-0.00047976971053894133,0.00031984647369262754,0.0,-0.007516392131776747
ecb/speech/ecb_2024-12-18_speech_philip_r_lane_1399eee1.txt,ECB,,speech,,2024-12-18,2024,4,2024-Q4,72,1674,23.25,0.23216520650813516,5.397841051314143,-0.021505376344086023,0.002986857825567503,0.0,0.0005973715651135006,-0.0017921146953405018,-0.0011947431302270011,0.0,0.010752688172043012
ecb/speech/ecb_2024-12-18_speech_philip_r_lane_b22f1c9b.txt,ECB,Eurozone,speech,Philip R Lane,2024-12-18,2024,4,2024-Q4,77,1802,23.4025974025974,0.23512252042007,5.502477685674885,-0.021087680355160933,0.002774694783573807,0.0,0.0005549389567147614,-0.001664816870144284,-0.0011098779134295228,0.0,0.010543840177580466
ecb/speech/ecb_2025-01-13_speech_olli_rehn_db8660be.txt,ECB,Eurozone,speech,Olli Rehn,2025-01-13,2025,1,2025-Q1,92,1594,17.32608695652174,0.1967741935483871,3.409326788218794,-0.0006273525721455458,0.0006273525721455458,0.0,0.0,0.0,0.0,0.0,-0.005018820577164366
ecb/speech/ecb_2025-01-15_speech_luis_de_guindos_52e41e67.txt,ECB,,speech,,2025-01-15,2025,1,2025-Q1,71,1471,20.718309859154928,0.24699221514508138,5.117261246174855,-0.01495581237253569,0.0013596193065941536,0.0,0.0006798096532970768,-0.009517335146159076,-0.0013596193065941536,0.0,0.0013596193065941536
ecb/speech/ecb_2025-01-15_speech_luis_de_guindos_e2c8d067.txt,ECB,Eurozone,speech,Luis de Guindos,2025-01-15,2025,1,2025-Q1,83,1561,18.80722891566265,0.24782899131596525,4.66097657161713,-0.014734144778987828,0.0012812299807815502,0.0,0.0006406149903907751,-0.008968609865470852,-0.0012812299807815502,0.0,0.0012812299807815502
ecb/speech/ecb_2025-01-20_speech_darryl_chan_6a4e3239.txt,ECB,Eurozone,speech,Darryl Chan,2025-01-20,2025,1,2025-Q1,30,676,22.533333333333335,0.24437781109445278,5.50664667666167,0.0,0.0014792899408284023,0.0014792899408284023,0.0,0.0,0.0,0.0,0.011834319526627219
ecb/speech/ecb_2025-01-27_speech_christine_lagarde_4215be39.txt,ECB,,speech,,2025-01-27,2025,1,2025-Q1,82,1307,15.939024390243903,0.23168789808917198,3.692879058567656,-0.0076511094108645756,0.001530221882172915,0.0,0.0,-0.013771996939556235,0.0,0.0,-0.009181331293037491
ecb/speech/ecb_2025-01-27_speech_christine_lagarde_d3332d14.txt,ECB,Eurozone,speech,Christine Lagarde,2025-01-27,2025,1,2025-Q1,161,2008,12.472049689440993,0.23404255319148937,2.918990352847892,-0.00846613545816733,0.00149402390438247,0.0,0.0,-0.010956175298804782,0.0,0.0,-0.0069721115537848604
ecb/speech/ecb_2025-01-30_speech_christine_lagarde_3b5a7a77.txt,ECB,Eurozone,speech,Christine Lagarde,2025-01-30,2025,1,2025-Q1,74,1523,20.58108108108108,0.2518518518518518,5.183383383383383,-0.02298095863427446,0.0006565988181221273,0.0,0.0006565988181221273,-0.0006565988181221273,-0.003282994090610637,0.0,0.011162179908076166
ecb/speech/ecb_2025-01-30_speech_christine_lagarde_66a9b995.txt,ECB,,speech,,2025-01-30,2025,1,2025-Q1,74,1503,20.31081081081081,0.24709897610921502,5.018780555299327,-0.02262142381902861,0.0006653359946773121,0.0,0.0006653359946773121,-0.0006653359946773121,-0.00332667997338656,0.0,0.011976047904191617
ecb/speech/ecb_2025-01-31_speech_klaas_knot_42abf22c.txt,ECB,Eurozone,speech,Klaas Knot,2025-01-31,2025,1,2025-Q1,254,4702,18.511811023622048,0.19249838327225696,3.5634936934887884,-0.010421097405359422,0.0,0.0,0.0,-0.002552105487026797,-0.0010633772862611655,0.0,-0.0004253509145044662
ecb/speech/ecb_2025-02-05_speech_philip_r_lane_6109df3d.txt,ECB,,speech,,2025-02-05,2025,1,2025-Q1,86,2227,25.8953488372093,0.23649906890130354,6.124225888874453,-0.01796138302649304,0.000898069151324652,0.0,0.001796138302649304,-0.002694207453973956,-0.001347103726986978,0.0,0.002694207453973956
ecb/speech/ecb_2025-02-05_speech_philip_r_lane_c2c22e96.txt,ECB,Eurozone,speech,Philip R Lane,2025-02-05,2025,1,2025-Q1,87,2276,26.160919540229884,0.23609845031905197,6.176552562369681,-0.018014059753954304,0.0008787346221441124,0.0,0.0017574692442882249,-0.0026362038664323375,-0.0013181019332161687,0.0,0.0021968365553602814
ecb/speech/ecb_2025-02-10_speech_christine_lagarde_11bcb796.txt,ECB,Eurozone,speech,Christine Lagarde,2025-02-10,2025,1,2025-Q1,90,1608,17.866666666666667,0.2388250319284802,4.26700723712218,-0.006840796019900498,0.0006218905472636816,0.0,0.0006218905472636816,-0.0024875621890547263,0.0006218905472636816,0.0,0.0037313432835820895
ecb/speech/ecb_2025-02-10_speech_christine_lagarde_bb0c110e.txt,ECB,,speech,,2025-02-10,2025,1,2025-Q1,75,1411,18.813333333333333,0.23254139668826493,4.374878809695224,-0.007795889440113395,0.0007087172218284905,0.0,0.0007087172218284905,-0.002126151665485471,0.0007087172218284905,0.0,0.005669737774627924
ecb/speech/ecb_2025-02-12_speech_frank_elderson_d059c79b.txt,ECB,Eurozone,speech,Frank Elderson,2025-02-12,2025,1,2025-Q1,66,1604,24.303030303030305,0.22642719692110327,5.502867028203783,0.0,0.0,0.0,0.0,0.0,0.0,0.0,0.0012468827930174563
ecb/speech/ecb_2025-02-12_speech_frank_elderson_eec09bf9.txt,ECB,,speech,,2025-02-12,2025,1,2025-Q1,59,1437,24.35593220338983,0.2302771855010661,5.60861551805139,0.0,0.0,0.0,0.0,0.0,0.0,0.0,0.0013917884481558804
ecb/speech/ecb_2025-02-18_speech_piero_cipollone_a2d1a74a.txt,ECB,Eurozone,speech,Piero Cipollone,2025-02-18,2025,1,2025-Q1,310,5403,17.429032258064517,0.24391679748822606,4.251233731706082,-0.004256894317971497,0.001110494169905608,0.0,0.00018508236165093466,-0.0018508236165093468,0.0007403294466037387,0.0,-0.005922635572829909
ecb/speech/ecb_2025-02-18_speech_piero_cipollone_b6c08917.txt,ECB,,speech,,2025-02-18,2025,1,2025-Q1,170,3346,19.68235294117647,0.2430167597765363,4.783141636542886,-0.006873879258816497,0.0005977286312014345,0.0,0.00029886431560071725,-0.0020920502092050207,0.001195457262402869,0.0,-0.006276150627615063
ecb/speech/ecb_2025-02-25_speech_isabel_schnabel_16239183.txt,ECB,Eurozone,speech,Isabel Schnabel,2025-02-25,2025,1,2025-Q1,333,5464,16.40840840840841,0.20828493999225706,3.4176243607137917,-0.0038433382137628112,0.00018301610541727673,0.00036603221083455345,0.0,-0.001281112737920937,-0.0007320644216691069,0.0,-0.0009150805270863836
ecb/speech/ecb_2025-02-25_speech_isabel_schnabel_a8f83fda.txt,ECB,,speech,,2025-02-25,2025,1,2025-Q1,185,4223,22.82702702702703,0.2058679706601467,4.699353730258376,-0.0030783802983660904,0.0,0.0004735969689793985,0.0,-0.0011839924224484964,-0.000947193937958797,0.0,-0.0004735969689793985
ecb/speech/ecb_2025-03-03_speech_claudia_buch_4217579e.txt,ECB,,speech,,2025-03-03,2025,1,2025-Q1,138,2603,18.86231884057971,0.21821036106750394,4.115953404773281,0.0,0.000768344218209758,0.000384172109104879,0.0,0.0,0.0,0.0,0.004994237418363427
ecb/speech/ecb_2025-03-03_speech_claudia_buch_a6955201.txt,ECB,Eurozone,speech,Claudia Buch,2025-03-03,2025,1,2025-Q1,223,3568,16.0,0.2306560753162695,3.690497205060312,0.0,0.0005605381165919282,0.0002802690582959641,0.0,0.0,0.0,0.0,0.005325112107623318
ecb/speech/ecb_2025-03-12_speech_christine_lagarde_68d026f9.txt,ECB,Eurozone,speech,Christine Lagarde,2025-03-12,2025,1,2025-Q1,201,3342,16.62686567164179,0.21548507462686567,3.5828413900646026,-0.01765409934171155,0.0,0.0002992220227408737,0.0,-0.0047875523638539795,-0.0002992220227408737,0.0,-0.002094554159186116
ecb/speech/ecb_2025-03-12_speech_christine_lagarde_9bf759c6.txt,ECB,,speech,,2025-03-12,2025,1,2025-Q1,134,2688,20.059701492537314,0.21322690992018245,4.277268163175004,-0.018973214285714284,0.0,0.0,0.0,-0.005952380952380952,-0.0003720238095238095,0.0,-0.0033482142857142855
ecb/speech/ecb_2025-03-18_speech_olli_rehn_30087572.txt,ECB,Eurozone,speech,Olli Rehn,2025-03-18,2025,1,2025-Q1,83,1676,20.19277108433735,0.2034001214329083,4.107212090621136,-0.007159904534606206,0.0029832935560859188,0.0,0.0005966587112171838,-0.004176610978520286,0.0017899761336515514,-0.0005966587112171838,0.007159904534606206
ecb/speech/ecb_2025-03-19_speech_frank_elderson_20ed1deb.txt,ECB,Eurozone,speech,Frank Elderson,2025-03-19,2025,1,2025-Q1,204,3940,19.313725490196077,0.24953789279112754,4.819506360769815,-0.0002538071065989848,0.0005076142131979696,0.0007614213197969543,0.0,-0.0007614213197969543,0.0,0.0,0.0012690355329949238
ecb/speech/ecb_2025-03-19_speech_frank_elderson_f9da2774.txt,ECB,,speech,,2025-03-19,2025,1,2025-Q1,134,2991,22.32089552238806,0.2464065708418891,5.500015323791719,0.0,0.00033433634236041456,0.0010030090270812437,0.0,-0.0006686726847208291,0.0,0.0,0.003343363423604146
ecb/speech/ecb_2025-03-20_speech_christine_lagarde_5ed33b94.txt,ECB,,speech,,2025-03-20,2025,1,2025-Q1,73,1451,19.876712328767123,0.22198429693076374,4.412318011596414,-0.010337698139214336,0.0006891798759476223,0.0,0.0006891798759476223,-0.006202618883528601,-0.0006891798759476223,0.0006891798759476223,0.0006891798759476223
ecb/speech/ecb_2025-03-20_speech_christine_lagarde_e0121a3a.txt,ECB,Eurozone,speech,Christine Lagarde,2025-03-20,2025,1,2025-Q1,94,1783,18.96808510638298,0.22385428907168037,4.246087206540491,-0.008412787436904094,0.0005608524957936063,0.0,0.0005608524957936063,-0.005608524957936063,-0.0005608524957936063,0.0005608524957936063,0.0011217049915872126
ecb/speech/ecb_2025-03-20_speech_philip_r_lane_144bb479.txt,ECB,,speech,,2025-03-20,2025,1,2025-Q1,288,7557,26.239583333333332,0.2405474996612007,6.311866162985047,0.0007939658594680428,0.0,0.0,0.0,-0.0003969829297340214,0.0,0.0,0.000661638216223369
ecb/speech/ecb_2025-03-20_speech_philip_r_lane_270e27df.txt,ECB,Eurozone,speech,Philip R Lane,2025-03-20,2025,1,2025-Q1,658,12336,18.747720364741642,0.233843537414966,4.384033248557782,0.00032425421530479895,0.0,0.0,0.0,-0.00024319066147859923,0.0,0.0,0.00016212710765239947
ecb/speech/ecb_2025-03-27_speech_claudia_buch_17b546c5.txt,ECB,,speech,,2025-03-27,2025,1,2025-Q1,59,1128,19.11864406779661,0.2900274473924977,5.544931536588769,0.0,0.0008865248226950354,0.0,0.0,-0.0008865248226950354,-0.0008865248226950354,0.0,0.0062056737588652485
ecb/speech/ecb_2025-03-27_speech_claudia_buch_ca82882c.txt,ECB,Eurozone,speech,Claudia Buch,2025-03-27,2025,1,2025-Q1,103,1696,16.466019417475728,0.29345088161209065,4.831967914700056,0.0,0.0005896226415094339,0.0,0.0,-0.0005896226415094339,-0.0005896226415094339,0.0,0.0
ecb/speech/ecb_2025-03-27_speech_isabel_schnabel_a07343c1.txt,ECB,,speech,,2025-03-27,2025,1,2025-Q1,184,3490,18.967391304347824,0.28421996413628214,5.390911276280568,-0.01489971346704871,-0.00028653295128939826,0.0,-0.0005730659025787965,0.0,-0.0017191977077363897,0.0,-0.003151862464183381
ecb/speech/ecb_2025-03-27_speech_isabel_schnabel_a1efdb91.txt,ECB,Eurozone,speech,Isabel Schnabel,2025-03-27,2025,1,2025-Q1,363,4937,13.600550964187327,0.2878228782287823,3.9145497240096363,-0.014583755316994126,-0.00020255215718047398,0.0,-0.00040510431436094796,0.0,-0.0012153129430828439,0.0,-0.0020255215718047396
ecb/speech/ecb_2025-04-01_speech_christine_lagarde_07b50e50.txt,ECB,,speech,,2025-04-01,2025,2,2025-Q2,70,1393,19.9,0.17266715650257164,3.4360764144011755,0.0,0.0,0.008614501076812634,0.0,0.0,0.0,0.0,0.012921751615218953
ecb/speech/ecb_2025-04-01_speech_christine_lagarde_64435797.txt,ECB,Eurozone,speech,Christine Lagarde,2025-04-01,2025,2,2025-Q2,134,1865,13.917910447761194,0.19020501138952164,2.64725631523476,0.0,0.0005361930294906167,0.02520107238605898,0.0,0.0,0.0,0.0,0.010723860589812333
ecb/speech/ecb_2025-04-02_speech_christine_lagarde_819797e8.txt,ECB,Eurozone,speech,Christine Lagarde,2025-04-02,2025,2,2025-Q2,71,1078,15.183098591549296,0.18312559923298177,2.7804140277909064,0.0,0.0,0.0,0.0,-0.0027829313543599257,0.0,0.0,0.0018552875695732839
ecb/speech/ecb_2025-04-02_speech_christine_lagarde_ccd9faef.txt,ECB,,speech,,2025-04-02,2025,2,2025-Q2,66,1014,15.363636363636363,0.19004065040650406,2.9197154471544713,0.0,0.0,0.0,0.0,-0.0029585798816568047,0.0,0.0,0.0009861932938856016
ecb/speech/ecb_2025-04-03_speech_luis_de_guindos_5879a67c.txt,ECB,Eurozone,speech,Luis de Guindos,2025-04-03,2025,2,2025-Q2,67,1278,19.074626865671643,0.2662337662337662,5.078309749951541,-0.00782472613458529,0.001564945226917058,0.0,0.000782472613458529,-0.017996870109546165,0.0,0.0,-0.017996870109546165
ecb/speech/ecb_2025-04-03_speech_luis_de_guindos_a00fce72.txt,ECB,,speech,,2025-04-03,2025,2,2025-Q2,54,1159,21.462962962962962,0.2646017699115044,5.679137987545067,-0.008628127696289905,0.001725625539257981,0.0,0.0008628127696289905,-0.015530629853321829,0.0,0.0,-0.015530629853321829
ecb/speech/ecb_2025-04-08_speech_piero_cipollone_57ceafba.txt,ECB,,speech,,2025-04-08,2025,2,2025-Q2,90,1807,20.07777777777778,0.21613995485327314,4.33960998244294,0.0,0.0,0.0,0.0,0.0,0.0,0.0,0.002213613724405091
ecb/speech/ecb_2025-04-08_speech_piero_cipollone_99a6949c.txt,ECB,Eurozone,speech,Piero Cipollone,2025-04-08,2025,2,2025-Q2,187,3498,18.705882352941178,0.2339600119367353,4.376428458581284,0.0,0.0,0.0,0.0,0.0002858776443682104,0.0,0.0,0.002001143510577473
ecb/speech/ecb_2025-04-10_speech_claudia_buch_7b732ad7.txt,ECB,,speech,,2025-04-10,2025,2,2025-Q2,207,3793,18.32367149758454,0.2543352601156069,4.660355756611097,0.0,0.0002636435539151068,0.0002636435539151068,0.0,-0.001318217769575534,0.0,0.0,0.0005272871078302136
ecb/speech/ecb_2025-04-10_speech_claudia_buch_8548ec85.txt,ECB,Eurozone,speech,Claudia Buch,2025-04-10,2025,2,2025-Q2,418,5996,14.344497607655502,0.25249287749287747,3.6218834771466346,0.0,0.00066711140760507,0.0001667778519012675,0.0,-0.0008338892595063375,0.0,0.0,0.0008338892595063375
ecb/speech/ecb_2025-04-17_speech_christine_lagarde_03c116b6.txt,ECB,,speech,,2025-04-17,2025,2,2025-Q2,75,1564,20.85333333333333,0.2450592885375494,5.11030303030303,-0.019820971867007674,0.0006393861892583121,0.0,0.0025575447570332483,-0.00639386189258312,0.0006393861892583121,0.0,0.004475703324808184
ecb/speech/ecb_2025-04-17_speech_christine_lagarde_c1e3e0d7.txt,ECB,Eurozone,speech,Christine Lagarde,2025-04-17,2025,2,2025-Q2,76,1583,20.82894736842105,0.24967490247074123,5.200465402778728,-0.02021478205938092,0.0006317119393556538,0.0,0.002526847757422615,-0.006317119393556538,0.0006317119393556538,0.0,0.003790271636133923
ecb/speech/ecb_2025-04-23_speech_klaas_knot_7e0c535a.txt,ECB,Eurozone,speech,Klaas Knot,2025-04-23,2025,2,2025-Q2,185,3619,19.562162162162164,0.18457223001402526,3.6106318941662563,-0.0060790273556231,-0.00027631942525559546,0.0,0.00027631942525559546,-0.003592152528322741,0.00027631942525559546,0.0,0.004697430229345123
ecb/speech/ecb_2025-04-25_speech_christine_lagarde_0025d0f3.txt,ECB,Eurozone,speech,Christine Lagarde,2025-04-25,2025,2,2025-Q2,80,1660,20.75,0.2786683107274969,5.782367447595561,-0.01144578313253012,0.0012048192771084338,0.0,0.0,-0.007228915662650603,-0.0006024096385542169,0.0,0.006626506024096385
ecb/speech/ecb_2025-04-25_speech_christine_lagarde_cbcf9ebe.txt,ECB,,speech,,2025-04-25,2025,2,2025-Q2,78,1637,20.987179487179485,0.27517198248905567,5.775083786340821,-0.010995723885155772,0.0012217470983506415,0.0,0.0,-0.007330482590103849,-0.0006108735491753207,0.0,0.006719609040928528
ecb/speech/ecb_2025-04-25_speech_claudia_buch_548fe365.txt,ECB,Eurozone,speech,Claudia Buch,2025-04-25,2025,2,2025-Q2,270,4156,15.392592592592592,0.26874840030714103,4.136734635838808,0.0,0.00024061597690086623,0.00024061597690086623,0.0,-0.0007218479307025986,0.0,0.0,-0.0007218479307025986
ecb/speech/ecb_2025-04-25_speech_claudia_buch_690e2ced.txt,ECB,,speech,,2025-04-25,2025,2,2025-Q2,170,3064,18.023529411764706,0.26446837146702556,4.766653471617449,0.0,0.00032637075718015666,0.00032637075718015666,0.0,-0.0006527415143603133,0.0,0.0,0.0009791122715404699
ecb/speech/ecb_2025-04-28_speech_luis_de_guindos_64fec01a.txt,ECB,,speech,,2025-04-28,2025,2,2025-Q2,49,996,20.3265306122449,0.25876288659793817,5.259751735745845,-0.0030120481927710845,0.0,0.0,0.0,-0.008032128514056224,0.0,0.0,0.004016064257028112
ecb/speech/ecb_2025-04-28_speech_luis_de_guindos_9f9d8e6d.txt,ECB,Eurozone,speech,Luis de Guindos,2025-04-28,2025,2,2025-Q2,52,1055,20.28846153846154,0.265625,5.389122596153847,-0.002843601895734597,0.0,0.0,0.0,-0.007582938388625593,0.0,0.0,0.0037914691943127963
ecb/speech/ecb_2025-04-28_speech_olli_rehn_b4045543.txt,ECB,Eurozone,speech,Olli Rehn,2025-04-28,2025,2,2025-Q2,56,1045,18.660714285714285,0.21884200196270853,4.083748072339828,-0.013397129186602871,0.0009569377990430622,0.0,0.0,-0.014354066985645933,0.0,0.0,-0.011483253588516746
ecb/speech/ecb_2025-04-29_speech_piero_cipollone_44fd9fc3.txt,ECB,Eurozone,speech,Piero Cipollone,2025-04-29,2025,2,2025-Q2,316,4909,15.534810126582279,0.24370112945264988,3.7858507736805644,-0.0008148299042574863,0.00040741495212874313,0.0,0.0,-0.0026481971888368304,0.0,0.0,-0.001018537380321858
ecb/speech/ecb_2025-04-29_speech_piero_cipollone_a7e57703.txt,ECB,,speech,,2025-04-29,2025,2,2025-Q2,132,3095,23.446969696969695,0.2448091091761554,5.740031764395462,-0.0012924071082390954,0.00032310177705977385,0.0,0.0,-0.0038772213247172858,0.0,0.0,-0.00032310177705977385
ecb/speech/ecb_2025-05-15_speech_luis_de_guindos_52f72fe2.txt,ECB,Eurozone,speech,Luis de Guindos,2025-05-15,2025,2,2025-Q2,71,1768,24.901408450704224,0.27572254335260116,6.865879671090124,-0.0005656108597285068,0.0,0.0,0.0,-0.013009049773755657,0.0,0.0,-0.010180995475113122
ecb/speech/ecb_2025-05-15_speech_luis_de_guindos_9f365569.txt,ECB,,speech,,2025-05-15,2025,2,2025-Q2,70,1740,24.857142857142858,0.27438307873090484,6.820379385596778,-0.0005747126436781609,0.0,0.0,0.0,-0.01206896551724138,0.0,0.0,-0.010344827586206896
ecb/speech/ecb_2025-05-16_speech_philip_r_lane_90848ba2.txt,ECB,Eurozone,speech,Philip R Lane,2025-05-16,2025,2,2025-Q2,105,2596,24.723809523809525,0.2885611797528896,7.1343316441762035,-0.0061633281972265025,0.0003852080123266564,0.0003852080123266564,0.0,-0.004622496147919877,-0.0003852080123266564,0.0,-0.010015408320493066
ecb/speech/ecb_2025-05-16_speech_philip_r_lane_c7e08528.txt,ECB,,speech,,2025-05-16,2025,2,2025-Q2,67,2002,29.880597014925375,0.2968431771894094,8.86985135422683,-0.005494505494505495,0.0,0.0004995004995004995,0.0,-0.003996003996003996,0.0,0.0,-0.008491508491508492
ecb/speech/ecb_2025-05-26_speech_christine_lagarde_792b4cae.txt,ECB,,speech,,2025-05-26,2025,2,2025-Q2,139,2705,19.46043165467626,0.20129622569576822,3.9173114424967843,-0.0003696857670979667,0.0,0.0,0.0,-0.0003696857670979667,0.0,0.0,0.011829944547134935
ecb/speech/ecb_2025-05-26_speech_christine_lagarde_bde23c7b.txt,ECB,Eurozone,speech,Christine Lagarde,2025-05-26,2025,2,2025-Q2,214,3312,15.476635514018692,0.20508744038155802,3.174063563288412,-0.00030193236714975844,0.00030193236714975844,0.0,0.0,-0.00030193236714975844,0.0,0.0,0.009963768115942028
ecb/speech/ecb_2025-06-05_speech_christine_lagarde_d5804371.txt,ECB,Eurozone,speech,Christine Lagarde,2025-06-05,2025,2,2025-Q2,82,1781,21.71951219512195,0.2567251461988304,5.575944943659962,-0.021897810218978103,0.0011229646266142617,0.0,0.0016844469399213925,-0.007860752386299831,0.0011229646266142617,0.0,0.004491858506457047
ecb/speech/ecb_2025-06-05_speech_christine_lagarde_e3d18aba.txt,ECB,,speech,,2025-06-05,2025,2,2025-Q2,81,1761,21.74074074074074,0.2528123149792777,5.496326996030963,-0.021578648495173196,0.001135718341851221,0.0,0.0017035775127768314,-0.007950028392958546,0.001135718341851221,0.0,0.005110732538330494
ecb/speech/ecb_2025-06-07_speech_christine_lagarde_d4e184e4.txt,ECB,Eurozone,speech,Christine Lagarde,2025-06-07,2025,2,2025-Q2,87,1437,16.517241379310345,0.17352941176470588,2.866227180527383,0.0006958942240779402,0.0,0.0,0.0,-0.0013917884481558804,0.0,0.0,0.0020876826722338203
ecb/speech/ecb_2025-06-07_speech_christine_lagarde_d6e755d1.txt,ECB,,speech,,2025-06-07,2025,2,2025-Q2,67,1168,17.432835820895523,0.1726872246696035,3.010428036031297,0.0008561643835616438,0.0,0.0,0.0,-0.0017123287671232876,0.0,0.0,0.003424657534246575
ecb/speech/ecb_2025-06-09_speech_frank_elderson_83ab9a0b.txt,ECB,,speech,,2025-06-09,2025,2,2025-Q2,144,3385,23.506944444444443,0.20520490577325756,4.823740319739422,0.0014771048744460858,0.0014771048744460858,0.0,0.0,0.0005908419497784342,0.0,0.0,0.0062038404726735595
ecb/speech/ecb_2025-06-09_speech_frank_elderson_a8a33f7e.txt,ECB,Eurozone,speech,Frank Elderson,2025-06-09,2025,2,2025-Q2,232,4540,19.56896551724138,0.20974721020268733,4.104535923793968,0.0022026431718061676,0.0011013215859030838,0.0,0.0,0.0006607929515418502,0.0,0.0,0.0052863436123348016
ecb/speech/ecb_2025-06-11_speech_claudia_buch_5b9b9c7a.txt,ECB,,speech,,2025-06-11,2025,2,2025-Q2,208,3583,17.22596153846154,0.2821173104434907,4.859741939033785,0.0,0.0,0.0,0.0,-0.00027909572983533354,0.0,-0.00027909572983533354,-0.0013954786491766676
ecb/speech/ecb_2025-06-11_speech_claudia_buch_ee23cbcf.txt,ECB,Eurozone,speech,Claudia Buch,2025-06-11,2025,2,2025-Q2,376,5919,15.742021276595745,0.2855093256814921,4.494493879544553,0.0,0.00033789491468153406,0.0,0.0,-0.00016894745734076703,0.0,-0.00016894745734076703,-0.0016894745734076701
ecb/speech/ecb_2025-06-12_speech_frank_elderson_40ba5fe1.txt,ECB,Eurozone,speech,Frank Elderson,2025-06-12,2025,2,2025-Q2,234,4270,18.247863247863247,0.2686350435624395,4.902015538511182,0.0,0.0,0.0,0.0,0.0,0.0,0.0,-0.008899297423887589
ecb/speech/ecb_2025-06-12_speech_frank_elderson_e5d78acf.txt,ECB,,speech,,2025-06-12,2025,2,2025-Q2,183,3554,19.420765027322403,0.26596351197263396,5.165214871861973,0.0,0.0,0.0,0.0,0.0,0.0,0.0,-0.007315700619020821
ecb/speech/ecb_2025-06-12_speech_luis_de_guindos_00c8c950.txt,ECB,Eurozone,speech,Luis de Guindos,2025-06-12,2025,2,2025-Q2,87,1703,19.57471264367816,0.23197115384615385,4.54076867816092,-0.0035231943628890195,0.0,0.0,0.0005871990604815032,-0.004697592483852026,0.0,0.0,0.007633587786259542
ecb/speech/ecb_2025-06-12_speech_luis_de_guindos_82d8e59a.txt,ECB,,speech,,2025-06-12,2025,2,2025-Q2,83,1629,19.626506024096386,0.23134796238244515,4.540552177361484,-0.003069367710251688,0.0,0.0,0.0006138735420503376,-0.004910988336402701,0.0,0.0,0.007366482504604052
ecb/speech/ecb_2025-06-18_speech_frank_elderson_f385f134.txt,ECB,Eurozone,speech,Frank Elderson,2025-06-18,2025,2,2025-Q2,192,3452,17.979166666666668,0.25278698403133476,4.544899317063373,0.0,-0.00028968713789107763,0.0,-0.00028968713789107763,0.00028968713789107763,0.0,0.0,0.0005793742757821553
ecb/speech/ecb_2025-06-18_speech_frank_elderson_f8ef8612.txt,ECB,,speech,,2025-06-18,2025,2,2025-Q2,121,2570,21.239669421487605,0.2526903148664807,5.367058753775665,0.0,-0.0003891050583657588,0.0,-0.0003891050583657588,0.0003891050583657588,0.0,0.0,0.0015564202334630351
ecb/speech/ecb_2025-06-19_speech_christine_lagarde_624b5291.txt,ECB,Eurozone,speech,Christine Lagarde,2025-06-19,2025,2,2025-Q2,205,3227,15.741463414634147,0.2428898332788493,3.8234414243455936,-0.0006197706848466068,0.0,0.0003098853424233034,0.0,-0.0003098853424233034,0.0,0.0,0.010536101642392316
ecb/speech/ecb_2025-06-19_speech_christine_lagarde_e419ecca.txt,ECB,,speech,,2025-06-19,2025,2,2025-Q2,130,2623,20.176923076923078,0.2415686274509804,4.8741116138763205,-0.0007624857033930614,0.0,0.0003812428516965307,0.0,-0.0003812428516965307,0.0,0.0,0.012962256957682043
ecb/speech/ecb_2025-06-23_speech_christine_lagarde_0903c42c.txt,ECB,Eurozone,speech,Christine Lagarde,2025-06-23,2025,2,2025-Q2,99,1815,18.333333333333332,0.25396825396825395,4.656084656084656,-0.006611570247933884,0.0005509641873278236,0.0,0.0005509641873278236,-0.0049586776859504135,0.0005509641873278236,0.0,0.004407713498622589
ecb/speech/ecb_2025-06-24_speech_philip_r_lane_e4e50d2c.txt,ECB,Eurozone,speech,Philip R Lane,2025-06-24,2025,2,2025-Q2,30,988,32.93333333333333,0.2804621848739496,9.23655462184874,-0.01720647773279352,0.0,0.0010121457489878543,0.0010121457489878543,-0.011133603238866396,-0.0020242914979757085,0.0,-0.01720647773279352
ecb/speech/ecb_2025-06-26_speech_christine_lagarde_c829b855.txt,ECB,Eurozone,speech,Christine Lagarde,2025-06-26,2025,2,2025-Q2,216,3158,14.62037037037037,0.20092992361341747,2.9376699017183907,0.00031665611146295124,-0.00031665611146295124,0.00031665611146295124,0.0,0.00031665611146295124,0.0,0.0,0.007599746675110829
ecb/speech/ecb_2025-06-27_speech_piero_cipollone_a1ea566e.txt,ECB,Eurozone,speech,Piero Cipollone,2025-06-27,2025,2,2025-Q2,175,3034,17.337142857142858,0.24063047285464098,4.1718448836627475,0.0,0.0006591957811470006,0.0,0.0,0.0,0.0,0.0,0.0016479894528675016
ecb/speech/ecb_2025-06-30_speech_christine_lagarde_fcf95df0.txt,ECB,Eurozone,speech,Christine Lagarde,2025-06-30,2025,2,2025-Q2,102,2082,20.41176470588235,0.24156746031746032,4.930818160597572,-0.010566762728146013,0.0,0.0,0.0004803073967339097,-0.007204610951008645,-0.0009606147934678194,0.0,-0.005283381364073006
ecb/speech/ecb_2025-06-30_speech_christine_lagarde_philip_r_l_c919f50c.txt,ECB,Eurozone,speech,Christine Lagarde; Philip R Lane,2025-06-30,2025,2,2025-Q2,206,3853,18.703883495145632,0.1704154538237629,3.1874307940920317,-0.003373994290163509,0.0,0.0007786140669608098,0.0,-0.0015572281339216196,0.0,0.0,-0.0005190760446405398
ecb/speech/ecb_2025-07-02_speech_anna_seim_76e4299f.txt,ECB,Eurozone,speech,Anna Seim,2025-07-02,2025,3,2025-Q3,139,2694,19.381294964028775,0.2330246913580247,4.516320277111644,-0.01002227171492205,0.0,0.0,0.0,-0.0011135857461024498,0.0,0.0,-0.001855976243504083
ecb/speech/ecb_2025-07-09_speech_philip_r_lane_6cde1a30.txt,ECB,Eurozone,speech,Philip R Lane,2025-07-09,2025,3,2025-Q3,133,2887,21.706766917293233,0.25924583031182014,5.6273888128588325,-0.005195704883962591,0.0,0.00034638032559750607,0.0,-0.005542085209560097,0.0,0.0,-0.005195704883962591
ecb/speech/ecb_2025-07-10_speech_piero_cipollone_30a026d8.txt,ECB,Eurozone,speech,Piero Cipollone,2025-07-10,2025,3,2025-Q3,156,3098,19.858974358974358,0.234006734006734,4.647133730467063,0.0,0.0,0.0,0.0,0.00032278889606197545,0.0,0.0,0.001936733376371853
ecb/speech/ecb_2025-07-15_speech_claudia_buch_2221194f.txt,ECB,Eurozone,speech,Claudia Buch,2025-07-15,2025,3,2025-Q3,138,2153,15.601449275362318,0.27028372324539574,4.216817798169108,0.0,0.0,0.0,0.0,-0.0018578727357176034,0.0,0.0,-0.003251277287505806
ecb/speech/ecb_2025-08-20_speech_christine_lagarde_789218ba.txt,ECB,Eurozone,speech,Christine Lagarde,2025-08-20,2025,3,2025-Q3,33,660,20.0,0.18441971383147854,3.6883942766295705,0.0,0.0,0.0,0.0,-0.010606060606060607,0.0,0.0,0.006060606060606061
ecb/speech/ecb_2025-08-22_speech_christine_lagarde_cfe5d032.txt,ECB,Eurozone,speech,Christine Lagarde,2025-08-22,2025,3,2025-Q3,208,2985,14.350961538461538,0.19579405366207397,2.8098329335638983,-0.004690117252931323,0.001340033500837521,0.0006700167504187605,0.001340033500837521,-0.00033500837520938025,0.0,0.0,0.005360134003350084
ecb/speech/ecb_2025-09-01_speech_christine_lagarde_e3886228.txt,ECB,Eurozone,speech,Christine Lagarde,2025-09-01,2025,3,2025-Q3,80,1439,17.9875,0.23500352858151025,4.227125970359916,-0.0006949270326615705,0.0,0.0,0.0,0.0006949270326615705,0.0,0.0,0.0
ecb/speech/ecb_2025-09-03_speech_christine_lagarde_1ffd4591.txt,ECB,Eurozone,speech,Christine Lagarde,2025-09-03,2025,3,2025-Q3,92,1497,16.27173913043478,0.1956521739130435,3.183601134215501,0.0,0.0,0.0,0.0,0.0,0.0,-0.0006680026720106881,-0.008684034736138945
ecb/speech/ecb_2025-09-04_speech_piero_cipollone_9be6a74f.txt,ECB,Eurozone,speech,Piero Cipollone,2025-09-04,2025,3,2025-Q3,122,2470,20.24590163934426,0.2271779908295123,4.599423256958159,0.0,0.0,0.0,0.0,0.0,0.0,0.0,0.0016194331983805667
ecb/speech/ecb_2025-09-10_speech_claudia_buch_496ab2ab.txt,ECB,Eurozone,speech,Claudia Buch,2025-09-10,2025,3,2025-Q3,163,3137,19.245398773006134,0.30332225913621264,5.837557833805515,0.0,0.0,0.001912655403251514,0.0,0.0,0.0,0.0,0.005419190309212623
ecb/speech/ecb_2025-09-15_speech_christine_lagarde_4b51e43b.txt,ECB,Eurozone,speech,Christine Lagarde,2025-09-15,2025,3,2025-Q3,160,2521,15.75625,0.21193415637860083,3.339287551440329,0.0,0.0,0.0019833399444664813,0.0,-0.0003966679888932963,0.0,0.0,-0.002380007933359778
ecb/speech/ecb_2025-09-17_speech_christine_lagarde_3f13d1bf.txt,ECB,Eurozone,speech,Christine Lagarde,2025-09-17,2025,3,2025-Q3,77,1183,15.363636363636363,0.2529043789097408,3.8855309123405637,0.0,0.0,0.0,0.0,-0.0008453085376162299,0.0,0.0,0.0008453085376162299
ecb/speech/ecb_2025-09-17_speech_piero_cipollone_30ea36dc.txt,ECB,Eurozone,speech,Piero Cipollone,2025-09-17,2025,3,2025-Q3,244,3976,16.295081967213115,0.24900977026670187,4.057634617132814,-0.0005030181086519115,0.0,0.0,0.0,-0.0012575452716297787,-0.00025150905432595576,0.0,-0.0030181086519114686
ecb/speech/ecb_2025-09-26_speech_piero_cipollone_e2c08977.txt,ECB,Eurozone,speech,Piero Cipollone,2025-09-26,2025,3,2025-Q3,307,4863,15.840390879478827,0.227776570310802,3.608069906910196,0.0,0.0,0.00020563438206868187,0.0,-0.00020563438206868187,0.0,0.0,0.001850709438618137
ecb/speech/ecb_2025-09-29_speech_piero_cipollone_c4649c4e.txt,ECB,Eurozone,speech,Piero Cipollone,2025-09-29,2025,3,2025-Q3,156,2437,15.621794871794872,0.2295786758383491,3.586430980884979,0.0004103405826836274,0.0,0.0,0.0,0.0,0.0,0.0,0.002872384078785392
ecb/speech/ecb_2025-09-30_speech_christine_lagarde_3be78b96.txt,ECB,Eurozone,speech,Christine Lagarde,2025-09-30,2025,3,2025-Q3,134,2555,19.067164179104477,0.20285714285714285,3.8679104477611936,-0.007436399217221135,0.0,0.0003913894324853229,0.0,-0.005870841487279843,0.0,0.0,-0.0011741682974559687
ecb/speech/ecb_2025-09-30_speech_piero_cipollone_4223c793.txt,ECB,Eurozone,speech,Piero Cipollone,2025-09-30,2025,3,2025-Q3,93,1938,20.838709677419356,0.22016348773841962,4.587923002549003,0.0,0.0,0.0005159958720330237,0.0,-0.0005159958720330237,0.0,0.0,-0.0020639834881320948
ecb/speech/ecb_2025-10-01_speech_frank_elderson_762c70e5.txt,ECB,Eurozone,speech,Frank Elderson,2025-10-01,2025,4,2025-Q4,187,3716,19.871657754010695,0.21765209940017138,4.325108028722122,0.0,0.00026910656620021526,0.0,0.0,0.0,0.0,0.0,-0.006996770721205597
ecb/speech/ecb_2025-10-03_speech_christine_lagarde_e13fc5e3.txt,ECB,Eurozone,speech,Christine Lagarde,2025-10-03,2025,4,2025-Q4,164,2816,17.170731707317074,0.2356711915535445,4.046646801309643,-0.0024857954545454545,-0.0007102272727272727,0.0,0.0,0.0,-0.0003551136363636364,0.0,-0.0031960227272727275
ecb/speech/ecb_2025-10-03_speech_isabel_schnabel_4b7168f3.txt,ECB,Eurozone,speech,Isabel Schnabel,2025-10-03,2025,4,2025-Q4,201,3635,18.084577114427862,0.24008168028004667,4.341775660785919,0.0,-0.0005502063273727648,0.0002751031636863824,0.0,-0.001375515818431912,-0.0002751031636863824,0.0,0.0038514442916093533
ecb/speech/ecb_2025-10-06_speech_christine_lagarde_59693ee2.txt,ECB,Eurozone,speech,Christine Lagarde,2025-10-06,2025,4,2025-Q4,90,1683,18.7,0.22844827586206898,4.271982758620689,-0.0059417706476530005,0.0005941770647653001,0.0,0.0011883541295306002,-0.0041592394533571005,0.0005941770647653001,0.0005941770647653001,0.008318478906714201
ecb/speech/ecb_2025-10-06_speech_philip_r_lane_d28c5711.txt,ECB,Eurozone,speech,Philip R Lane,2025-10-06,2025,4,2025-Q4,146,3954,27.08219178082192,0.26296197819728795,7.121586724603264,-0.022508851795649976,0.0005058168942842691,0.00025290844714213456,0.0007587253414264037,-0.0032878098128477492,-0.00025290844714213456,0.0,-0.006322711178553364
ecb/speech/ecb_2025-10-07_speech_christine_lagarde_69ca3c4d.txt,ECB,Eurozone,speech,Christine Lagarde,2025-10-07,2025,4,2025-Q4,128,2390,18.671875,0.18355806872553285,3.4273733144845586,0.0,0.0,0.0,0.0,-0.0008368200836820083,0.0,0.0,0.0020920502092050207
ecb/speech/ecb_2025-10-13_speech_claudia_buch_f8559438.txt,ECB,Eurozone,speech,Claudia Buch,2025-10-13,2025,4,2025-Q4,115,1763,15.330434782608696,0.24924196482716798,3.8209876868721495,0.0,0.0,0.0,0.0,-0.0028360748723766306,0.0,0.0,-0.003403289846851957
ecb/speech/ecb_2025-10-15_speech_luis_de_guindos_62e0af20.txt,ECB,Eurozone,speech,Luis de Guindos,2025-10-15,2025,4,2025-Q4,71,1474,20.760563380281692,0.23225361819434873,4.821715960823522,-0.0006784260515603799,0.0,0.0,0.0,-0.0013568521031207597,-0.0006784260515603799,0.0,0.008141112618724558
ecb/speech/ecb_2025-10-18_speech_christine_lagarde_4850ffb9.txt,ECB,Eurozone,speech,Christine Lagarde,2025-10-18,2025,4,2025-Q4,92,1705,18.532608695652176,0.18807060255629945,3.4854388843314195,0.0,0.0,0.0005865102639296188,0.0,-0.0017595307917888563,0.0,0.0,-0.0011730205278592375
ecb/speech/ecb_2025-10-21_speech_philip_r_lane_5b72df38.txt,ECB,Eurozone,speech,Philip R Lane,2025-10-21,2025,4,2025-Q4,428,8300,19.39252336448598,0.23444854344231014,4.546548856474706,-0.0012048192771084338,0.0,0.00012048192771084337,0.0,-0.005421686746987952,0.0,-0.00024096385542168674,-0.0061445783132530124
ecb/speech/ecb_2025-10-22_speech_claudia_buch_d4ac0435.txt,ECB,Eurozone,speech,Claudia Buch,2025-10-22,2025,4,2025-Q4,323,5011,15.513931888544892,0.2702874049027895,4.1932203899934315,0.0,0.0,0.0,0.0,-0.0003991219317501497,0.0,0.0,-0.01157453602075434
ecb/speech/ecb_2025-10-27_speech_frank_elderson_051bc440.txt,ECB,Eurozone,speech,Frank Elderson,2025-10-27,2025,4,2025-Q4,131,2951,22.52671755725191,0.25704347826086954,5.79034583471623,0.0,0.0,0.0,0.0,0.0020332090816672314,0.0,0.0,0.0016943409013893595
ecb/speech/ecb_2025-10-29_speech_christine_lagarde_b5ae554b.txt,ECB,Eurozone,speech,Christine Lagarde,2025-10-29,2025,4,2025-Q4,49,949,19.367346938775512,0.18230277185501065,3.530721030416431,0.0,0.0,0.0,0.0,0.0,0.0,0.0,0.002107481559536354
ecb/speech/ecb_2025-10-30_speech_christine_lagarde_528a749f.txt,ECB,Eurozone,speech,Christine Lagarde,2025-10-30,2025,4,2025-Q4,76,1562,20.55263157894737,0.22766379880873594,4.679090180779547,-0.016005121638924456,0.0006402048655569782,0.0006402048655569782,0.0012804097311139564,-0.004481434058898848,0.0019206145966709346,0.0,0.005121638924455826
ecb/speech/ecb_2025-11-04_speech_dimitar_radev_9f75a7ef.txt,ECB,Eurozone,speech,Dimitar Radev,2025-11-04,2025,4,2025-Q4,23,487,21.17391304347826,0.22520661157024793,4.7685052102048155,0.0,0.0,0.0,0.0,-0.002053388090349076,0.0,0.0,0.004106776180698152
ecb/speech/ecb_2025-11-06_speech_isabel_schnabel_7a87d532.txt,ECB,Eurozone,speech,Isabel Schnabel,2025-11-06,2025,4,2025-Q4,232,5044,21.74137931034483,0.23665073758570537,5.145113449923699,0.0003965107057890563,0.0,0.0,0.0,-0.0009912767644726407,0.0,0.00019825535289452815,-0.0017842981760507533
ecb/speech/ecb_2025-11-07_speech_john_c_williams_b8ef46b0.txt,ECB,Eurozone,speech,John C Williams,2025-11-07,2025,4,2025-Q4,102,2563,25.127450980392158,0.19442198868229588,4.885328990124749,0.0,0.0,0.0,0.0,-0.0011705033164260631,0.0,0.0,-0.0007803355442840422
ecb/speech/ecb_2025-11-13_speech_claudia_buch_d82e4799.txt,ECB,Eurozone,speech,Claudia Buch,2025-11-13,2025,4,2025-Q4,262,4054,15.473282442748092,0.27244258872651356,4.215581124798802,-0.000246669955599408,-0.000246669955599408,0.0,0.0,-0.00246669955599408,0.0,0.0,-0.008386778490379871
ecb/speech/ecb_2025-11-14_speech_frank_elderson_a5e9e9e3.txt,ECB,Eurozone,speech,Frank Elderson,2025-11-14,2025,4,2025-Q4,228,4318,18.93859649122807,0.24284327996118388,4.599110889791192,-0.0002315886984715146,0.0004631773969430292,0.0004631773969430292,0.0,0.0,0.0,0.0,0.007642427049559981
ecb/speech/ecb_2025-11-17_speech_luis_de_guindos_b223c289.txt,ECB,Eurozone,speech,Luis de Guindos,2025-11-17,2025,4,2025-Q4,54,1269,23.5,0.23349436392914655,5.487117552334944,-0.0015760441292356187,0.0,0.0007880220646178094,0.0,-0.005516154452324665,0.0,0.0,-0.006304176516942475
ecb/speech/ecb_2025-11-17_speech_piero_cipollone_cca62e2f.txt,ECB,Eurozone,speech,Piero Cipollone,2025-11-17,2025,4,2025-Q4,150,2969,19.793333333333333,0.20355524573021958,4.029036830486813,0.0,0.0,0.0,0.0,0.0,0.0,0.0,0.001684068710003368
ecb/speech/ecb_2025-11-19_speech_claudia_buch_570829b3.txt,ECB,Eurozone,speech,Claudia Buch,2025-11-19,2025,4,2025-Q4,315,5932,18.831746031746032,0.25116279069767444,4.72983388704319,0.0,0.0006743088334457181,-0.00016857720836142953,0.0,0.0,0.0,0.0,-0.00033715441672285906
ecb/speech/ecb_2025-11-22_speech_christine_lagarde_c650cea4.txt,ECB,Eurozone,speech,Christine Lagarde,2025-11-22,2025,4,2025-Q4,136,2324,17.08823529411765,0.21347806422433288,3.647963391598159,-0.0025817555938037868,-0.0004302925989672978,0.0008605851979345956,0.0,-0.0008605851979345956,0.0,0.0,0.013769363166953529
ecb/speech/ecb_2025-11-24_speech_christine_lagarde_fa8e81cf.txt,ECB,Eurozone,speech,Christine Lagarde,2025-11-24,2025,4,2025-Q4,121,1761,14.553719008264462,0.2072879330943847,3.0168103320595985,0.0,0.001135718341851221,0.005110732538330494,0.0,0.0,0.0,0.0,0.009085746734809767
ecb/speech/ecb_2025-12-03_speech_christine_lagarde_db9e301c.txt,ECB,Eurozone,speech,Christine Lagarde,2025-12-03,2025,4,2025-Q4,67,1510,22.53731343283582,0.30284130284130284,6.825229362542795,-0.005298013245033113,0.0,0.0006622516556291391,0.0013245033112582781,-0.0026490066225165563,0.0,0.0,0.005298013245033113
ecb/speech/ecb_2025-12-03_speech_philip_r_lane_c8d659a5.txt,ECB,Eurozone,speech,Philip R Lane,2025-12-03,2025,4,2025-Q4,192,4589,23.901041666666668,0.25777470628887356,6.161083995623129,-0.0169971671388102,0.00043582479843103073,0.0,0.0,-0.0008716495968620615,0.0008716495968620615,0.0,-0.0032686859882327304
ecb/speech/ecb_2025-12-08_speech_piero_cipollone_cba0091a.txt,ECB,Eurozone,speech,Piero Cipollone,2025-12-08,2025,4,2025-Q4,351,6612,18.837606837606838,0.23233270794246405,4.376592207736674,0.0,0.0,0.00030248033877797946,0.0,-0.00015124016938898973,0.0,0.0,0.002117362371445856
ecb/speech/ecb_2025-12-09_speech_claudia_buch_8e415d8b.txt,ECB,Eurozone,speech,Claudia Buch,2025-12-09,2025,4,2025-Q4,251,4246,16.916334661354583,0.2785276073619632,4.711666218561338,0.0,0.0,0.0004710315591144607,0.0,-0.001413094677343382,0.0,0.0,-0.004945831370701837
ecb/speech/ecb_2025-12-19_speech_piero_cipollone_dcbf05ff.txt,ECB,Eurozone,speech,Piero Cipollone,2025-12-19,2025,4,2025-Q4,152,2747,18.07236842105263,0.22034534534534533,3.982162260945155,0.0,0.0,0.00036403349108117945,0.0,0.0,0.0,0.0,0.0018201674554058974
fed/minutes/fed_2020-01-29_minutes_fomc_9c49edb6.txt,Fed,US,minutes,FOMC,2020-01-29,2020,1,2020-Q1,91,2798,30.747252747252748,0.28315674095725246,8.706291881301016,-0.01250893495353824,0.001072194424588992,0.0,0.00035739814152966406,-0.0014295925661186562,0.0007147962830593281,0.0,0.002144388849177984
fed/minutes/fed_2020-03-15_minutes_fomc_4b4aad4c.txt,Fed,US,minutes,FOMC,2020-03-15,2020,1,2020-Q1,265,6365,24.0188679245283,0.2574869791666667,6.184545744889937,-0.003927729772191673,0.0007855459544383347,0.0,0.00015710919088766692,-0.0028279654359780046,0.0007855459544383347,-0.00031421838177533385,-0.0050274941084053415
fed/minutes/fed_2020-04-29_minutes_fomc_8b64fc37.txt,Fed,US,minutes,FOMC,2020-04-29,2020,2,2020-Q2,238,5916,24.857142857142858,0.2709666263185198,6.735456139917493,-0.003211629479377958,0.0011832319134550372,0.0,-0.0010141987829614604,-0.0030425963488843813,0.0,-0.00016903313049357674,-0.002028397565922921
fed/minutes/fed_2020-06-10_minutes_fomc_71fca2c7.txt,Fed,US,minutes,FOMC,2020-06-10,2020,2,2020-Q2,279,7826,28.050179211469533,0.2609724047306176,7.3203227219419835,-0.004600051111679018,0.0002555583950932788,0.0,-0.0002555583950932788,-0.0010222335803731152,0.0008944543828264759,-0.0001277791975466394,-0.0020444671607462305
fed/minutes/fed_2020-07-29_minutes_fomc_f7bd572e.txt,Fed,US,minutes,FOMC,2020-07-29,2020,3,2020-Q3,166,3810,22.951807228915662,0.2479071023494464,5.689916023803559,-0.0034120734908136482,0.0010498687664041995,0.0,0.0,-0.001837270341207349,0.0,0.0,-0.0010498687664041995
fed/minutes/fed_2020-09-16_minutes_fomc_cbe6c409.txt,Fed,US,minutes,FOMC,2020-09-16,2020,3,2020-Q3,239,5601,23.435146443514643,0.26784726065301606,6.277039777897669,-0.006070344581324764,0.0007141581860382074,0.0,0.0,-0.001249776825566863,0.002321014104624174,0.0,0.0033922513836814857
fed/minutes/fed_2020-11-05_minutes_fomc_6cc53b2f.txt,Fed,US,minutes,FOMC,2020-11-05,2020,4,2020-Q4,311,8068,25.942122186495176,0.27504761904761904,7.135318940437911,-0.004709965294992563,0.0006197322756569162,0.00012394645513138323,-0.00012394645513138323,-0.0026028755577590483,0.002726822012890431,0.0,-0.0011155180961824492
fed/minutes/fed_2020-12-16_minutes_fomc_a377d994.txt,Fed,US,minutes,FOMC,2020-12-16,2020,4,2020-Q4,198,4935,24.924242424242426,0.2706576728499157,6.745937452092597,-0.006281661600810537,0.0008105369807497467,0.0,-0.00020263424518743666,-0.0022289766970618034,0.002026342451874367,0.00020263424518743666,0.0006079027355623101
fed/minutes/fed_2021-01-27_minutes_fomc_6ab6b4f0.txt,Fed,US,minutes,FOMC,2021-01-27,2021,1,2021-Q1,226,5489,24.287610619469028,0.26169811320754716,6.3560218734346305,-0.006740754235744216,0.0016396429222080525,0.0,-0.00018218254691200583,-0.0009109127345600292,0.0018218254691200583,0.0,0.001093095281472035
fed/minutes/fed_2021-03-17_minutes_fomc_aefb7bff.txt,Fed,US,minutes,FOMC,2021-03-17,2021,1,2021-Q1,223,5756,25.81165919282511,0.2607066381156317,6.729270892347875,-0.004864489228630994,0.001389854065323141,0.0,-0.00017373175816539263,-0.0012161223071577485,0.0020847810979847115,0.0,0.002779708130646282
fed/minutes/fed_2021-04-28_minutes_fomc_1f768cf4.txt,Fed,US,minutes,FOMC,2021-04-28,2021,2,2021-Q2,207,5032,24.309178743961354,0.27561475409836067,6.699968321850005,-0.0043720190779014305,0.0009936406995230524,0.0001987281399046105,-0.0001987281399046105,-0.000397456279809221,0.0023847376788553257,0.0,0.000794912559618442
fed/minutes/fed_2021-06-16_minutes_fomc_fcee5422.txt,Fed,US,minutes,FOMC,2021-06-16,2021,2,2021-Q2,239,5783,24.196652719665273,0.2561909852128986,6.198964299105409,-0.007954348953830192,0.0013833650354487291,0.0,0.0,-0.0006916825177243646,0.0022479681826041847,0.0,0.0044959363652083695
fed/minutes/fed_2021-07-28_minutes_fomc_80075d02.txt,Fed,US,minutes,FOMC,2021-07-28,2021,3,2021-Q3,296,8071,27.26689189189189,0.2626751592356688,7.16233516956447,-0.008177425350018586,0.0008673026886383347,0.0,0.00037170115227357206,-0.0008673026886383347,0.0021063065295502414,0.0,0.00037170115227357206
fed/minutes/fed_2021-09-22_minutes_fomc_837e902e.txt,Fed,US,minutes,FOMC,2021-09-22,2021,3,2021-Q3,203,5245,25.83743842364532,0.25102961364973525,6.4859621851865095,-0.00877025738798856,0.0017159199237368923,0.0,0.0007626310772163965,-0.0005719733079122975,0.001334604385128694,0.0,0.004957102001906578
fed/minutes/fed_2021-11-03_minutes_fomc_bb3b8aaa.txt,Fed,US,minutes,FOMC,2021-11-03,2021,4,2021-Q4,133,3166,23.804511278195488,0.2517985611510791,5.993941688754259,-0.006948831332912192,0.0022109917877447885,0.0,0.0003158559696778269,-0.0006317119393556538,0.0015792798483891346,0.0,0.004737839545167404
fed/minutes/fed_2021-12-15_minutes_fomc_20d2bf17.txt,Fed,US,minutes,FOMC,2021-12-15,2021,4,2021-Q4,175,4120,23.542857142857144,0.25824175824175827,6.079748822605967,-0.00703883495145631,0.0012135922330097086,0.0,0.0,-0.000970873786407767,0.002912621359223301,0.0,0.004368932038834952
fed/minutes/fed_2022-01-26_minutes_fomc_01aaf266.txt,Fed,US,minutes,FOMC,2022-01-26,2022,1,2022-Q1,47,1109,23.595744680851062,0.22437673130193905,5.294336064124477,-0.0018034265103697023,0.0,0.0,0.0009017132551848512,0.0,0.0009017132551848512,0.0,-0.0009017132551848512
fed/minutes/fed_2022-03-16_minutes_fomc_7c9a49bb.txt,Fed,US,minutes,FOMC,2022-03-16,2022,1,2022-Q1,207,5455,26.352657004830917,0.2630488034671189,6.932034893300162,-0.008249312557286892,0.001466544454628781,0.0,0.00036663611365719525,-0.002749770852428964,0.00036663611365719525,-0.00018331805682859762,-0.0016498625114573786
fed/minutes/fed_2022-05-04_minutes_fomc_65dafa8f.txt,Fed,US,minutes,FOMC,2022-05-04,2022,2,2022-Q2,119,2657,22.327731092436974,0.24316939890710382,5.429420948707351,-0.00639819345126082,0.0011290929619872036,0.0,0.0,-0.0015054572826496049,0.0007527286413248024,0.0,-0.0007527286413248024
fed/minutes/fed_2022-06-15_minutes_fomc_57d05191.txt,Fed,US,minutes,FOMC,2022-06-15,2022,2,2022-Q2,267,6879,25.764044943820224,0.25605019420376457,6.596888711339687,-0.012501817124582062,0.0027620293647332463,0.00014536996656490768,0.001017589765954354,-0.002035179531908708,-0.0005814798662596307,-0.00029073993312981537,0.0007268498328245384
fed/minutes/fed_2022-07-27_minutes_fomc_249d4a63.txt,Fed,US,minutes,FOMC,2022-07-27,2022,3,2022-Q3,216,5414,25.064814814814813,0.2656693807990911,6.658953831695737,-0.012005910602142593,0.0012929442186922792,0.0,0.0007388252678241596,-0.0025858884373845584,-0.0007388252678241596,-0.0005541189508681197,0.002031769486516439
fed/minutes/fed_2022-09-21_minutes_fomc_df14263a.txt,Fed,US,minutes,FOMC,2022-09-21,2022,3,2022-Q3,114,2623,23.00877192982456,0.25295043273013373,5.820078816238077,-0.010293556995806329,0.002287457110179184,0.0,0.0007624857033930614,-0.002668699961875715,-0.001143728555089592,-0.0003812428516965307,0.0015249714067861228
fed/minutes/fed_2022-11-02_minutes_fomc_d6ea8a9b.txt,Fed,US,minutes,FOMC,2022-11-02,2022,4,2022-Q4,121,2587,21.380165289256198,0.27497015519299645,5.878907367638693,-0.010436799381522999,0.001932740626207963,0.0,0.00038654812524159255,-0.005025125628140704,-0.002705836876691148,-0.00038654812524159255,-0.006184770003865481
fed/minutes/fed_2022-12-14_minutes_fomc_cce24a76.txt,Fed,US,minutes,FOMC,2022-12-14,2022,4,2022-Q4,111,2579,23.234234234234233,0.2601040416166467,6.043318228192178,-0.016673129119813883,0.00038774718883288094,0.0,0.0011632415664986429,-0.0019387359441644049,-0.0011632415664986429,0.0,0.0
fed/minutes/fed_2023-02-01_minutes_fomc_9c0db3ed.txt,Fed,US,minutes,FOMC,2023-02-01,2023,1,2023-Q1,132,3291,24.931818181818183,0.27060653188180406,6.746712851689525,-0.010635065329687025,0.002430872075357034,0.0,0.00030385900941962927,-0.001215436037678517,-0.0018231540565177757,-0.00030385900941962927,0.003950167122455181
fed/minutes/fed_2023-03-22_minutes_fomc_3b302609.txt,Fed,US,minutes,FOMC,2023-03-22,2023,1,2023-Q1,109,2486,22.807339449541285,0.24584717607973422,5.607119997561645,-0.013676588897827836,0.0012067578439259854,0.0,0.00040225261464199515,-0.002011263073209976,-0.0016090104585679806,0.0,0.0028157683024939663
fed/minutes/fed_2023-05-03_minutes_fomc_f66c5710.txt,Fed,US,minutes,FOMC,2023-05-03,2023,2,2023-Q2,58,1328,22.896551724137932,0.24728682170542635,5.662015503875969,-0.012801204819277108,0.002259036144578313,0.0,0.0007530120481927711,-0.0030120481927710845,-0.002259036144578313,-0.0015060240963855422,0.0030120481927710845
fed/minutes/fed_2023-06-14_minutes_fomc_d99b96f2.txt,Fed,US,minutes,FOMC,2023-06-14,2023,2,2023-Q2,214,5302,24.77570093457944,0.24632068164213788,6.10276754236736,-0.014900037721614485,0.002263296869105998,0.0,0.0007544322897019992,-0.0024519049415314977,-0.0015088645794039985,-0.0001886080724254998,0.004526593738211996
fed/minutes/fed_2023-07-26_minutes_fomc_6790a3fc.txt,Fed,US,minutes,FOMC,2023-07-26,2023,3,2023-Q3,149,3674,24.65771812080537,0.2679319006419202,6.606589281600099,-0.012520413718018509,0.0008165487207403375,0.0,0.00027218290691344586,-0.0024496461622210124,-0.0029940119760479044,-0.0008165487207403375,0.001633097441480675
fed/minutes/fed_2023-09-20_minutes_fomc_6044e335.txt,Fed,US,minutes,FOMC,2023-09-20,2023,3,2023-Q3,102,1987,19.480392156862745,0.23189161021365295,4.517339504848318,-0.011071967790639155,0.004529441368897836,0.0,0.0,-0.0010065425264217413,-0.0005032712632108706,-0.0005032712632108706,0.006542526421741319
fed/minutes/fed_2023-11-01_minutes_fomc_f6f094bb.txt,Fed,US,minutes,FOMC,2023-11-01,2023,4,2023-Q4,216,5013,23.208333333333332,0.265139116202946,6.153436988543372,-0.01097147416716537,0.0023937761819269898,-0.00019948134849391582,0.0005984440454817474,-0.0027927388789148215,-0.0017953321364452424,-0.00019948134849391582,0.0017953321364452424
fed/minutes/fed_2023-12-13_minutes_fomc_6a50d4b9.txt,Fed,US,minutes,FOMC,2023-12-13,2023,4,2023-Q4,204,5068,24.84313725490196,0.2532336297493937,6.291117821421212,-0.013812154696132596,0.002170481452249408,0.0,0.0011838989739542227,-0.001775848460931334,-0.0027624309392265192,0.0,0.006511444356748224
fed/minutes/fed_2024-01-31_minutes_fomc_82d5f1b2.txt,Fed,US,minutes,FOMC,2024-01-31,2024,1,2024-Q1,68,1685,24.779411764705884,0.2202562538133008,5.457820406991351,-0.014243323442136498,0.002967359050445104,0.0,0.0,-0.0005934718100890207,0.0005934718100890207,0.0,0.0035608308605341245
fed/minutes/fed_2024-03-20_minutes_fomc_3b642b50.txt,Fed,US,minutes,FOMC,2024-03-20,2024,1,2024-Q1,113,2741,24.256637168141594,0.23053892215568864,5.592098987864978,-0.006566946369937978,0.0018241517694272164,0.0,0.0,-0.002553812477198103,0.0007296607077708865,0.0,-0.0010944910616563297
fed/minutes/fed_2024-05-01_minutes_fomc_62a73811.txt,Fed,US,minutes,FOMC,2024-05-01,2024,2,2024-Q2,165,4039,24.47878787878788,0.26151898734177215,6.401667817414653,-0.011884129735082941,0.0029710324337707352,0.0002475860361475613,0.0009903441445902451,-0.0019806882891804903,-0.0002475860361475613,-0.0002475860361475613,0.01336964595196831
fed/minutes/fed_2024-06-12_minutes_fomc_dc05f9bf.txt,Fed,US,minutes,FOMC,2024-06-12,2024,2,2024-Q2,126,2525,20.03968253968254,0.22231270358306188,4.4550760043431055,-0.009900990099009901,0.0007920792079207921,0.0,0.0007920792079207921,-0.0031683168316831685,0.0,0.0,0.004356435643564357
fed/minutes/fed_2024-07-31_minutes_fomc_2b33f614.txt,Fed,US,minutes,FOMC,2024-07-31,2024,3,2024-Q3,147,3412,23.210884353741495,0.23376623376623376,5.4259210177577515,-0.008206330597889801,0.0020515826494724504,0.0,0.0,-0.0011723329425556857,0.0005861664712778429,-0.00029308323563892143,0.0029308323563892145
fed/minutes/fed_2024-09-18_minutes_fomc_bf667ac4.txt,Fed,US,minutes,FOMC,2024-09-18,2024,3,2024-Q3,161,3635,22.577639751552795,0.22323462414578588,5.040110924036843,-0.01265474552957359,0.0038514442916093533,0.0,0.0002751031636863824,-0.0016506189821182944,0.0,0.0,0.0038514442916093533
fed/minutes/fed_2024-11-07_minutes_fomc_fb5e4807.txt,Fed,US,minutes,FOMC,2024-11-07,2024,4,2024-Q4,89,1884,21.168539325842698,0.20899616017553482,4.424143435625928,-0.009023354564755838,0.0031847133757961785,0.0,0.0,-0.0021231422505307855,0.0010615711252653928,0.0,0.0010615711252653928
fed/minutes/fed_2024-12-18_minutes_fomc_5af0084c.txt,Fed,US,minutes,FOMC,2024-12-18,2024,4,2024-Q4,144,3261,22.645833333333332,0.23964308476736776,5.4269173571276825,-0.009506286415210058,0.0033731984053971173,0.0,0.0,-0.0015332720024532351,0.0009199632014719411,0.0,0.005213124808341
fed/minutes/fed_2025-01-29_minutes_fomc_a3b9491b.txt,Fed,US,minutes,FOMC,2025-01-29,2025,1,2025-Q1,21,476,22.666666666666668,0.2657952069716776,6.024691358024692,-0.01050420168067227,0.0021008403361344537,0.0,0.0,0.0,0.0,0.0,0.004201680672268907
fed/minutes/fed_2025-03-19_minutes_fomc_3f21f1e9.txt,Fed,US,minutes,FOMC,2025-03-19,2025,1,2025-Q1,100,2364,23.64,0.2507618632999565,5.928010448410971,-0.008460236886632826,0.00338409475465313,0.0,0.00042301184433164127,-0.001692047377326565,0.00042301184433164127,0.0,0.00042301184433164127
fed/minutes/fed_2025-05-07_minutes_fomc_44cda85d.txt,Fed,US,minutes,FOMC,2025-05-07,2025,2,2025-Q2,250,5826,23.304,0.2643171806167401,6.15964757709251,-0.013216615173360797,0.0018880878819086853,0.0,-0.0005149330587023687,-0.004462753175420529,0.00034328870580157915,0.0,-0.0010298661174047373
fed/minutes/fed_2025-06-18_minutes_fomc_cda5f6d8.txt,Fed,US,minutes,FOMC,2025-06-18,2025,2,2025-Q2,168,3433,20.43452380952381,0.2603318250377074,5.3197568771098185,-0.010486454995630643,0.003495484998543548,0.0,0.0,-0.0052432274978153216,0.0,0.0,0.003495484998543548
fed/minutes/fed_2025-07-30_minutes_fomc_7586910a.txt,Fed,US,minutes,FOMC,2025-07-30,2025,3,2025-Q3,156,3361,21.544871794871796,0.24685293214614676,5.318414775276919,-0.009818506396905683,0.0023802439750074383,0.0005950609937518596,0.0,-0.0023802439750074383,0.0005950609937518596,0.0,0.002677774471883368
fed/minutes/fed_2025-09-17_minutes_fomc_ee135c02.txt,Fed,US,minutes,FOMC,2025-09-17,2025,3,2025-Q3,63,1555,24.682539682539684,0.2297476759628154,5.670756128923459,-0.01157556270096463,0.0038585209003215433,0.0,0.0006430868167202572,-0.0006430868167202572,0.0,0.0,0.0012861736334405145
fed/minutes/fed_2025-10-29_minutes_fomc_24cbc01c.txt,Fed,US,minutes,FOMC,2025-10-29,2025,4,2025-Q4,89,2052,23.0561797752809,0.2504980079681275,5.775527105062895,-0.00682261208576998,0.00341130604288499,0.0004873294346978557,0.0,-0.0024366471734892786,-0.0004873294346978557,0.0,0.004873294346978557
fed/minutes/fed_2025-12-10_minutes_fomc_49246c26.txt,Fed,US,minutes,FOMC,2025-12-10,2025,4,2025-Q4,76,2293,30.17105263157895,0.2571047957371226,7.7571223240160805,-0.0026166593981683385,0.0008722197993894462,0.0004361098996947231,0.0,-0.002180549498473615,0.0004361098996947231,0.0,-0.0013083296990841692
fed/policy_statement/fed_2020-01-29_policy_statement_federal_reserve_d87886d9.txt,Fed,US,policy_statement,Federal Reserve,2020-01-29,2020,1,2020-Q1,1,18,18.0,0.125,2.25,0.0,0.0,0.0,0.0,0.0,0.0,0.0,0.0
fed/policy_statement/fed_2020-03-03_policy_statement_federal_reserve_c0be1ae3.txt,Fed,US,policy_statement,Federal Reserve,2020-03-03,2020,1,2020-Q1,1,26,26.0,0.08695652173913043,2.260869565217391,0.0,0.0,0.0,0.0,0.0,0.0,0.0,0.0
fed/policy_statement/fed_2020-03-15_policy_statement_federal_reserve_6f690dd8.txt,Fed,US,policy_statement,Federal Reserve,2020-03-15,2020,1,2020-Q1,20,403,20.15,0.21994884910485935,4.431969309462915,0.0,0.0,0.0,0.0024813895781637717,0.0,0.0,0.0,0.004962779156327543
fed/policy_statement/fed_2020-03-23_policy_statement_federal_reserve_fb90e47e.txt,Fed,US,policy_statement,Federal Reserve,2020-03-23,2020,1,2020-Q1,24,485,20.208333333333332,0.2532188841201717,5.1171316165951355,0.002061855670103093,0.0,0.0,0.0,0.0,0.0,0.0,-0.002061855670103093
fed/policy_statement/fed_2020-03-31_policy_statement_federal_reserve_6c26b91c.txt,Fed,US,policy_statement,Federal Reserve,2020-03-31,2020,1,2020-Q1,17,260,15.294117647058824,0.242914979757085,3.7151702786377707,0.0,0.0,0.0,0.0,0.0,0.0,0.0,0.0
fed/policy_statement/fed_2020-04-29_policy_statement_federal_reserve_80c3af5b.txt,Fed,US,policy_statement,Federal Reserve,2020-04-29,2020,2,2020-Q2,25,428,17.12,0.2744630071599045,4.698806682577565,-0.009345794392523364,0.0,0.0,-0.002336448598130841,0.0,0.0,0.0,-0.002336448598130841
fed/policy_statement/fed_2020-06-10_policy_statement_federal_reserve_51cad8ba.txt,Fed,US,policy_statement,Federal Reserve,2020-06-10,2020,2,2020-Q2,7,203,29.0,0.25125628140703515,7.2864321608040195,-0.0049261083743842365,0.0,0.0,0.0,0.0,0.0,0.0,0.009852216748768473
fed/policy_statement/fed_2020-07-29_policy_statement_federal_reserve_ad46c3a1.txt,Fed,US,policy_statement,Federal Reserve,2020-07-29,2020,3,2020-Q3,26,452,17.384615384615383,0.2595936794582393,4.512936273658621,-0.008849557522123894,0.0,0.0,0.0,0.0,0.0,0.0,0.0
fed/policy_statement/fed_2020-08-27_policy_statement_federal_reserve_f80c522d.txt,Fed,US,policy_statement,Federal Reserve,2020-08-27,2020,3,2020-Q3,12,517,43.083333333333336,0.25851703406813625,11.137775551102203,-0.007736943907156673,0.0,0.0,0.0019342359767891683,0.0019342359767891683,0.0,0.0,0.0038684719535783366
fed/policy_statement/fed_2020-09-16_policy_statement_federal_reserve_5d018fdd.txt,Fed,US,policy_statement,Federal Reserve,2020-09-16,2020,3,2020-Q3,27,556,20.59259259259259,0.23191094619666047,4.7756476327904895,-0.01618705035971223,0.0,0.0,0.0,0.0,0.0035971223021582736,0.0,0.0
fed/policy_statement/fed_2020-11-05_policy_statement_federal_reserve_8a42b82b.txt,Fed,US,policy_statement,Federal Reserve,2020-11-05,2020,4,2020-Q4,28,467,16.678571428571427,0.23620309050772628,3.9395301166824344,-0.019271948608137045,0.0,0.0,0.0,0.0,0.006423982869379015,0.0,-0.004282655246252677
fed/policy_statement/fed_2020-12-16_policy_statement_federal_reserve_1ff8fb30.txt,Fed,US,policy_statement,Federal Reserve,2020-12-16,2020,4,2020-Q4,27,488,18.074074074074073,0.24680851063829787,4.460835303388494,-0.01639344262295082,0.0,0.0,0.0,0.0,0.006147540983606557,0.0,-0.004098360655737705
fed/policy_statement/fed_2021-01-27_policy_statement_federal_reserve_f21f1b6e.txt,Fed,US,policy_statement,Federal Reserve,2021-01-27,2021,1,2021-Q1,29,489,16.862068965517242,0.25792811839323465,4.349201720492819,-0.016359918200409,0.0,0.0,0.0,0.0,0.006134969325153374,0.0,-0.006134969325153374
fed/policy_statement/fed_2021-03-17_policy_statement_federal_reserve_7982686a.txt,Fed,US,policy_statement,Federal Reserve,2021-03-17,2021,1,2021-Q1,30,490,16.333333333333332,0.2632696390658174,4.30007077140835,-0.0163265306122449,0.0,0.0,0.0,0.0,0.006122448979591836,0.0,-0.004081632653061225
fed/policy_statement/fed_2021-04-28_policy_statement_federal_reserve_2ef5aea3.txt,Fed,US,policy_statement,Federal Reserve,2021-04-28,2021,2,2021-Q2,31,486,15.67741935483871,0.25427350427350426,3.986352357320099,-0.01440329218106996,0.0,0.0,0.0,0.0,0.006172839506172839,0.0,-0.00205761316872428
fed/policy_statement/fed_2021-06-16_policy_statement_federal_reserve_f3d69916.txt,Fed,US,policy_statement,Federal Reserve,2021-06-16,2021,2,2021-Q2,31,484,15.612903225806452,0.24678111587982832,3.8529696801882873,-0.014462809917355372,0.0,0.0,0.0,0.0,0.006198347107438017,0.0,-0.002066115702479339
fed/policy_statement/fed_2021-07-28_policy_statement_federal_reserve_b9d5c0c5.txt,Fed,US,policy_statement,Federal Reserve,2021-07-28,2021,3,2021-Q3,3,71,23.666666666666668,0.2463768115942029,5.830917874396135,0.0,0.0,0.0,0.0,0.0,0.014084507042253521,0.0,0.0
fed/policy_statement/fed_2021-09-22_policy_statement_federal_reserve_a0f37f4d.txt,Fed,US,policy_statement,Federal Reserve,2021-09-22,2021,3,2021-Q3,32,515,16.09375,0.25553319919517103,4.112487424547284,-0.013592233009708738,0.0,0.0,0.0,0.0,0.005825242718446602,0.0,0.001941747572815534
fed/policy_statement/fed_2021-11-03_policy_statement_federal_reserve_db8e713f.txt,Fed,US,policy_statement,Federal Reserve,2021-11-03,2021,4,2021-Q4,35,626,17.885714285714286,0.2574750830564784,4.605125771238728,-0.01597444089456869,0.0,0.0,0.0,0.0,0.004792332268370607,0.0,0.0
fed/policy_statement/fed_2021-12-15_policy_statement_federal_reserve_5f3184d2.txt,Fed,US,policy_statement,Federal Reserve,2021-12-15,2021,4,2021-Q4,33,531,16.09090909090909,0.25775193798449614,4.147463002114165,-0.011299435028248588,0.0,0.0,0.0,0.0,0.003766478342749529,0.0,0.0018832391713747645
fed/policy_statement/fed_2022-01-26_policy_statement_federal_reserve_48f35482.txt,Fed,US,policy_statement,Federal Reserve,2022-01-26,2022,1,2022-Q1,27,439,16.25925925925926,0.25,4.064814814814815,-0.01366742596810934,0.0,0.0,0.002277904328018223,0.0,0.004555808656036446,0.0,0.004555808656036446
fed/policy_statement/fed_2022-03-16_policy_statement_federal_reserve_89d32862.txt,Fed,US,policy_statement,Federal Reserve,2022-03-16,2022,1,2022-Q1,23,356,15.478260869565217,0.24057971014492754,3.723755513547574,-0.016853932584269662,0.0,0.0,0.0,-0.0028089887640449437,0.0,0.0,0.0
fed/policy_statement/fed_2022-05-04_policy_statement_federal_reserve_212be897.txt,Fed,US,policy_statement,Federal Reserve,2022-05-04,2022,2,2022-Q2,2,149,74.5,0.23776223776223776,17.713286713286713,-0.020134228187919462,0.0,0.0,0.0,-0.006711409395973154,0.0,0.0,0.0
fed/policy_statement/fed_2022-06-15_policy_statement_federal_reserve_8403fa25.txt,Fed,US,policy_statement,Federal Reserve,2022-06-15,2022,2,2022-Q2,2,77,38.5,0.18309859154929578,7.049295774647888,-0.012987012987012988,0.0,0.0,0.0,0.0,0.0,0.0,0.0
fed/policy_statement/fed_2022-07-27_policy_statement_federal_reserve_d13adaa3.txt,Fed,US,policy_statement,Federal Reserve,2022-07-27,2022,3,2022-Q3,1,121,121.0,0.27350427350427353,33.0940170940171,-0.024793388429752067,0.0,0.0,0.0,0.0,0.0,0.0,0.0
fed/policy_statement/fed_2022-09-21_policy_statement_federal_reserve_76dc9671.txt,Fed,US,policy_statement,Federal Reserve,2022-09-21,2022,3,2022-Q3,19,205,10.789473684210526,0.2376237623762376,2.5638353309015107,-0.01951219512195122,0.0,0.0,0.0,0.0,0.0,0.0,-0.004878048780487805
fed/policy_statement/fed_2022-11-02_policy_statement_federal_reserve_e7282734.txt,Fed,US,policy_statement,Federal Reserve,2022-11-02,2022,4,2022-Q4,15,137,9.133333333333333,0.20300751879699247,1.8541353383458645,-0.014598540145985401,0.0,0.0,0.0,0.0,-0.0072992700729927005,0.0,0.0
fed/policy_statement/fed_2022-12-14_policy_statement_federal_reserve_83052282.txt,Fed,US,policy_statement,Federal Reserve,2022-12-14,2022,4,2022-Q4,4,84,21.0,0.22784810126582278,4.784810126582278,-0.03571428571428571,0.0,0.0,0.0,0.0,-0.011904761904761904,0.0,0.0
fed/policy_statement/fed_2023-02-01_policy_statement_federal_reserve_dffb98e8.txt,Fed,US,policy_statement,Federal Reserve,2023-02-01,2023,1,2023-Q1,5,110,22.0,0.2523364485981308,5.551401869158878,-0.01818181818181818,0.0,0.0,0.0,0.0,-0.00909090909090909,0.0,0.0
fed/policy_statement/fed_2023-03-22_policy_statement_federal_reserve_b88e20b8.txt,Fed,US,policy_statement,Federal Reserve,2023-03-22,2023,1,2023-Q1,8,153,19.125,0.24161073825503357,4.620805369127517,-0.0196078431372549,0.0,0.0,0.0,-0.006535947712418301,-0.006535947712418301,0.0,-0.006535947712418301
fed/policy_statement/fed_2023-05-03_policy_statement_federal_reserve_58648859.txt,Fed,US,policy_statement,Federal Reserve,2023-05-03,2023,2,2023-Q2,27,328,12.148148148148149,0.29283489096573206,3.557401638398523,-0.027439024390243903,0.0,0.0,0.0,-0.003048780487804878,0.0,0.0,0.003048780487804878
fed/policy_statement/fed_2023-06-14_policy_statement_federal_reserve_5a289f86.txt,Fed,US,policy_statement,Federal Reserve,2023-06-14,2023,2,2023-Q2,7,119,17.0,0.2543859649122807,4.324561403508772,-0.01680672268907563,0.0,0.0,0.0,-0.008403361344537815,0.0,0.0,-0.008403361344537815
fed/policy_statement/fed_2023-07-26_policy_statement_federal_reserve_88b60ee7.txt,Fed,US,policy_statement,Federal Reserve,2023-07-26,2023,3,2023-Q3,27,335,12.407407407407407,0.29573170731707316,3.6692637759710927,-0.026865671641791045,0.0,0.0,0.0,-0.0029850746268656717,0.0,0.0,0.0029850746268656717
fed/policy_statement/fed_2023-09-20_policy_statement_federal_reserve_0504103c.txt,Fed,US,policy_statement,Federal Reserve,2023-09-20,2023,3,2023-Q3,29,358,12.344827586206897,0.2836676217765043,3.501827882620294,-0.025139664804469275,0.0,0.0,0.0,-0.002793296089385475,0.0,0.0,0.00558659217877095
fed/policy_statement/fed_2023-11-01_policy_statement_federal_reserve_72c8ffe0.txt,Fed,US,policy_statement,Federal Reserve,2023-11-01,2023,4,2023-Q4,28,346,12.357142857142858,0.2920353982300885,3.6087231352718083,-0.02601156069364162,0.0,0.0,0.0,-0.002890173410404624,0.0,0.0,0.005780346820809248
fed/policy_statement/fed_2023-12-13_policy_statement_federal_reserve_8a8e1c3b.txt,Fed,US,policy_statement,Federal Reserve,2023-12-13,2023,4,2023-Q4,5,95,19.0,0.25,4.75,-0.021052631578947368,0.0,0.0,0.0,0.0,0.0,0.0,0.0
fed/policy_statement/fed_2024-01-31_policy_statement_federal_reserve_4bca986d.txt,Fed,US,policy_statement,Federal Reserve,2024-01-31,2024,1,2024-Q1,4,91,22.75,0.21839080459770116,4.968390804597702,-0.02197802197802198,0.0,0.0,0.0,0.0,0.0,0.0,0.01098901098901099
fed/policy_statement/fed_2024-03-20_policy_statement_federal_reserve_c28a8c2a.txt,Fed,US,policy_statement,Federal Reserve,2024-03-20,2024,1,2024-Q1,5,107,21.4,0.25742574257425743,5.5089108910891085,-0.028037383177570093,0.0,0.0,0.0,0.0,0.0,0.0,0.009345794392523364
fed/policy_statement/fed_2024-05-01_policy_statement_federal_reserve_4960d762.txt,Fed,US,policy_statement,Federal Reserve,2024-05-01,2024,2,2024-Q2,8,195,24.375,0.2849462365591398,6.945564516129033,-0.010256410256410256,0.0,0.0,0.0,0.0,0.0,0.0,0.0
fed/policy_statement/fed_2024-06-12_policy_statement_federal_reserve_4f891b24.txt,Fed,US,policy_statement,Federal Reserve,2024-06-12,2024,2,2024-Q2,28,345,12.321428571428571,0.2514792899408284,3.0985841081994927,-0.02608695652173913,0.0,0.0,0.0,-0.002898550724637681,0.0,0.0,0.008695652173913044
fed/policy_statement/fed_2024-07-31_policy_statement_federal_reserve_91bee9c8.txt,Fed,US,policy_statement,Federal Reserve,2024-07-31,2024,3,2024-Q3,30,362,12.066666666666666,0.24788732394366197,2.9911737089201877,-0.022099447513812154,0.0,0.0,0.0,-0.0027624309392265192,0.0,0.0,0.0055248618784530384
fed/policy_statement/fed_2024-09-18_policy_statement_federal_reserve_94c1d91f.txt,Fed,US,policy_statement,Federal Reserve,2024-09-18,2024,3,2024-Q3,27,359,13.296296296296296,0.24571428571428572,3.267089947089947,-0.022284122562674095,0.0,0.0,0.0,-0.002785515320334262,0.0,0.0,0.005571030640668524
fed/policy_statement/fed_2024-11-07_policy_statement_federal_reserve_f0dc41f2.txt,Fed,US,policy_statement,Federal Reserve,2024-11-07,2024,4,2024-Q4,1,27,27.0,0.08333333333333333,2.25,0.0,0.0,0.0,0.0,0.0,0.0,0.0,0.0
fed/policy_statement/fed_2024-12-18_policy_statement_federal_reserve_437ae225.txt,Fed,US,policy_statement,Federal Reserve,2024-12-18,2024,4,2024-Q4,3,52,17.333333333333332,0.0851063829787234,1.475177304964539,0.0,0.0,0.0,0.0,0.0,0.0,0.0,0.0
fed/policy_statement/fed_2025-01-29_policy_statement_federal_reserve_f74441d9.txt,Fed,US,policy_statement,Federal Reserve,2025-01-29,2025,1,2025-Q1,1,23,23.0,0.09523809523809523,2.1904761904761902,0.0,0.0,0.0,0.0,0.0,0.0,0.0,0.0
fed/policy_statement/fed_2025-03-19_policy_statement_federal_reserve_77c2c96e.txt,Fed,US,policy_statement,Federal Reserve,2025-03-19,2025,1,2025-Q1,8,157,19.625,0.2751677852348993,5.400167785234899,-0.006369426751592357,0.0,0.0,0.0,0.0,0.0,0.0,-0.012738853503184714
fed/policy_statement/fed_2025-05-07_policy_statement_federal_reserve_c5142d28.txt,Fed,US,policy_statement,Federal Reserve,2025-05-07,2025,2,2025-Q2,1,18,18.0,0.125,2.25,0.0,0.0,0.0,0.0,0.0,0.0,0.0,0.0
fed/policy_statement/fed_2025-07-30_policy_statement_federal_reserve_bd342948.txt,Fed,US,policy_statement,Federal Reserve,2025-07-30,2025,3,2025-Q3,15,257,17.133333333333333,0.2857142857142857,4.895238095238095,-0.01556420233463035,0.0,0.0,0.0,-0.0038910505836575876,0.0,0.0,0.0038910505836575876
fed/policy_statement/fed_2025-08-22_policy_statement_federal_reserve_a4a2f8cd.txt,Fed,US,policy_statement,Federal Reserve,2025-08-22,2025,3,2025-Q3,6,179,29.833333333333332,0.24260355029585798,7.23767258382643,0.0,0.0,0.0,0.0,0.00558659217877095,0.0,0.0,0.0111731843575419
fed/policy_statement/fed_2025-09-17_policy_statement_federal_reserve_777befa3.txt,Fed,US,policy_statement,Federal Reserve,2025-09-17,2025,3,2025-Q3,3,65,21.666666666666668,0.06557377049180328,1.4207650273224046,0.0,0.0,0.0,0.0,0.0,0.0,0.0,0.0
fed/policy_statement/fed_2025-10-29_policy_statement_federal_reserve_bfaa1acf.txt,Fed,US,policy_statement,Federal Reserve,2025-10-29,2025,4,2025-Q4,5,84,16.8,0.1518987341772152,2.5518987341772155,0.0,0.0,0.0,0.0,0.0,0.0,0.0,0.0
fed/policy_statement/fed_2025-12-10_policy_statement_federal_reserve_911f0f73.txt,Fed,US,policy_statement,Federal Reserve,2025-12-10,2025,4,2025-Q4,15,119,7.933333333333334,0.09565217391304348,0.758840579710145,0.0,0.0,0.0,0.0,0.0,0.0,0.0,0.0
fed/policy_statement/fed_2026-01-28_policy_statement_federal_reserve_5872c764.txt,Fed,US,policy_statement,Federal Reserve,2026-01-28,2026,1,2026-Q1,24,294,12.25,0.2491349480968858,3.051903114186851,-0.017006802721088437,0.0,0.0,0.0,-0.003401360544217687,0.0,0.0,0.0
fed/policy_statement/fed_2026-03-18_policy_statement_federal_reserve_039d4672.txt,Fed,US,policy_statement,Federal Reserve,2026-03-18,2026,1,2026-Q1,25,295,11.8,0.23875432525951557,2.817301038062284,-0.01694915254237288,0.0,0.0,0.0,-0.006779661016949152,0.0,0.0,-0.006779661016949152
fed/press_conference/fed_2020-01-29_press_conference_jerome_powell_b9165aee.txt,Fed,US,press_conference,Jerome Powell,2020-01-29,2020,1,2020-Q1,36,673,18.694444444444443,0.15465465465465467,2.891182849516183,-0.0029717682020802376,0.0029717682020802376,0.0,0.0,-0.0029717682020802376,0.0,0.0,0.007429420505200594
fed/press_conference/fed_2020-03-03_press_conference_jerome_powell_804b1d3d.txt,Fed,US,press_conference,Jerome Powell,2020-03-03,2020,1,2020-Q1,18,315,17.5,0.10714285714285714,1.875,0.0,0.0,0.0,0.0,-0.0031746031746031746,0.0,0.0,0.015873015873015872
fed/press_conference/fed_2020-03-15_press_conference_jerome_powell_ca449223.txt,Fed,US,press_conference,Jerome Powell,2020-03-15,2020,1,2020-Q1,21,577,27.476190476190474,0.16637478108581435,4.571345175548328,0.005199306759098787,0.0,0.0,0.0,0.0,0.0,0.0,0.005199306759098787
fed/press_conference/fed_2020-04-29_press_conference_jerome_powell_5ab61b78.txt,Fed,US,press_conference,Jerome Powell,2020-04-29,2020,2,2020-Q2,38,704,18.526315789473685,0.15329512893982808,2.8399939677273416,-0.005681818181818182,0.0,0.0,0.0,-0.004261363636363636,0.0,0.0,0.004261363636363636
fed/press_conference/fed_2020-06-10_press_conference_jerome_powell_fe4f444e.txt,Fed,US,press_conference,Jerome Powell,2020-06-10,2020,2,2020-Q2,53,926,17.471698113207548,0.11014176663031625,1.9243636962202424,-0.0010799136069114472,0.0,0.0,0.0021598272138228943,-0.0010799136069114472,0.0,0.0,0.004319654427645789
fed/press_conference/fed_2020-07-29_press_conference_jerome_powell_a8191e47.txt,Fed,US,press_conference,Jerome Powell,2020-07-29,2020,3,2020-Q3,35,616,17.6,0.1116584564860427,1.9651888341543515,0.0,0.0016233766233766235,0.0,0.0,0.0,0.0016233766233766235,0.0,0.0016233766233766235
fed/press_conference/fed_2020-09-16_press_conference_jerome_powell_48158b40.txt,Fed,US,press_conference,Jerome Powell,2020-09-16,2020,3,2020-Q3,37,651,17.594594594594593,0.1515625,2.666680743243243,-0.007680491551459293,0.0,0.0,0.0,0.0,0.0015360983102918587,0.0,0.0030721966205837174
fed/press_conference/fed_2020-11-05_press_conference_jerome_powell_21e728a0.txt,Fed,US,press_conference,Jerome Powell,2020-11-05,2020,4,2020-Q4,35,600,17.142857142857142,0.18090452261306533,3.1012203876525484,-0.0016666666666666668,0.0,0.0,0.0,0.0,0.0016666666666666668,0.0,-0.005
fed/press_conference/fed_2020-12-16_press_conference_jerome_powell_e01f5a3a.txt,Fed,US,press_conference,Jerome Powell,2020-12-16,2020,4,2020-Q4,56,1055,18.839285714285715,0.1388888888888889,2.6165674603174605,-0.0037914691943127963,0.0,0.0,0.0,0.0,0.0009478672985781991,0.0,0.012322274881516588
fed/press_conference/fed_2021-01-27_press_conference_jerome_powell_6472d3b2.txt,Fed,US,press_conference,Jerome Powell,2021-01-27,2021,1,2021-Q1,37,571,15.432432432432432,0.14821428571428572,2.2873069498069496,-0.010507880910683012,0.0,0.0,0.0,0.0,0.0035026269702276708,0.0,0.0
fed/press_conference/fed_2021-03-17_press_conference_jerome_powell_f4219638.txt,Fed,US,press_conference,Jerome Powell,2021-03-17,2021,1,2021-Q1,53,782,14.754716981132075,0.16251638269986893,2.397883231533915,-0.0076726342710997444,0.0,0.0,0.0,-0.0012787723785166241,0.0012787723785166241,0.0,0.0012787723785166241
fed/press_conference/fed_2021-04-28_press_conference_jerome_powell_f51bef02.txt,Fed,US,press_conference,Jerome Powell,2021-04-28,2021,2,2021-Q2,35,612,17.485714285714284,0.18469217970049917,3.229474685048728,-0.00980392156862745,0.0,0.0,0.0,0.0,0.0016339869281045752,0.0,0.0
fed/press_conference/fed_2021-06-16_press_conference_jerome_powell_7ff3b240.txt,Fed,US,press_conference,Jerome Powell,2021-06-16,2021,2,2021-Q2,40,654,16.35,0.18322981366459629,2.9958074534161496,-0.009174311926605505,0.0015290519877675841,0.0,0.0,0.0015290519877675841,0.0015290519877675841,0.0,-0.0030581039755351682
fed/press_conference/fed_2021-07-28_press_conference_jerome_powell_cbd9e077.txt,Fed,US,press_conference,Jerome Powell,2021-07-28,2021,3,2021-Q3,33,424,12.848484848484848,0.16028708133971292,2.05944613600116,-0.02122641509433962,0.0,0.0,0.0,0.0,0.0023584905660377358,0.0,0.0023584905660377358
fed/press_conference/fed_2021-09-22_press_conference_jerome_powell_f043e1ca.txt,Fed,US,press_conference,Jerome Powell,2021-09-22,2021,3,2021-Q3,17,445,26.176470588235293,0.17123287671232876,4.482272360999194,0.0,0.0,0.0,0.0,0.0,0.0,0.0,0.0044943820224719105
fed/press_conference/fed_2021-11-03_press_conference_jerome_powell_7d754984.txt,Fed,US,press_conference,Jerome Powell,2021-11-03,2021,4,2021-Q4,32,580,18.125,0.12020905923344948,2.1787891986062715,-0.0017241379310344827,0.0,0.0,0.0,0.0,-0.0034482758620689655,0.0,0.0
fed/press_conference/fed_2021-12-15_press_conference_jerome_powell_c13c3e3b.txt,Fed,US,press_conference,Jerome Powell,2021-12-15,2021,4,2021-Q4,38,733,19.289473684210527,0.13055555555555556,2.5183479532163746,-0.005457025920873124,0.0,0.0,0.001364256480218281,0.0,0.0,-0.001364256480218281,0.001364256480218281
fed/press_conference/fed_2022-01-26_press_conference_jerome_powell_7a5089f8.txt,Fed,US,press_conference,Jerome Powell,2022-01-26,2022,1,2022-Q1,45,811,18.022222222222222,0.149439601494396,2.693233706932337,-0.013563501849568433,0.0,0.0,0.0012330456226880395,0.0,0.0,0.0,0.0036991368680641184
fed/press_conference/fed_2022-03-16_press_conference_jerome_powell_595b1f89.txt,Fed,US,press_conference,Jerome Powell,2022-03-16,2022,1,2022-Q1,37,616,16.64864864864865,0.15346534653465346,2.554990634198555,0.0016233766233766235,-0.0016233766233766235,0.0,0.006493506493506494,-0.0016233766233766235,0.0,0.0,0.008116883116883116
fed/press_conference/fed_2022-05-04_press_conference_jerome_powell_0c534024.txt,Fed,US,press_conference,Jerome Powell,2022-05-04,2022,2,2022-Q2,33,573,17.363636363636363,0.11858407079646018,2.0590506838294447,-0.0034904013961605585,0.0,0.0,0.0,0.0,0.0,0.0,0.0
fed/press_conference/fed_2022-06-15_press_conference_jerome_powell_1e180a11.txt,Fed,US,press_conference,Jerome Powell,2022-06-15,2022,2,2022-Q2,20,498,24.9,0.1326530612244898,3.303061224489796,-0.012048192771084338,0.0,0.0,0.0,0.0,0.0,0.0,0.002008032128514056
fed/press_conference/fed_2022-07-27_press_conference_jerome_powell_d8fed632.txt,Fed,US,press_conference,Jerome Powell,2022-07-27,2022,3,2022-Q3,29,555,19.137931034482758,0.14495412844036698,2.774122113255299,-0.016216216216216217,-0.0018018018018018018,0.0,0.005405405405405406,-0.0036036036036036037,-0.0018018018018018018,0.0,0.0018018018018018018
fed/press_conference/fed_2022-09-21_press_conference_jerome_powell_8bc8152e.txt,Fed,US,press_conference,Jerome Powell,2022-09-21,2022,3,2022-Q3,26,441,16.96153846153846,0.12844036697247707,2.178546224417784,-0.0022675736961451248,0.0,0.0,0.0,0.0,-0.0045351473922902496,0.0,0.0045351473922902496
fed/press_conference/fed_2022-11-02_press_conference_jerome_powell_7dc3389b.txt,Fed,US,press_conference,Jerome Powell,2022-11-02,2022,4,2022-Q4,40,568,14.2,0.13345195729537365,1.8950177935943058,-0.01056338028169014,0.0017605633802816902,0.0,0.0,-0.0035211267605633804,-0.01232394366197183,0.0,0.0
fed/press_conference/fed_2022-12-14_press_conference_jerome_powell_65944d3f.txt,Fed,US,press_conference,Jerome Powell,2022-12-14,2022,4,2022-Q4,32,632,19.75,0.15422077922077923,3.04586038961039,-0.014240506329113924,-0.0031645569620253164,0.0,0.0,0.0,-0.004746835443037975,0.0,0.0015822784810126582
fed/press_conference/fed_2023-02-01_press_conference_jerome_powell_0febdf2e.txt,Fed,US,press_conference,Jerome Powell,2023-02-01,2023,1,2023-Q1,36,632,17.555555555555557,0.13870967741935483,2.435125448028674,-0.007911392405063292,0.0,0.0,0.0,-0.0015822784810126582,-0.006329113924050633,0.0,-0.0031645569620253164
fed/press_conference/fed_2023-03-22_press_conference_jerome_powell_6d2da526.txt,Fed,US,press_conference,Jerome Powell,2023-03-22,2023,1,2023-Q1,36,682,18.944444444444443,0.13303437967115098,2.5202624148812487,-0.017595307917888565,0.0,0.0,0.0,-0.001466275659824047,0.001466275659824047,0.0,0.002932551319648094
fed/press_conference/fed_2023-05-03_press_conference_jerome_powell_9af74cb1.txt,Fed,US,press_conference,Jerome Powell,2023-05-03,2023,2,2023-Q2,37,634,17.135135135135137,0.12824675324675325,2.197525447525448,-0.011041009463722398,0.0015772870662460567,0.0,0.0,-0.0015772870662460567,-0.0031545741324921135,0.0,-0.006309148264984227
fed/press_conference/fed_2023-06-14_press_conference_jerome_powell_2354a603.txt,Fed,US,press_conference,Jerome Powell,2023-06-14,2023,2,2023-Q2,30,556,18.533333333333335,0.18647166361974407,3.455941499085924,-0.019784172661870502,0.0,0.0,0.0,0.0,-0.0017985611510791368,0.0,0.0017985611510791368
fed/press_conference/fed_2023-07-26_press_conference_jerome_powell_bc029ac2.txt,Fed,US,press_conference,Jerome Powell,2023-07-26,2023,3,2023-Q3,34,664,19.529411764705884,0.15950920245398773,3.1151208949837605,-0.015060240963855422,0.0,0.0,0.0,0.0,-0.006024096385542169,0.0,0.004518072289156626
fed/press_conference/fed_2023-09-20_press_conference_jerome_powell_55430349.txt,Fed,US,press_conference,Jerome Powell,2023-09-20,2023,3,2023-Q3,48,897,18.6875,0.13590033975084936,2.5396375990939974,-0.011148272017837236,0.002229654403567447,0.0,0.0,0.0,-0.005574136008918618,0.0,0.002229654403567447
fed/press_conference/fed_2023-11-01_press_conference_jerome_powell_f6189993.txt,Fed,US,press_conference,Jerome Powell,2023-11-01,2023,4,2023-Q4,36,642,17.833333333333332,0.16587677725118483,2.9581358609794624,-0.009345794392523364,0.001557632398753894,0.0,0.001557632398753894,0.0,-0.006230529595015576,0.0,0.010903426791277258
fed/press_conference/fed_2023-12-13_press_conference_jerome_powell_89d4ba9b.txt,Fed,US,press_conference,Jerome Powell,2023-12-13,2023,4,2023-Q4,32,602,18.8125,0.15042735042735042,2.8299145299145296,-0.013289036544850499,0.0,0.0,0.0,-0.0033222591362126247,-0.0016611295681063123,0.0,-0.0049833887043189366
fed/press_conference/fed_2024-01-31_press_conference_jerome_powell_5b108ce1.txt,Fed,US,press_conference,Jerome Powell,2024-01-31,2024,1,2024-Q1,35,583,16.65714285714286,0.1195840554592721,1.9919286952215898,-0.008576329331046312,0.0,0.0,0.0,0.0,-0.0017152658662092624,0.0,0.010291595197255575
fed/press_conference/fed_2024-03-20_press_conference_jerome_powell_e17cf9ca.txt,Fed,US,press_conference,Jerome Powell,2024-03-20,2024,1,2024-Q1,40,720,18.0,0.16713483146067415,3.008426966292135,-0.008333333333333333,0.0,0.0,0.004166666666666667,0.0,-0.001388888888888889,0.0,0.011111111111111112
fed/press_conference/fed_2024-05-01_press_conference_jerome_powell_2bfce685.txt,Fed,US,press_conference,Jerome Powell,2024-05-01,2024,2,2024-Q2,29,567,19.551724137931036,0.14388489208633093,2.8131977176879186,-0.021164021164021163,0.0,0.0,0.0,0.0,0.0,0.0,0.008818342151675485
fed/press_conference/fed_2024-06-12_press_conference_jerome_powell_032a27db.txt,Fed,US,press_conference,Jerome Powell,2024-06-12,2024,2,2024-Q2,30,549,18.3,0.16201117318435754,2.964804469273743,-0.023679417122040074,0.0,0.0,0.0,0.0,-0.0036429872495446266,0.0,0.014571948998178506
fed/press_conference/fed_2024-07-31_press_conference_jerome_powell_295ab402.txt,Fed,US,press_conference,Jerome Powell,2024-07-31,2024,3,2024-Q3,31,620,20.0,0.13495934959349593,2.6991869918699187,-0.008064516129032258,0.0,0.0,0.0,0.0,-0.0016129032258064516,0.0,0.0016129032258064516
fed/press_conference/fed_2024-09-18_press_conference_jerome_powell_e8f406b0.txt,Fed,US,press_conference,Jerome Powell,2024-09-18,2024,3,2024-Q3,36,607,16.86111111111111,0.1325503355704698,2.2349459358687547,-0.009884678747940691,-0.0016474464579901153,0.0,-0.0016474464579901153,0.0,-0.0016474464579901153,0.0,0.0016474464579901153
fed/press_conference/fed_2024-11-07_press_conference_jerome_powell_d32e1fb7.txt,Fed,US,press_conference,Jerome Powell,2024-11-07,2024,4,2024-Q4,36,606,16.833333333333332,0.13636363636363635,2.295454545454545,-0.0165016501650165,0.0,0.0,0.0,0.0,-0.0033003300330033004,0.0,0.0
fed/press_conference/fed_2024-12-18_press_conference_jerome_powell_9a33d799.txt,Fed,US,press_conference,Jerome Powell,2024-12-18,2024,4,2024-Q4,34,526,15.470588235294118,0.1303501945525292,2.0165941863126573,-0.02091254752851711,0.0,0.0,0.0,-0.0019011406844106464,-0.0019011406844106464,0.0,0.005703422053231939
fed/press_conference/fed_2025-01-29_press_conference_jerome_powell_e2bff247.txt,Fed,US,press_conference,Jerome Powell,2025-01-29,2025,1,2025-Q1,25,700,28.0,0.11159420289855072,3.1246376811594203,-0.0014285714285714286,0.0,0.0,-0.0014285714285714286,-0.004285714285714286,-0.002857142857142857,0.0,-0.002857142857142857
fed/press_conference/fed_2025-03-19_press_conference_jerome_powell_27206bd0.txt,Fed,US,press_conference,Jerome Powell,2025-03-19,2025,1,2025-Q1,41,636,15.512195121951219,0.12559618441971382,1.9482725192911705,-0.009433962264150943,-0.0031446540880503146,0.0,0.0015723270440251573,-0.0015723270440251573,0.0,0.0,-0.007861635220125786
fed/press_conference/fed_2025-05-07_press_conference_jerome_powell_4768cde9.txt,Fed,US,press_conference,Jerome Powell,2025-05-07,2025,2,2025-Q2,41,665,16.21951219512195,0.1354642313546423,2.197163752459442,-0.013533834586466165,0.0015037593984962407,0.0,-0.0015037593984962407,0.0,0.0,0.0,-0.0015037593984962407
fed/press_conference/fed_2025-06-18_press_conference_jerome_powell_1eb47cff.txt,Fed,US,press_conference,Jerome Powell,2025-06-18,2025,2,2025-Q2,42,621,14.785714285714286,0.10673234811165845,1.5781140042223787,-0.011272141706924315,0.0,0.0,-0.001610305958132045,0.0,0.0,0.0,0.00644122383252818
fed/press_conference/fed_2025-07-30_press_conference_jerome_powell_9bb650e3.txt,Fed,US,press_conference,Jerome Powell,2025-07-30,2025,3,2025-Q3,35,525,15.0,0.11153846153846154,1.6730769230769231,-0.011428571428571429,0.0,0.0,0.0,0.0,0.0,0.0,0.0
fed/press_conference/fed_2025-09-17_press_conference_jerome_powell_2f464aa7.txt,Fed,US,press_conference,Jerome Powell,2025-09-17,2025,3,2025-Q3,64,1110,17.34375,0.11039558417663294,1.9146734130634775,-0.002702702702702703,0.0,0.0,0.0,0.0009009009009009009,0.0009009009009009009,0.0,-0.0045045045045045045
fed/press_conference/fed_2025-10-29_press_conference_jerome_powell_beb6a3d8.txt,Fed,US,press_conference,Jerome Powell,2025-10-29,2025,4,2025-Q4,123,2540,20.650406504065042,0.10796812749003984,2.2295857221520423,-0.007480314960629921,0.0,0.0007874015748031496,-0.0007874015748031496,-0.0003937007874015748,0.0003937007874015748,0.0,0.0
fed/press_conference/fed_2025-12-10_press_conference_jerome_powell_64641768.txt,Fed,US,press_conference,Jerome Powell,2025-12-10,2025,4,2025-Q4,34,586,17.235294117647058,0.10498220640569395,1.8093992045216662,-0.006825938566552901,0.0,0.0017064846416382253,0.0017064846416382253,0.0,-0.0034129692832764505,0.0,0.0
fed/speech/fed_2020-01-08_speech_lael_brainard_90e3e3b0.txt,Fed,US,speech,Lael Brainard,2020-01-08,2020,1,2020-Q1,159,4661,29.31446540880503,0.2615791795324217,7.668053810066778,0.0,0.00021454623471358077,0.0,0.0,0.0008581849388543231,0.0,0.0,0.0012872774082814847
fed/speech/fed_2020-01-09_speech_richard_h_clarida_c303b4c7.txt,Fed,US,speech,Richard H Clarida,2020-01-09,2020,1,2020-Q1,55,1109,20.163636363636364,0.18589132507149667,3.748245081896178,-0.008115419296663661,0.0009017132551848512,0.0,0.0018034265103697023,-0.0009017132551848512,0.0,0.0,0.009017132551848512
fed/speech/fed_2020-01-16_speech_michelle_w_bowman_2273d2c7.txt,Fed,US,speech,Michelle W Bowman,2020-01-16,2020,1,2020-Q1,74,1940,26.216216216216218,0.18325434439178515,4.804235515135989,-0.0005154639175257732,0.0015463917525773195,0.0,0.0,0.0,0.0,0.0,0.005670103092783505
fed/speech/fed_2020-01-17_speech_randal_k_quarles_1811db93.txt,Fed,US,speech,Randal K Quarles,2020-01-17,2020,1,2020-Q1,172,4365,25.377906976744185,0.23248259860788864,5.899921761182755,0.0,0.0,0.0,0.0,0.004352806414662085,0.0,0.0,-0.0006872852233676976
fed/speech/fed_2020-02-05_speech_lael_brainard_f81de252.txt,Fed,US,speech,Lael Brainard,2020-02-05,2020,1,2020-Q1,166,4082,24.59036144578313,0.23452685421994884,5.767100114011031,0.0,0.0,0.0,0.0,-0.0007349338559529642,0.0,0.0,0.0009799118079372856
fed/speech/fed_2020-02-06_speech_randal_k_quarles_185d5302.txt,Fed,US,speech,Randal K Quarles,2020-02-06,2020,1,2020-Q1,194,4257,21.943298969072163,0.2287390029325513,5.019288327236448,-0.0021141649048625794,0.0002349072116513977,0.0,0.0009396288466055908,-0.0007047216349541931,0.0,0.0,0.00305379375146817
fed/speech/fed_2020-02-10_speech_michelle_w_bowman_4aa708f6.txt,Fed,US,speech,Michelle W Bowman,2020-02-10,2020,1,2020-Q1,149,3394,22.778523489932887,0.23972188633615477,5.460510618959123,-0.0002946375957572186,0.0002946375957572186,0.0,0.0,0.0011785503830288745,0.0,0.0,0.0017678255745433118
fed/speech/fed_2020-02-11_speech_jerome_h_powell_87aa8490.txt,Fed,US,speech,Jerome H Powell,2020-02-11,2020,1,2020-Q1,64,1268,19.8125,0.20241935483870968,4.010433467741936,-0.003943217665615142,0.0031545741324921135,0.0007886435331230284,0.0015772870662460567,0.0007886435331230284,0.0007886435331230284,0.0,0.014195583596214511
fed/speech/fed_2020-02-11_speech_randal_k_quarles_b4c0d577.txt,Fed,US,speech,Randal K Quarles,2020-02-11,2020,1,2020-Q1,97,2637,27.185567010309278,0.23493282149712091,6.386781961731009,0.0,0.0,0.0,0.0,0.005688282138794084,0.0,0.0,0.0011376564277588168
fed/speech/fed_2020-02-21_speech_lael_brainard_0b5298ea.txt,Fed,US,speech,Lael Brainard,2020-02-21,2020,1,2020-Q1,157,3685,23.471337579617835,0.24311926605504589,5.706334365686905,-0.013297150610583446,-0.0013568521031207597,0.0,-0.000271370420624152,-0.0008141112618724559,0.000271370420624152,0.0,-0.005970149253731343
fed/speech/fed_2020-02-25_speech_richard_h_clarida_91337573.txt,Fed,US,speech,Richard H Clarida,2020-02-25,2020,1,2020-Q1,53,1097,20.69811320754717,0.1992373689227836,4.123837617137616,-0.004557885141294439,0.0,0.0,0.0018231540565177757,0.0,0.0,0.0,0.011850501367365542
fed/speech/fed_2020-02-27_speech_michelle_w_bowman_7834a6b6.txt,Fed,US,speech,Michelle W Bowman,2020-02-27,2020,1,2020-Q1,168,4004,23.833333333333332,0.22821041774110365,5.43901495616297,0.0,0.0,0.00024975024975024975,0.0,0.000999000999000999,0.0,0.0,0.008241758241758242
fed/speech/fed_2020-04-09_speech_jerome_h_powell_df3b90bb.txt,Fed,US,speech,Jerome H Powell,2020-04-09,2020,2,2020-Q2,41,963,23.48780487804878,0.18,4.22780487804878,0.0,0.0010384215991692627,0.0,0.0,0.0,0.0,0.0,0.006230529595015576
fed/speech/fed_2020-05-12_speech_randal_k_quarles_567142c2.txt,Fed,US,speech,Randal K Quarles,2020-05-12,2020,2,2020-Q2,79,2029,25.68354430379747,0.23504721930745015,6.0368456705672955,0.0,-0.0004928536224741252,0.0,0.0,-0.0024642681123706258,0.0,0.0,0.0009857072449482504
fed/speech/fed_2020-05-13_speech_jerome_h_powell_ffdba6b4.txt,Fed,US,speech,Jerome H Powell,2020-05-13,2020,2,2020-Q2,97,1525,15.721649484536082,0.18839590443686008,2.96189437387847,-0.0013114754098360656,-0.0006557377049180328,0.0,0.0,-0.0019672131147540984,0.0,0.0,-0.002622950819672131
fed/speech/fed_2020-05-19_speech_jerome_h_powell_c4623df0.txt,Fed,US,speech,Jerome H Powell,2020-05-19,2020,2,2020-Q2,81,1960,24.19753086419753,0.22193074501573976,5.370176052232715,0.0005102040816326531,-0.0005102040816326531,0.0,0.0,0.0,0.0005102040816326531,0.0,0.0005102040816326531
fed/speech/fed_2020-05-21_speech_jerome_h_powell_2c409c64.txt,Fed,US,speech,Jerome H Powell,2020-05-21,2020,2,2020-Q2,28,559,19.964285714285715,0.16666666666666666,3.3273809523809526,0.0,0.0,0.0,0.0,-0.0035778175313059034,0.0,0.0,-0.008944543828264758
fed/speech/fed_2020-05-21_speech_lael_brainard_70e4fec2.txt,Fed,US,speech,Lael Brainard,2020-05-21,2020,2,2020-Q2,15,440,29.333333333333332,0.19534883720930232,5.730232558139535,-0.0022727272727272726,0.0,0.0,0.0,0.0,0.0,0.0,0.004545454545454545
fed/speech/fed_2020-05-21_speech_richard_h_clarida_e57c4127.txt,Fed,US,speech,Richard H Clarida,2020-05-21,2020,2,2020-Q2,58,1860,32.06896551724138,0.1920935412026726,6.160241148913294,-0.0016129032258064516,0.0005376344086021505,0.0,0.0,-0.0005376344086021505,0.0,0.0,-0.004301075268817204
fed/speech/fed_2020-06-16_speech_jerome_h_powell_cc5627ba.txt,Fed,US,speech,Jerome H Powell,2020-06-16,2020,2,2020-Q2,70,1552,22.17142857142857,0.2129202373104812,4.720745832940954,-0.002577319587628866,0.0006443298969072165,0.0,-0.0006443298969072165,-0.0006443298969072165,0.0006443298969072165,0.0,-0.0019329896907216496
fed/speech/fed_2020-06-16_speech_richard_h_clarida_bb4eec30.txt,Fed,US,speech,Richard H Clarida,2020-06-16,2020,2,2020-Q2,91,2516,27.64835164835165,0.19081125827814568,5.275616767338621,-0.0011923688394276629,0.0,0.0,0.0,-0.000397456279809221,0.0,0.0,-0.0043720190779014305
fed/speech/fed_2020-06-19_speech_jerome_h_powell_72e235b8.txt,Fed,US,speech,Jerome H Powell,2020-06-19,2020,2,2020-Q2,33,585,17.727272727272727,0.18900343642611683,3.3505154639175254,0.0,0.0,0.0,0.0,-0.0017094017094017094,0.0,0.0,0.008547008547008548
fed/speech/fed_2020-06-19_speech_randal_k_quarles_7289132c.txt,Fed,US,speech,Randal K Quarles,2020-06-19,2020,2,2020-Q2,95,2577,27.126315789473683,0.19092702169625247,5.179146683276238,0.0,-0.0011641443538998836,0.0,0.0,-0.002716336825766395,0.0,0.0,-0.0034924330616996507
fed/speech/fed_2020-06-30_speech_jerome_h_powell_249fb546.txt,Fed,US,speech,Jerome H Powell,2020-06-30,2020,2,2020-Q2,126,2993,23.753968253968253,0.2238292011019284,5.316831737286283,0.0003341129301703976,0.0003341129301703976,0.0,-0.0003341129301703976,-0.0010023387905111927,0.0,0.0,0.004343468092215168
fed/speech/fed_2020-07-07_speech_randal_k_quarles_7fa441d4.txt,Fed,US,speech,Randal K Quarles,2020-07-07,2020,3,2020-Q3,102,2140,20.980392156862745,0.20699568758984188,4.3428507004143295,0.0,0.0,0.0,0.0,-0.001869158878504673,0.0,0.0,-0.001869158878504673
fed/speech/fed_2020-07-14_speech_lael_brainard_e102d1a9.txt,Fed,US,speech,Lael Brainard,2020-07-14,2020,3,2020-Q3,127,3308,26.04724409448819,0.2389240506329114,6.223313066879299,-0.006045949214026602,0.0003022974607013301,0.0,-0.002116082224909311,-0.0015114873035066505,0.0006045949214026602,0.0,-0.0006045949214026602
fed/speech/fed_2020-08-06_speech_lael_brainard_1bd0dd6e.txt,Fed,US,speech,Lael Brainard,2020-08-06,2020,3,2020-Q3,110,2902,26.381818181818183,0.23731884057971014,6.260902503293808,0.0,0.0,0.0,0.0,0.0,0.0,0.0,0.003790489317711923
fed/speech/fed_2020-08-13_speech_lael_brainard_54eae1bd.txt,Fed,US,speech,Lael Brainard,2020-08-13,2020,3,2020-Q3,58,1638,28.24137931034483,0.2474937343358396,6.9895644283121605,0.0,0.0,0.001221001221001221,0.0,0.0,0.0,0.0,0.006715506715506716
fed/speech/fed_2020-08-19_speech_michelle_w_bowman_2e9ae0e6.txt,Fed,US,speech,Michelle W Bowman,2020-08-19,2020,3,2020-Q3,30,675,22.5,0.17851739788199697,4.016641452344932,0.0,0.0,0.0,0.0,0.0,0.0,0.0,0.0014814814814814814
fed/speech/fed_2020-08-26_speech_michelle_w_bowman_bc69a88a.txt,Fed,US,speech,Michelle W Bowman,2020-08-26,2020,3,2020-Q3,91,2352,25.846153846153847,0.21068635968722849,5.445432065762214,0.0008503401360544217,0.0,0.0,-0.0008503401360544217,-0.0017006802721088435,0.0,0.00042517006802721087,-0.00042517006802721087
fed/speech/fed_2020-08-27_speech_jerome_h_powell_ca5ded46.txt,Fed,US,speech,Jerome H Powell,2020-08-27,2020,3,2020-Q3,331,5810,17.552870090634443,0.22957772450673058,4.029747973970105,-0.01153184165232358,0.00017211703958691912,0.0,0.0006884681583476765,0.0005163511187607573,0.0,0.0,0.0034423407917383822
fed/speech/fed_2020-08-31_speech_richard_h_clarida_e3f60f5a.txt,Fed,US,speech,Richard H Clarida,2020-08-31,2020,3,2020-Q3,473,8954,18.930232558139537,0.23833513254168165,4.511739485789044,-0.012396694214876033,0.0005584096493187402,0.00011168192986374804,0.00022336385972749609,-0.00033504578959124413,0.0,0.0,-0.0012285012285012285
fed/speech/fed_2020-09-01_speech_lael_brainard_03f67a83.txt,Fed,US,speech,Lael Brainard,2020-09-01,2020,3,2020-Q3,121,3426,28.31404958677686,0.24364538127712337,6.898587407069626,-0.013718622300058377,-0.0002918855808523059,0.0,-0.0008756567425569177,-0.0011675423234092236,-0.0002918855808523059,0.0,-0.006129597197898424
fed/speech/fed_2020-09-21_speech_lael_brainard_0dd8e5aa.txt,Fed,US,speech,Lael Brainard,2020-09-21,2020,3,2020-Q3,156,4306,27.602564102564102,0.25744732380721724,7.106206258422291,0.0,0.0,0.0,0.0,0.0037157454714352067,0.0,0.0,0.0030190431955411053
fed/speech/fed_2020-09-22_speech_jerome_h_powell_548e99cc.txt,Fed,US,speech,Jerome H Powell,2020-09-22,2020,3,2020-Q3,113,2702,23.911504424778762,0.21464354527938342,5.132450082698178,0.0,0.0,0.0,0.0,-0.0007401924500370096,0.0,0.0,0.0014803849000740192
fed/speech/fed_2020-09-23_speech_randal_k_quarles_3ebcdda0.txt,Fed,US,speech,Randal K Quarles,2020-09-23,2020,3,2020-Q3,153,3987,26.058823529411764,0.22178477690288714,5.779450362822295,-0.009530975670930524,-0.00025081514923501377,0.0,0.00025081514923501377,-0.0005016302984700275,-0.00025081514923501377,0.0,0.0027589666415851516
fed/speech/fed_2020-09-30_speech_michelle_w_bowman_8649e871.txt,Fed,US,speech,Michelle W Bowman,2020-09-30,2020,3,2020-Q3,168,3885,23.125,0.22311611692142666,5.159560203807992,0.0,0.0,0.0,0.0,0.0,0.0,0.0,0.0023166023166023165
fed/speech/fed_2020-10-01_speech_lael_brainard_d0f788a6.txt,Fed,US,speech,Lael Brainard,2020-10-01,2020,4,2020-Q4,50,1252,25.04,0.22113821138211381,5.537300813008129,0.0,0.0,0.0,0.0,0.0023961661341853034,0.0,0.0,0.003993610223642172
fed/speech/fed_2020-10-01_speech_michelle_w_bowman_7bd1c3a3.txt,Fed,US,speech,Michelle W Bowman,2020-10-01,2020,4,2020-Q4,38,1072,28.210526315789473,0.22106261859582543,6.236292819334865,0.0,0.0,0.0,0.0,0.0,0.0,0.0,0.0037313432835820895
fed/speech/fed_2020-10-06_speech_jerome_h_powell_fffcbb8e.txt,Fed,US,speech,Jerome H Powell,2020-10-06,2020,4,2020-Q4,103,2226,21.611650485436893,0.220157919182536,4.75797600097403,-0.004043126684636119,-0.0013477088948787063,0.0004492362982929021,-0.0017969451931716084,-0.0004492362982929021,0.0008984725965858042,0.0,0.0017969451931716084
fed/speech/fed_2020-10-14_speech_randal_k_quarles_5e594f43.txt,Fed,US,speech,Randal K Quarles,2020-10-14,2020,4,2020-Q4,88,2297,26.102272727272727,0.20667870036101083,5.394783803741385,-0.0008707009142359599,0.0,0.0,-0.00043535045711797995,-0.0008707009142359599,0.0,0.0,0.0021767522855899
fed/speech/fed_2020-10-14_speech_richard_h_clarida_b654b424.txt,Fed,US,speech,Richard H Clarida,2020-10-14,2020,4,2020-Q4,50,1567,31.34,0.20706042090970808,6.489273591310251,-0.009572431397574984,-0.0012763241863433313,0.0,0.0006381620931716656,-0.0006381620931716656,0.0019144862795149968,0.0,0.0
fed/speech/fed_2020-10-15_speech_lael_brainard_f11ffc5f.txt,Fed,US,speech,Lael Brainard,2020-10-15,2020,4,2020-Q4,93,2461,26.462365591397848,0.24850299401197604,6.57597707810186,0.0,0.0,0.0,0.0,0.0004063388866314506,0.0,0.0,0.0004063388866314506
fed/speech/fed_2020-10-15_speech_randal_k_quarles_d9c8111b.txt,Fed,US,speech,Randal K Quarles,2020-10-15,2020,4,2020-Q4,140,3209,22.92142857142857,0.19087403598971722,4.375105582078589,0.0,0.0003116235587410408,0.0,0.0,-0.0015581177937052041,0.0,0.0,-0.0003116235587410408
fed/speech/fed_2020-10-19_speech_richard_h_clarida_96c454c5.txt,Fed,US,speech,Richard H Clarida,2020-10-19,2020,4,2020-Q4,62,1863,30.048387096774192,0.2304199772985244,6.923748672695983,-0.004830917874396135,-0.0010735373054213634,0.0,0.0,-0.0005367686527106817,0.001610305958132045,0.0,-0.0010735373054213634
fed/speech/fed_2020-10-20_speech_lael_brainard_26ecbee0.txt,Fed,US,speech,Lael Brainard,2020-10-20,2020,4,2020-Q4,100,2544,25.44,0.2492680886658302,6.3413801756587205,0.0,0.0,0.0,0.0,0.0,0.0,0.0,-0.0011792452830188679
fed/speech/fed_2020-10-20_speech_randal_k_quarles_103c662b.txt,Fed,US,speech,Randal K Quarles,2020-10-20,2020,4,2020-Q4,125,2730,21.84,0.21159638554216867,4.6212650602409635,0.0,0.0,0.0,-0.0003663003663003663,-0.0014652014652014652,0.0,0.0,0.0007326007326007326
fed/speech/fed_2020-10-21_speech_lael_brainard_f9b4580d.txt,Fed,US,speech,Lael Brainard,2020-10-21,2020,4,2020-Q4,172,4463,25.947674418604652,0.24138755980861243,6.263445810615333,-0.010755097468070804,-0.00022406453058480843,0.0,-0.00022406453058480843,-0.0008962581223392337,0.0006721935917544253,0.0,-0.002464709836432893
fed/speech/fed_2020-11-10_speech_lael_brainard_4e1605a8.txt,Fed,US,speech,Lael Brainard,2020-11-10,2020,4,2020-Q4,127,3346,26.346456692913385,0.23713293337543417,6.247612559639392,0.0,0.0,0.00029886431560071725,0.0,0.00029886431560071725,0.0,0.0,0.002390914524805738
fed/speech/fed_2020-11-10_speech_randal_k_quarles_a2338695.txt,Fed,US,speech,Randal K Quarles,2020-11-10,2020,4,2020-Q4,78,1998,25.615384615384617,0.2238020010531859,5.7327743346700695,0.0,0.0,0.0,0.0,-0.001001001001001001,0.0,0.0,0.0035035035035035035
fed/speech/fed_2020-11-16_speech_richard_h_clarida_8b50b3a8.txt,Fed,US,speech,Richard H Clarida,2020-11-16,2020,4,2020-Q4,166,4500,27.10843373493976,0.21958812260536398,5.9526900706273365,-0.019333333333333334,-0.00022222222222222223,0.0,0.0,-0.00022222222222222223,0.0013333333333333333,0.0,-0.00044444444444444447
fed/speech/fed_2020-11-17_speech_lael_brainard_ad08d2d7.txt,Fed,US,speech,Lael Brainard,2020-11-17,2020,4,2020-Q4,111,2384,21.47747747747748,0.21472937000887313,4.611845208118501,0.0,0.00041946308724832214,0.0,0.0,0.0,0.0,0.0,0.002936241610738255
fed/speech/fed_2020-11-19_speech_michelle_w_bowman_560880b7.txt,Fed,US,speech,Michelle W Bowman,2020-11-19,2020,4,2020-Q4,129,3289,25.496124031007753,0.2511818468326505,6.4041635211828485,0.0,0.0,0.0,0.0,-0.0003040437823046519,0.0,0.0,0.0015202189115232593
fed/speech/fed_2020-12-01_speech_jerome_h_powell_c74c8fa8.txt,Fed,US,speech,Jerome H Powell,2020-12-01,2020,4,2020-Q4,114,2786,24.43859649122807,0.21667907669396871,5.2953325234157615,0.0003589375448671931,0.0003589375448671931,0.0,0.0,-0.0007178750897343862,0.0,0.0,0.002512562814070352
fed/speech/fed_2020-12-01_speech_lael_brainard_c766fb57.txt,Fed,US,speech,Lael Brainard,2020-12-01,2020,4,2020-Q4,46,1277,27.76086956521739,0.2532258064516129,7.029768583450211,-0.0007830853563038371,0.0,0.0,0.0,0.0007830853563038371,0.0,0.0,0.0007830853563038371
fed/speech/fed_2020-12-04_speech_michelle_w_bowman_7b618f41.txt,Fed,US,speech,Michelle W Bowman,2020-12-04,2020,4,2020-Q4,82,2018,24.609756097560975,0.2536783358701167,6.242961972998725,0.0,0.0,0.002477700693756194,0.0,0.0,0.0,0.0,0.0019821605550049554
fed/speech/fed_2020-12-11_speech_randal_k_quarles_9d9dff64.txt,Fed,US,speech,Randal K Quarles,2020-12-11,2020,4,2020-Q4,233,5135,22.03862660944206,0.2140007977662545,4.716283676093205,0.0,0.0,0.0,0.0,0.004089581304771178,0.0,0.0,0.0023369036027263874
fed/speech/fed_2020-12-17_speech_lael_brainard_002e5688.txt,Fed,US,speech,Lael Brainard,2020-12-17,2020,4,2020-Q4,49,1234,25.183673469387756,0.2678275290215589,6.744881036991911,0.0,0.0,0.0,0.0,0.004051863857374392,0.0,0.0,0.0024311183144246355
fed/speech/fed_2020-12-18_speech_lael_brainard_6e116d39.txt,Fed,US,speech,Lael Brainard,2020-12-18,2020,4,2020-Q4,181,4238,23.414364640883978,0.2624187256176853,6.1443677302085655,0.0,0.0,0.0,0.0,-0.0009438414346389807,0.0,0.0,-0.00825861255309108
fed/speech/fed_2021-01-08_speech_richard_h_clarida_5e4b87b3.txt,Fed,US,speech,Richard H Clarida,2021-01-08,2021,1,2021-Q1,45,1534,34.08888888888889,0.22573984858912594,7.6952206163493155,-0.01108213820078227,0.000651890482398957,0.0,0.000651890482398957,-0.000651890482398957,0.000651890482398957,0.0,0.001303780964797914
fed/speech/fed_2021-01-13_speech_lael_brainard_58504bf2.txt,Fed,US,speech,Lael Brainard,2021-01-13,2021,1,2021-Q1,132,3755,28.446969696969695,0.24070394550099347,6.847297843607806,-0.011451398135818908,0.0,0.0,0.0002663115845539281,-0.0005326231691078562,0.0002663115845539281,0.0002663115845539281,0.0013315579227696406
fed/speech/fed_2021-01-13_speech_richard_h_clarida_60278536.txt,Fed,US,speech,Richard H Clarida,2021-01-13,2021,1,2021-Q1,150,3663,24.42,0.2264944427756083,5.530994292580355,-0.021294021294021293,0.000273000273000273,0.0,0.0,-0.000273000273000273,0.001092001092001092,0.0,-0.002184002184002184
fed/speech/fed_2021-02-10_speech_jerome_h_powell_922b1747.txt,Fed,US,speech,Jerome H Powell,2021-02-10,2021,1,2021-Q1,172,3337,19.401162790697676,0.21269738962294554,4.126576681231217,-0.003895714713814804,-0.0008990110878034162,-0.00029967036260113877,0.003596044351213665,0.0,0.0005993407252022775,0.0,0.003596044351213665
fed/speech/fed_2021-02-16_speech_michelle_w_bowman_d98f05a9.txt,Fed,US,speech,Michelle W Bowman,2021-02-16,2021,1,2021-Q1,80,2060,25.75,0.25,6.4375,0.0,0.0,0.0,0.0,0.0014563106796116505,0.0,-0.0004854368932038835,-0.000970873786407767
fed/speech/fed_2021-02-18_speech_lael_brainard_ddce5de6.txt,Fed,US,speech,Lael Brainard,2021-02-18,2021,1,2021-Q1,157,3611,23.0,0.26648761563712325,6.1292151596538345,0.0,0.0,-0.00027693159789531985,0.0,-0.0024923843810578787,0.0,0.0,-0.0008307947936859596
fed/speech/fed_2021-02-21_speech_richard_h_clarida_05d18b21.txt,Fed,US,speech,Richard H Clarida,2021-02-21,2021,1,2021-Q1,87,2105,24.195402298850574,0.21884346959122633,5.2950057872359935,-0.016152019002375298,0.0,0.0014251781472684087,0.00047505938242280285,-0.00047505938242280285,0.0,0.0,0.00047505938242280285
fed/speech/fed_2021-02-22_speech_michelle_w_bowman_1894df77.txt,Fed,US,speech,Michelle W Bowman,2021-02-22,2021,1,2021-Q1,42,962,22.904761904761905,0.28955866523143164,6.632272284586601,0.0,0.002079002079002079,0.0,-0.0010395010395010396,0.0,0.0,0.0,0.007276507276507277
fed/speech/fed_2021-02-23_speech_jerome_h_powell_e7c65258.txt,Fed,US,speech,Jerome H Powell,2021-02-23,2021,1,2021-Q1,60,1312,21.866666666666667,0.23166926677067082,5.065834633385335,-0.007621951219512195,0.0,0.0,0.001524390243902439,-0.001524390243902439,0.0007621951219512195,0.0,-0.0007621951219512195
fed/speech/fed_2021-02-24_speech_lael_brainard_a42a40e0.txt,Fed,US,speech,Lael Brainard,2021-02-24,2021,1,2021-Q1,276,6047,21.909420289855074,0.2176082694706826,4.767671034381224,-0.002645940135604432,-0.003638167686456094,0.0,0.000330742516950554,0.0,0.0,0.0,-0.001984455101703324
fed/speech/fed_2021-02-25_speech_randal_k_quarles_4fd17bf1.txt,Fed,US,speech,Randal K Quarles,2021-02-25,2021,1,2021-Q1,101,2832,28.03960396039604,0.21084770114942528,5.912086036189826,0.0,-0.0007062146892655367,0.0,0.0,0.0,0.0,0.0,-0.0049435028248587575
fed/speech/fed_2021-03-01_speech_lael_brainard_373ff62e.txt,Fed,US,speech,Lael Brainard,2021-03-01,2021,1,2021-Q1,144,3852,26.75,0.25437158469945353,6.804439890710382,-0.0005192107995846313,0.0,0.0,-0.00025960539979231567,-0.0012980269989615785,-0.00025960539979231567,0.0,-0.004413291796469367
fed/speech/fed_2021-03-02_speech_lael_brainard_279d0574.txt,Fed,US,speech,Lael Brainard,2021-03-02,2021,1,2021-Q1,100,2546,25.46,0.22851153039832284,5.817903563941299,-0.019638648860958365,0.0,0.0,-0.00039277297721916735,-0.0007855459544383347,0.001178318931657502,0.0,0.001178318931657502
fed/speech/fed_2021-03-18_speech_jerome_h_powell_85829ccd.txt,Fed,US,speech,Jerome H Powell,2021-03-18,2021,1,2021-Q1,33,932,28.242424242424242,0.2234762979683973,6.311512415349887,0.0,0.0,0.0,0.0,0.0,0.0,0.0,0.008583690987124463
fed/speech/fed_2021-03-22_speech_michelle_w_bowman_aded3930.txt,Fed,US,speech,Michelle W Bowman,2021-03-22,2021,1,2021-Q1,103,2824,27.41747572815534,0.20713505642519112,5.679120381987764,-0.004957507082152974,0.0,0.0,0.0003541076487252125,-0.0010623229461756375,0.0010623229461756375,0.0,0.00141643059490085
fed/speech/fed_2021-03-22_speech_randal_k_quarles_a61c6ff3.txt,Fed,US,speech,Randal K Quarles,2021-03-22,2021,1,2021-Q1,88,2173,24.693181818181817,0.19942748091603055,4.924499045801527,0.0,0.0,0.0,0.0,0.0009203865623561896,0.0,0.0,0.0
fed/speech/fed_2021-03-23_speech_jerome_h_powell_c9a667cb.txt,Fed,US,speech,Jerome H Powell,2021-03-23,2021,1,2021-Q1,63,1062,16.857142857142858,0.23286290322580644,3.9254032258064515,0.0009416195856873823,0.0,0.0,0.0,0.0,0.0,0.0,-0.0009416195856873823
fed/speech/fed_2021-03-23_speech_lael_brainard_74018691.txt,Fed,US,speech,Lael Brainard,2021-03-23,2021,1,2021-Q1,115,2992,26.017391304347825,0.23678493845039827,6.160526398639927,-0.01771390374331551,0.0,0.00033422459893048126,0.0,-0.0016711229946524064,0.0,0.0,0.001336898395721925
fed/speech/fed_2021-03-23_speech_lael_brainard_e45e55e5.txt,Fed,US,speech,Lael Brainard,2021-03-23,2021,1,2021-Q1,141,3314,23.50354609929078,0.25845564773452456,6.074624231150457,0.0,0.0,0.0,0.0,-0.00030175015087507544,0.0,0.0,-0.006336753168376584
fed/speech/fed_2021-03-25_speech_richard_h_clarida_329db07a.txt,Fed,US,speech,Richard H Clarida,2021-03-25,2021,1,2021-Q1,55,1619,29.436363636363637,0.2120401337792642,6.241690483429614,-0.01173563928350834,0.0012353304508956147,0.0,0.0006176652254478073,0.0,0.0006176652254478073,0.0,0.0018529956763434219
fed/speech/fed_2021-03-29_speech_christopher_j_waller_e6537737.txt,Fed,US,speech,Christopher J Waller,2021-03-29,2021,1,2021-Q1,188,3206,17.0531914893617,0.22737975109317188,3.8775504361952606,-0.0018714909544603868,0.00031191515907673113,0.0,0.00031191515907673113,-0.0006238303181534623,0.0,0.0,0.0009357454772301934
fed/speech/fed_2021-03-30_speech_randal_k_quarles_ba830d10.txt,Fed,US,speech,Randal K Quarles,2021-03-30,2021,1,2021-Q1,113,2890,25.575221238938052,0.2113733905579399,5.4059212275437725,0.0,0.0,0.0,0.0,0.0006920415224913495,0.0,-0.00034602076124567473,0.00034602076124567473
fed/speech/fed_2021-04-14_speech_richard_h_clarida_f95d4e64.txt,Fed,US,speech,Richard H Clarida,2021-04-14,2021,2,2021-Q2,229,4388,19.16157205240175,0.23319858514401212,4.468451491755133,-0.020282588878760256,0.0,0.0,0.0,-0.0013673655423883319,0.00045578851412944393,0.0,-0.0034184138559708297
fed/speech/fed_2021-05-03_speech_jerome_h_powell_09c33a5c.txt,Fed,US,speech,Jerome H Powell,2021-05-03,2021,2,2021-Q2,69,1313,19.028985507246375,0.19742143432715553,3.7567296126312346,0.0,0.0,0.0,-0.0007616146230007616,0.0,0.0,0.0,0.007616146230007616
fed/speech/fed_2021-05-05_speech_michelle_w_bowman_de940827.txt,Fed,US,speech,Michelle W Bowman,2021-05-05,2021,2,2021-Q2,73,1764,24.164383561643834,0.19743739079790332,4.770952840650705,-0.0022675736961451248,0.0011337868480725624,0.0,0.0,-0.0017006802721088435,0.0005668934240362812,0.0,0.0045351473922902496
fed/speech/fed_2021-05-11_speech_lael_brainard_448e6364.txt,Fed,US,speech,Lael Brainard,2021-05-11,2021,2,2021-Q2,103,3076,29.864077669902912,0.2111888111888112,6.306959060357118,-0.00942782834850455,0.0006501950585175553,0.0006501950585175553,0.0,-0.0022756827048114434,0.0,0.0,0.0022756827048114434
fed/speech/fed_2021-05-12_speech_richard_h_clarida_8c5cb974.txt,Fed,US,speech,Richard H Clarida,2021-05-12,2021,2,2021-Q2,48,1628,33.916666666666664,0.20596026490066224,6.985485651214128,-0.01167076167076167,0.0006142506142506142,0.0,0.0006142506142506142,-0.0006142506142506142,0.0006142506142506142,0.0,0.0012285012285012285
fed/speech/fed_2021-05-13_speech_christopher_j_waller_48ed5d37.txt,Fed,US,speech,Christopher J Waller,2021-05-13,2021,2,2021-Q2,129,2842,22.031007751937985,0.1730345334313005,3.812125147377954,-0.014778325123152709,-0.0003518648838845883,0.0,0.0,-0.0003518648838845883,0.001055594651653765,0.0,0.001055594651653765
fed/speech/fed_2021-05-17_speech_richard_h_clarida_5ca49679.txt,Fed,US,speech,Richard H Clarida,2021-05-17,2021,2,2021-Q2,252,4946,19.626984126984127,0.20367936925098554,3.9976117472832318,-0.00303275374039628,0.000606550748079256,0.0,0.0,0.0,0.0,0.0,0.0026283865750101093
fed/speech/fed_2021-05-19_speech_randal_k_quarles_17d13ef9.txt,Fed,US,speech,Randal K Quarles,2021-05-19,2021,2,2021-Q2,104,2587,24.875,0.22014148980441114,5.476019558884727,0.0,0.0,0.0007730962504831851,0.00038654812524159255,0.0,0.0,0.0,0.004252029377657518
fed/speech/fed_2021-05-24_speech_lael_brainard_4700cc27.txt,Fed,US,speech,Lael Brainard,2021-05-24,2021,2,2021-Q2,132,3430,25.984848484848484,0.2522164475695506,6.553806175481504,0.0,0.0,0.0,0.0,0.0,0.0,0.0,0.0008746355685131195
fed/speech/fed_2021-05-26_speech_randal_k_quarles_1fd79e7c.txt,Fed,US,speech,Randal K Quarles,2021-05-26,2021,2,2021-Q2,110,2240,20.363636363636363,0.23441055985434683,4.773451400670336,0.0,0.0,0.0,0.0,-0.0008928571428571428,0.0,0.0,-0.0013392857142857143
fed/speech/fed_2021-05-26_speech_randal_k_quarles_81f9d5f0.txt,Fed,US,speech,Randal K Quarles,2021-05-26,2021,2,2021-Q2,135,3656,27.081481481481482,0.1957142857142857,5.300232804232804,-0.0087527352297593,0.0005470459518599562,0.0,0.0008205689277899343,0.0,0.0008205689277899343,0.0,0.007658643326039387
fed/speech/fed_2021-06-01_speech_lael_brainard_1682ad32.txt,Fed,US,speech,Lael Brainard,2021-06-01,2021,2,2021-Q2,135,3787,28.05185185185185,0.23194997157475838,6.50662623965637,-0.016107736994982837,0.0010562450488513335,0.0,0.0002640612622128334,-0.0005281225244256667,0.0,0.0,0.002112490097702667
fed/speech/fed_2021-06-03_speech_randal_k_quarles_ab13e702.txt,Fed,US,speech,Randal K Quarles,2021-06-03,2021,2,2021-Q2,149,3770,25.302013422818792,0.20416552480131542,5.165798848999725,0.0,0.0002652519893899204,0.0,-0.0002652519893899204,0.0,0.0,0.0,0.006631299734748011
fed/speech/fed_2021-06-11_speech_randal_k_quarles_d22c22f3.txt,Fed,US,speech,Randal K Quarles,2021-06-11,2021,2,2021-Q2,69,1595,23.115942028985508,0.258148631029987,5.967348789751148,0.0,0.0,0.0,0.0,0.0,0.0,0.0,-0.0012539184952978057
fed/speech/fed_2021-06-22_speech_jerome_h_powell_c862e313.txt,Fed,US,speech,Jerome H Powell,2021-06-22,2021,2,2021-Q2,91,1827,20.076923076923077,0.2534722222222222,5.0889423076923075,-0.0005473453749315818,0.0005473453749315818,0.0,0.0,0.0,0.0005473453749315818,0.0,0.00875752599890531
fed/speech/fed_2021-06-23_speech_michelle_w_bowman_7536dadb.txt,Fed,US,speech,Michelle W Bowman,2021-06-23,2021,2,2021-Q2,88,2202,25.022727272727273,0.22705771050141912,5.681603165046874,-0.0013623978201634877,0.0009082652134423251,0.0,0.0,0.00045413260672116256,0.00045413260672116256,0.0,0.0036330608537693005
fed/speech/fed_2021-06-28_speech_randal_k_quarles_ea775029.txt,Fed,US,speech,Randal K Quarles,2021-06-28,2021,2,2021-Q2,173,3724,21.526011560693643,0.20251046025104602,4.359242508525407,0.0,0.0,0.0,0.0,0.0,0.0,0.0,0.0002685284640171858
fed/speech/fed_2021-07-14_speech_jerome_h_powell_e0af7c77.txt,Fed,US,speech,Jerome H Powell,2021-07-14,2021,3,2021-Q3,46,1127,24.5,0.23160762942779292,5.674386920980926,-0.012422360248447204,0.001774622892635315,0.0,0.0,0.0,0.001774622892635315,0.0,0.012422360248447204
fed/speech/fed_2021-07-30_speech_lael_brainard_b0cff04d.txt,Fed,US,speech,Lael Brainard,2021-07-30,2021,3,2021-Q3,55,1596,29.01818181818182,0.22347480106100795,6.48483240897034,-0.017543859649122806,0.0006265664160401002,0.0,0.0,0.0,0.0,0.0,0.008145363408521303
fed/speech/fed_2021-08-03_speech_michelle_w_bowman_860cd247.txt,Fed,US,speech,Michelle W Bowman,2021-08-03,2021,3,2021-Q3,63,1300,20.634920634920636,0.18506493506493507,3.8188002473716764,0.0,0.0,0.0007692307692307692,-0.0015384615384615385,-0.0007692307692307692,0.0,0.0,0.002307692307692308
fed/speech/fed_2021-08-04_speech_richard_h_clarida_9b69dd5e.txt,Fed,US,speech,Richard H Clarida,2021-08-04,2021,3,2021-Q3,108,2868,26.555555555555557,0.22072577628133183,5.861495614582035,-0.010111576011157601,0.0024407252440725243,0.0,0.0,-0.0003486750348675035,0.0,0.0,0.0024407252440725243
fed/speech/fed_2021-08-05_speech_christopher_j_waller_b58f3560.txt,Fed,US,speech,Christopher J Waller,2021-08-05,2021,3,2021-Q3,182,3766,20.692307692307693,0.19631057268722468,4.062118773297188,0.0,0.0,0.0,0.0,0.0,0.0,0.0,0.0005310674455655868
fed/speech/fed_2021-08-17_speech_jerome_h_powell_d69b21bc.txt,Fed,US,speech,Jerome H Powell,2021-08-17,2021,3,2021-Q3,37,699,18.89189189189189,0.14949201741654572,2.8241870317342013,0.0,0.0,0.0,0.0,-0.001430615164520744,0.0,0.0,0.001430615164520744
fed/speech/fed_2021-08-27_speech_jerome_h_powell_b99eca34.txt,Fed,US,speech,Jerome H Powell,2021-08-27,2021,3,2021-Q3,243,4359,17.938271604938272,0.22517378351539225,4.0392284870106785,-0.01904106446432668,-0.0011470520761642578,0.00022941041523285156,0.0011470520761642578,0.0,0.00022941041523285156,0.0,0.0022941041523285156
fed/speech/fed_2021-09-09_speech_michelle_w_bowman_76b2ea4a.txt,Fed,US,speech,Michelle W Bowman,2021-09-09,2021,3,2021-Q3,85,2077,24.435294117647057,0.27495107632093935,6.718510417865776,0.0,0.0,0.002888781896966779,0.0,0.0,0.0,0.0,-0.0014443909484833895
fed/speech/fed_2021-09-24_speech_jerome_h_powell_ac593224.txt,Fed,US,speech,Jerome H Powell,2021-09-24,2021,3,2021-Q3,18,445,24.72222222222222,0.18636363636363637,4.607323232323233,0.0,0.0,0.0,0.0,-0.0044943820224719105,0.0,0.0,-0.006741573033707865
fed/speech/fed_2021-09-27_speech_lael_brainard_ce8ecb5c.txt,Fed,US,speech,Lael Brainard,2021-09-27,2021,3,2021-Q3,136,3480,25.58823529411765,0.2206747137109254,5.646676497897209,-0.011494252873563218,0.0014367816091954023,0.0,0.0,-0.0005747126436781609,0.0,0.0,0.0017241379310344827
fed/speech/fed_2021-09-28_speech_michelle_w_bowman_84ab6b2b.txt,Fed,US,speech,Michelle W Bowman,2021-09-28,2021,3,2021-Q3,149,3880,26.040268456375838,0.23716767570413266,6.1759099445103,0.0,0.0,0.0002577319587628866,0.0,-0.0007731958762886598,0.0,0.0,-0.0002577319587628866
fed/speech/fed_2021-10-05_speech_randal_k_quarles_a13c66f6.txt,Fed,US,speech,Randal K Quarles,2021-10-05,2021,4,2021-Q4,109,2286,20.972477064220183,0.17325367647058823,3.6335587560712357,0.0,0.0,0.0,0.0,-0.0004374453193350831,0.0,0.0,0.0004374453193350831
fed/speech/fed_2021-10-07_speech_lael_brainard_483712f1.txt,Fed,US,speech,Lael Brainard,2021-10-07,2021,4,2021-Q4,151,3365,22.28476821192053,0.2582657517155334,5.755392414058078,0.0,0.0008915304606240713,0.0,0.0,-0.0014858841010401188,0.0,0.0,-0.0008915304606240713
fed/speech/fed_2021-10-12_speech_richard_h_clarida_a787ef3e.txt,Fed,US,speech,Richard H Clarida,2021-10-12,2021,4,2021-Q4,80,1754,21.925,0.22518159806295399,4.9371065375302665,-0.00798175598631699,0.0011402508551881414,0.0,0.0,0.0,0.0,0.0,0.0017103762827822121
fed/speech/fed_2021-10-13_speech_lael_brainard_f1b06b79.txt,Fed,US,speech,Lael Brainard,2021-10-13,2021,4,2021-Q4,175,4128,23.588571428571427,0.2551181102362205,6.017871766029247,0.0,0.00024224806201550387,0.001695736434108527,0.0,-0.00048449612403100775,0.0,0.0,0.005087209302325582
fed/speech/fed_2021-10-13_speech_michelle_w_bowman_b170684d.txt,Fed,US,speech,Michelle W Bowman,2021-10-13,2021,4,2021-Q4,142,3707,26.1056338028169,0.19763930826242107,5.159499406540809,-0.004316158618829242,0.0002697599136768276,0.0,0.0002697599136768276,-0.0010790396547073105,0.0002697599136768276,0.0,-0.0002697599136768276
fed/speech/fed_2021-10-18_speech_randal_k_quarles_ad40913f.txt,Fed,US,speech,Randal K Quarles,2021-10-18,2021,4,2021-Q4,148,3064,20.7027027027027,0.20449212202480724,4.233539607324388,0.0,0.0,0.0,0.0,-0.0006527415143603133,0.0,0.0,0.0006527415143603133
fed/speech/fed_2021-10-19_speech_christopher_j_waller_7bafc2bd.txt,Fed,US,speech,Christopher J Waller,2021-10-19,2021,4,2021-Q4,159,3586,22.553459119496857,0.1707035755478662,3.8499561126707436,-0.023982152816508645,0.0011154489682097045,0.0,0.0002788622420524261,-0.0005577244841048522,0.0,0.0,0.0013943112102621305
fed/speech/fed_2021-10-19_speech_michelle_w_bowman_2dfd9248.txt,Fed,US,speech,Michelle W Bowman,2021-10-19,2021,4,2021-Q4,82,1919,23.402439024390244,0.1977124183006536,4.626952813645783,0.0,0.0,0.0,-0.0020844189682126106,0.0,0.0,0.0,-0.0005211047420531526
fed/speech/fed_2021-10-20_speech_randal_k_quarles_dbd7aafa.txt,Fed,US,speech,Randal K Quarles,2021-10-20,2021,4,2021-Q4,125,3692,29.536,0.2055995475113122,6.072588235294118,-0.021939328277356448,0.0008125677139761647,0.0,0.00027085590465872155,0.0,0.00027085590465872155,0.0,0.0027085590465872156
fed/speech/fed_2021-10-22_speech_michelle_w_bowman_4a17a936.txt,Fed,US,speech,Michelle W Bowman,2021-10-22,2021,4,2021-Q4,108,2390,22.12962962962963,0.22484689413823272,4.975778490651631,0.0,0.0,0.0,0.0,0.00041841004184100416,0.0,0.0,-0.006276150627615063
fed/speech/fed_2021-11-09_speech_jerome_h_powell_f0a79d24.txt,Fed,US,speech,Jerome H Powell,2021-11-09,2021,4,2021-Q4,35,748,21.37142857142857,0.2214484679665738,4.7326701153999196,0.0,-0.001336898395721925,0.0,-0.001336898395721925,0.0,0.0,0.0,-0.001336898395721925
fed/speech/fed_2021-11-19_speech_christopher_j_waller_f05e7c8c.txt,Fed,US,speech,Christopher J Waller,2021-11-19,2021,4,2021-Q4,130,3138,24.138461538461538,0.1747860434496379,4.219066187268952,-0.010834926704907584,0.0006373486297004461,0.0,0.0,0.00031867431485022306,0.0,0.0,0.0028680688336520078
fed/speech/fed_2021-11-29_speech_jerome_h_powell_5b6ad161.txt,Fed,US,speech,Jerome H Powell,2021-11-29,2021,4,2021-Q4,16,481,30.0625,0.2059447983014862,6.191215498938429,0.0,0.0,0.004158004158004158,0.0,0.0,0.0,0.0,0.006237006237006237
fed/speech/fed_2021-12-17_speech_christopher_j_waller_a3d94e15.txt,Fed,US,speech,Christopher J Waller,2021-12-17,2021,4,2021-Q4,155,3851,24.84516129032258,0.17579173376274826,4.367573978840926,-0.006232147494157362,0.0005193456245131135,0.0,0.0,-0.0005193456245131135,0.00025967281225655674,0.0,-0.001038691249026227
fed/speech/fed_2022-01-11_speech_jerome_h_powell_bbbd4de7.txt,Fed,US,speech,Jerome H Powell,2022-01-11,2022,1,2022-Q1,49,946,19.306122448979593,0.2012847965738758,3.886028929773194,-0.0021141649048625794,0.0,0.0,0.0010570824524312897,0.0021141649048625794,0.0,0.0,0.012684989429175475
fed/speech/fed_2022-01-13_speech_lael_brainard_bd77415a.txt,Fed,US,speech,Lael Brainard,2022-01-13,2022,1,2022-Q1,30,622,20.733333333333334,0.2160392798690671,4.479214402618658,-0.00482315112540193,0.0,0.0,0.0,0.0,0.0,0.0,0.008038585209003215
fed/speech/fed_2022-02-18_speech_lael_brainard_b0e3d519.txt,Fed,US,speech,Lael Brainard,2022-02-18,2022,1,2022-Q1,111,2912,26.234234234234233,0.2534696859021183,6.649583111233951,0.00034340659340659343,0.0,0.0,0.0,0.0006868131868131869,0.0,0.0,0.005151098901098901
fed/speech/fed_2022-02-21_speech_michelle_w_bowman_8962485f.txt,Fed,US,speech,Michelle W Bowman,2022-02-21,2022,1,2022-Q1,64,1603,25.046875,0.19911223842739378,4.987139346861128,-0.011228945726762321,0.0012476606363069245,0.0,0.0012476606363069245,0.0006238303181534623,0.0,0.0,0.006238303181534623
fed/speech/fed_2022-02-24_speech_christopher_j_waller_08ea8f8d.txt,Fed,US,speech,Christopher J Waller,2022-02-24,2022,1,2022-Q1,165,3924,23.78181818181818,0.16675406397482959,3.9657148305286745,-0.013761467889908258,0.0010193679918450561,0.0,0.0,-0.0007645259938837921,-0.0012742099898063201,0.0,-0.0010193679918450561
fed/speech/fed_2022-03-02_speech_jerome_h_powell_ffac47ff.txt,Fed,US,speech,Jerome H Powell,2022-03-02,2022,1,2022-Q1,47,961,20.4468085106383,0.21208907741251326,4.3365447530516015,-0.008324661810613945,0.0,0.0,0.003121748178980229,-0.001040582726326743,0.0,0.0,0.004162330905306972
fed/speech/fed_2022-03-18_speech_michelle_w_bowman_315694fd.txt,Fed,US,speech,Michelle W Bowman,2022-03-18,2022,1,2022-Q1,18,524,29.11111111111111,0.16116504854368932,4.691693635382956,0.0,0.0019083969465648854,0.0,0.0,0.0,0.0,0.0,0.003816793893129771
fed/speech/fed_2022-03-21_speech_jerome_h_powell_a8a7386c.txt,Fed,US,speech,Jerome H Powell,2022-03-21,2022,1,2022-Q1,145,3060,21.103448275862068,0.19163524168666438,4.0441644107668475,-0.004248366013071895,0.0,0.0,0.0022875816993464053,-0.00065359477124183,-0.000980392156862745,0.0,0.00261437908496732
fed/speech/fed_2022-03-24_speech_christopher_j_waller_745a040b.txt,Fed,US,speech,Christopher J Waller,2022-03-24,2022,1,2022-Q1,166,3638,21.91566265060241,0.17216435185185186,3.7730958556448018,-0.002473886750962067,-0.0008246289169873557,0.0,0.0,0.0,0.0,0.0,-0.0010995052226498076
fed/speech/fed_2022-04-05_speech_lael_brainard_c246508d.txt,Fed,US,speech,Lael Brainard,2022-04-05,2022,2,2022-Q2,152,3862,25.407894736842106,0.2396351575456053,6.088624858165314,-0.01967892283790782,-0.0002589331952356292,0.0,0.0002589331952356292,-0.0002589331952356292,-0.0002589331952356292,0.0,0.004401864319005696
fed/speech/fed_2022-05-05_speech_eddie_yue_e6ff1859.txt,Fed,US,speech,Eddie Yue,2022-05-05,2022,2,2022-Q2,24,437,18.208333333333332,0.17339667458432304,3.1572644497228817,-0.002288329519450801,0.0,0.0,0.0,0.0,-0.006864988558352402,0.0,-0.002288329519450801
fed/speech/fed_2022-05-06_speech_christopher_j_waller_0f611b1a.txt,Fed,US,speech,Christopher J Waller,2022-05-06,2022,2,2022-Q2,109,2514,23.06422018348624,0.17747440273037543,4.09330870150609,-0.00994431185361973,0.0,0.0,0.0,0.0,-0.0015910898965791568,0.0,0.0
fed/speech/fed_2022-05-24_speech_jerome_h_powell_c0636e5f.txt,Fed,US,speech,Jerome H Powell,2022-05-24,2022,2,2022-Q2,27,623,23.074074074074073,0.25121555915721233,5.796566420553455,-0.0016051364365971107,0.0,0.0,0.0,0.0,0.0,0.0,0.0032102728731942215
fed/speech/fed_2022-05-30_speech_christopher_j_waller_ec88de93.txt,Fed,US,speech,Christopher J Waller,2022-05-30,2022,2,2022-Q2,257,5129,19.957198443579767,0.19354183590576768,3.8625528263061573,-0.008578670306102555,0.0009748488984207448,0.0,-0.0005849093390524469,-0.0007798791187365958,-0.0023396373562097877,0.0,0.004874244492103724
fed/speech/fed_2022-06-03_speech_christopher_j_waller_670e91da.txt,Fed,US,speech,Christopher J Waller,2022-06-03,2022,2,2022-Q2,77,1694,22.0,0.19535175879396985,4.297738693467337,0.0,0.0,0.0,0.0,-0.0023612750885478157,0.0,0.0,-0.0005903187721369539
fed/speech/fed_2022-06-17_speech_jerome_h_powell_b51daed6.txt,Fed,US,speech,Jerome H Powell,2022-06-17,2022,2,2022-Q2,57,935,16.403508771929825,0.21188340807174888,3.4756313429313197,0.0,0.0,0.0,0.0,-0.0010695187165775401,0.0,0.0,0.0074866310160427805
fed/speech/fed_2022-06-18_speech_christopher_j_waller_4d97dc76.txt,Fed,US,speech,Christopher J Waller,2022-06-18,2022,2,2022-Q2,114,2973,26.07894736842105,0.19769874476987448,5.155775159656463,-0.005045408678102927,0.0,0.0,0.0003363605785401951,-0.0003363605785401951,-0.0020181634712411706,0.0,0.0006727211570803902
fed/speech/fed_2022-06-22_speech_jerome_h_powell_c20c8d42.txt,Fed,US,speech,Jerome H Powell,2022-06-22,2022,2,2022-Q2,49,1001,20.428571428571427,0.21846153846153846,4.462857142857143,-0.012987012987012988,0.000999000999000999,0.0,0.001998001998001998,-0.003996003996003996,0.0,0.0,0.00999000999000999
fed/speech/fed_2022-06-23_speech_michelle_w_bowman_3e792806.txt,Fed,US,speech,Michelle W Bowman,2022-06-23,2022,2,2022-Q2,55,1483,26.963636363636365,0.18339100346020762,4.944888329663416,-0.022926500337154418,0.0,0.0006743088334457181,0.0020229265003371545,0.0,-0.0013486176668914363,0.0,0.0
fed/speech/fed_2022-07-08_speech_lael_brainard_64950850.txt,Fed,US,speech,Lael Brainard,2022-07-08,2022,3,2022-Q3,115,3043,26.46086956521739,0.27898176814585485,7.382100177981185,-0.00032862306933946765,0.0,0.0,0.0,-0.000985869208018403,0.0,0.0,-0.0026289845547157412
fed/speech/fed_2022-07-14_speech_christopher_j_waller_610020b5.txt,Fed,US,speech,Christopher J Waller,2022-07-14,2022,3,2022-Q3,134,3595,26.828358208955223,0.17160103478010924,4.603774030108155,-0.015577190542420028,0.0008344923504867872,0.0,0.0011126564673157164,-0.0008344923504867872,-0.0016689847009735744,0.0,-0.0011126564673157164
fed/speech/fed_2022-07-19_speech_lael_brainard_673dede6.txt,Fed,US,speech,Lael Brainard,2022-07-19,2022,3,2022-Q3,44,1115,25.34090909090909,0.2646784715750233,6.70719308650343,0.0,0.0,0.0,0.0,0.0008968609865470852,0.0,0.0,0.003587443946188341
fed/speech/fed_2022-07-28_speech_eddie_yue_712dc3f7.txt,Fed,US,speech,Eddie Yue,2022-07-28,2022,3,2022-Q3,36,702,19.5,0.18074074074074073,3.5244444444444443,0.0,0.0014245014245014246,0.0,0.0,-0.0014245014245014246,-0.005698005698005698,0.0,0.002849002849002849
fed/speech/fed_2022-08-06_speech_michelle_w_bowman_6cd377a8.txt,Fed,US,speech,Michelle W Bowman,2022-08-06,2022,3,2022-Q3,95,2403,25.294736842105262,0.19736842105263158,4.992382271468144,-0.010819808572617561,0.0,0.0,0.0012484394506866417,-0.0012484394506866417,-0.0004161464835622139,0.0,0.0012484394506866417
fed/speech/fed_2022-08-17_speech_michelle_w_bowman_0bd36ebe.txt,Fed,US,speech,Michelle W Bowman,2022-08-17,2022,3,2022-Q3,140,3099,22.135714285714286,0.17819420783645656,3.944456072036992,-0.000968054211035818,-0.002258793159083575,0.0,-0.000968054211035818,-0.0006453694740238787,0.0,0.0,-0.003872216844143272
fed/speech/fed_2022-08-17_speech_michelle_w_bowman_5c387bc3.txt,Fed,US,speech,Michelle W Bowman,2022-08-17,2022,3,2022-Q3,94,2102,22.361702127659573,0.25,5.590425531914893,0.0,0.0,0.004281636536631779,0.0,0.0004757373929590866,0.0,0.0,-0.0028544243577545195
fed/speech/fed_2022-08-26_speech_jerome_h_powell_9118d993.txt,Fed,US,speech,Jerome H Powell,2022-08-26,2022,3,2022-Q3,78,1516,19.435897435897434,0.19767441860465115,3.8419797257006554,-0.021767810026385226,-0.0006596306068601583,0.0,0.0006596306068601583,-0.001978891820580475,-0.001978891820580475,0.0,0.009234828496042216
fed/speech/fed_2022-08-29_speech_lael_brainard_857466b5.txt,Fed,US,speech,Lael Brainard,2022-08-29,2022,3,2022-Q3,37,1082,29.243243243243242,0.23121387283236994,6.761443524449304,0.0,0.0,0.0009242144177449168,0.0,0.0,0.0,0.0,0.0018484288354898336
fed/speech/fed_2022-09-07_speech_lael_brainard_8b8bec4c.txt,Fed,US,speech,Lael Brainard,2022-09-07,2022,3,2022-Q3,92,2573,27.967391304347824,0.20780287474332648,5.81170431211499,-0.012048192771084338,0.001554605518849592,0.0,0.0,-0.001165954139137194,-0.001165954139137194,-0.001165954139137194,-0.000777302759424796
fed/speech/fed_2022-09-07_speech_michael_s_barr_158eb019.txt,Fed,US,speech,Michael S Barr,2022-09-07,2022,3,2022-Q3,137,3145,22.956204379562045,0.21630506245890863,4.96554322214064,0.0,-0.0003179650238473768,0.0,0.0,0.0003179650238473768,0.0,0.0,-0.0003179650238473768
fed/speech/fed_2022-09-09_speech_christopher_j_waller_86e1997f.txt,Fed,US,speech,Christopher J Waller,2022-09-09,2022,3,2022-Q3,130,3203,24.638461538461538,0.16881028938906753,4.159225822409102,-0.015922572588198562,-0.0006244146113019045,0.0,0.0015610365282547611,-0.0006244146113019045,-0.0009366219169528567,-0.00031220730565095225,0.00280986575085857
fed/speech/fed_2022-09-28_speech_jerome_h_powell_36937c75.txt,Fed,US,speech,Jerome H Powell,2022-09-28,2022,3,2022-Q3,21,436,20.761904761904763,0.25,5.190476190476191,0.0,0.0,0.0,0.0,0.0,0.0,0.0,0.0
fed/speech/fed_2022-09-28_speech_michelle_w_bowman_66d476b4.txt,Fed,US,speech,Michelle W Bowman,2022-09-28,2022,3,2022-Q3,167,4024,24.095808383233532,0.2308288148721921,5.562006892489227,0.0,0.0,0.0,0.0,0.00024850894632206757,0.0,0.0,0.0
fed/speech/fed_2022-09-30_speech_lael_brainard_40155c51.txt,Fed,US,speech,Lael Brainard,2022-09-30,2022,3,2022-Q3,91,2180,23.956043956043956,0.26158301158301156,6.26649412363698,-0.011009174311926606,0.0,0.0,0.0,-0.00045871559633027525,-0.001834862385321101,-0.00045871559633027525,-0.004128440366972477
fed/speech/fed_2022-09-30_speech_michelle_w_bowman_dd9d84bd.txt,Fed,US,speech,Michelle W Bowman,2022-09-30,2022,3,2022-Q3,151,3753,24.85430463576159,0.24667209997283346,6.130863517867841,0.0,0.0,0.0,0.0,0.0021316280309086064,0.0,-0.0005329070077271516,0.001332267519317879
fed/speech/fed_2022-10-04_speech_philip_n_jefferson_c26a44c7.txt,Fed,US,speech,Philip N Jefferson,2022-10-04,2022,4,2022-Q4,74,1595,21.554054054054053,0.20282413350449294,4.371682337022516,-0.005015673981191223,0.0,0.0,0.0006269592476489029,0.0,0.0,0.0,0.0006269592476489029
fed/speech/fed_2022-10-06_speech_christopher_j_waller_9b90a658.txt,Fed,US,speech,Christopher J Waller,2022-10-06,2022,4,2022-Q4,132,2990,22.651515151515152,0.17626886145404663,3.9927567859666624,-0.019732441471571906,0.00033444816053511704,0.0,0.00033444816053511704,0.0,-0.0016722408026755853,-0.00033444816053511704,0.001003344481605351
fed/speech/fed_2022-10-06_speech_lisa_d_cook_21366243.txt,Fed,US,speech,Lisa D Cook,2022-10-06,2022,4,2022-Q4,108,2356,21.814814814814813,0.20426829268292682,4.45607497741644,-0.016553480475382003,0.00042444821731748726,0.0,0.0008488964346349745,-0.0029711375212224107,-0.0021222410865874364,0.0,-0.001697792869269949
fed/speech/fed_2022-10-10_speech_lael_brainard_4db16a6a.txt,Fed,US,speech,Lael Brainard,2022-10-10,2022,4,2022-Q4,95,2582,27.178947368421053,0.19053549190535493,5.178554106311857,-0.011618900077459334,0.0023237800154918666,0.0,0.0019364833462432224,-0.0011618900077459333,-0.0019364833462432224,0.0,0.003098373353989156
fed/speech/fed_2022-10-12_speech_michael_s_barr_f6e4f2af.txt,Fed,US,speech,Michael S Barr,2022-10-12,2022,4,2022-Q4,91,2270,24.945054945054945,0.23734177215189872,5.920503547085826,0.0,0.0,0.0,0.0,-0.0013215859030837004,0.0,0.0,0.0
fed/speech/fed_2022-10-12_speech_michelle_w_bowman_15851440.txt,Fed,US,speech,Michelle W Bowman,2022-10-12,2022,4,2022-Q4,116,3946,34.01724137931034,0.21772486772486774,7.406399379675242,-0.006082108464267613,-0.00025342118601115053,0.0,0.0,-0.002280790674100355,-0.0010136847440446021,0.00025342118601115053,-0.002787633046122656
fed/speech/fed_2022-10-14_speech_christopher_j_waller_66d68820.txt,Fed,US,speech,Christopher J Waller,2022-10-14,2022,4,2022-Q4,181,2893,15.98342541436464,0.2052497265767408,3.280593696058072,-0.0003456619426201175,0.0003456619426201175,0.0,0.0,-0.000691323885240235,0.0,0.0,0.0003456619426201175
fed/speech/fed_2022-10-20_speech_michelle_w_bowman_9e9e884a.txt,Fed,US,speech,Michelle W Bowman,2022-10-20,2022,4,2022-Q4,53,1184,22.339622641509433,0.2484472049689441,5.5502168053439584,0.0,0.0,0.0,0.0,0.0,0.0,0.0,-0.0033783783783783786
fed/speech/fed_2022-11-15_speech_michael_s_barr_c64853e3.txt,Fed,US,speech,Michael S Barr,2022-11-15,2022,4,2022-Q4,87,1903,21.873563218390803,0.23585912486659552,5.159079478403807,-0.0010509721492380452,0.0,0.0,0.0,-0.0015764582238570678,0.0,-0.0005254860746190226,-0.0005254860746190226
fed/speech/fed_2022-11-16_speech_christopher_j_waller_52eb89d7.txt,Fed,US,speech,Christopher J Waller,2022-11-16,2022,4,2022-Q4,131,3121,23.82442748091603,0.16021185038066865,3.8169556109776095,-0.016661326497917333,0.0006408202499198974,0.0,0.0019224607497596924,-0.0003204101249599487,-0.0016020506247997437,0.0,0.004485741749439282
fed/speech/fed_2022-11-17_speech_michelle_w_bowman_1b57d827.txt,Fed,US,speech,Michelle W Bowman,2022-11-17,2022,4,2022-Q4,70,1519,21.7,0.27709190672153633,6.012894375857338,0.0,0.0006583278472679394,0.0,0.0,0.0,0.0,0.0,0.004608294930875576
fed/speech/fed_2022-11-17_speech_philip_n_jefferson_a7e2be1d.txt,Fed,US,speech,Philip N Jefferson,2022-11-17,2022,4,2022-Q4,66,1327,20.106060606060606,0.19485580670303976,3.9177826590141476,-0.0052750565184626974,0.0007535795026375283,0.0,0.0,0.0,0.0,0.0,0.016578749058025623
fed/speech/fed_2022-11-30_speech_jerome_h_powell_03f7ac72.txt,Fed,US,speech,Jerome H Powell,2022-11-30,2022,4,2022-Q4,172,3285,19.098837209302324,0.18713826366559486,3.5741232333806923,-0.0167427701674277,0.0006088280060882801,0.0,0.00213089802130898,-0.0012176560121765602,-0.00213089802130898,0.0,0.006697108066971081
fed/speech/fed_2022-11-30_speech_lisa_d_cook_90df7afd.txt,Fed,US,speech,Lisa D Cook,2022-11-30,2022,4,2022-Q4,192,2997,15.609375,0.20644935155976166,3.2225453470031544,-0.006006006006006006,0.0,0.001668335001668335,0.000333667000333667,-0.001001001001001001,-0.001001001001001001,0.0,0.017350684017350685
fed/speech/fed_2022-12-01_speech_michael_s_barr_c78e020c.txt,Fed,US,speech,Michael S Barr,2022-12-01,2022,4,2022-Q4,411,5553,13.510948905109489,0.1952167995333463,2.6375642039140437,0.0,0.00018008283810552856,-0.00018008283810552856,0.0,0.0,0.00018008283810552856,0.0,-0.0030614082477939853
fed/speech/fed_2022-12-15_speech_eddie_yue_5dde39ad.txt,Fed,US,speech,Eddie Yue,2022-12-15,2022,4,2022-Q4,23,440,19.130434782608695,0.19058823529411764,3.6460358056265982,0.0,0.0,0.0,0.0,0.0,-0.00909090909090909,0.0,0.004545454545454545
fed/speech/fed_2023-01-06_speech_lisa_d_cook_dfc77eb8.txt,Fed,US,speech,Lisa D Cook,2023-01-06,2023,1,2023-Q1,119,2457,20.647058823529413,0.21950171821305842,4.532064887810795,-0.024013024013024013,0.0,0.0,0.000407000407000407,-0.001628001628001628,0.0,0.0,-0.000407000407000407
fed/speech/fed_2023-01-10_speech_jerome_h_powell_49692e19.txt,Fed,US,speech,Jerome H Powell,2023-01-10,2023,1,2023-Q1,72,1271,17.65277777777778,0.26359832635983266,4.653242677824268,0.003933910306845004,0.0007867820613690008,0.0,0.0,0.007081038552321007,0.0,0.0,0.0015735641227380016
fed/speech/fed_2023-01-10_speech_michelle_w_bowman_474e7c25.txt,Fed,US,speech,Michelle W Bowman,2023-01-10,2023,1,2023-Q1,80,1912,23.9,0.19840425531914893,4.741861702127659,-0.006276150627615063,0.0005230125523012552,0.0,0.0010460251046025104,0.0,-0.0015690376569037657,-0.0005230125523012552,0.005753138075313808
fed/speech/fed_2023-01-16_speech_lisa_d_cook_2ecaf368.txt,Fed,US,speech,Lisa D Cook,2023-01-16,2023,1,2023-Q1,68,1305,19.191176470588236,0.1799844840961986,3.454113996257929,0.0,0.0,0.0,0.0,0.0,0.0,0.0,0.0022988505747126436
fed/speech/fed_2023-01-19_speech_lael_brainard_62f21d42.txt,Fed,US,speech,Lael Brainard,2023-01-19,2023,1,2023-Q1,126,3083,24.46825396825397,0.21355813136635055,5.225394595257609,-0.01265001621796951,0.0006487187804086928,0.0,-0.0009730781706130393,-0.0012974375608173856,-0.0009730781706130393,0.0,-0.0022705157314304248
fed/speech/fed_2023-01-20_speech_christopher_j_waller_973b0e91.txt,Fed,US,speech,Christopher J Waller,2023-01-20,2023,1,2023-Q1,84,2054,24.452380952380953,0.18177215189873416,4.444761904761904,-0.01801363193768257,0.0014605647517039922,0.0,0.0014605647517039922,-0.0024342745861733205,-0.0019474196689386564,0.0,0.006329113924050633
fed/speech/fed_2023-01-21_speech_lisa_d_cook_42ea23ac.txt,Fed,US,speech,Lisa D Cook,2023-01-21,2023,1,2023-Q1,169,3033,17.94674556213018,0.15421034832600608,2.7675738844542987,0.0003297065611605671,0.0,0.0,0.0,0.0003297065611605671,0.0,0.0,0.0016485328058028356
fed/speech/fed_2023-02-07_speech_michael_s_barr_ef0af44b.txt,Fed,US,speech,Michael S Barr,2023-02-07,2023,1,2023-Q1,310,4738,15.283870967741935,0.2420081044574516,3.698820641675502,0.0,0.0,0.00042211903756859433,0.0,0.00021105951878429716,-0.00021105951878429716,0.0,0.0029548332629801602
fed/speech/fed_2023-02-08_speech_christopher_j_waller_3b1e1790.txt,Fed,US,speech,Christopher J Waller,2023-02-08,2023,1,2023-Q1,149,3632,24.375838926174495,0.17305491990846683,4.218358853070815,-0.028359030837004404,0.0,0.0,0.0005506607929515419,-0.0011013215859030838,-0.00027533039647577095,0.0,0.0013766519823788547
fed/speech/fed_2023-02-10_speech_christopher_j_waller_b0b95115.txt,Fed,US,speech,Christopher J Waller,2023-02-10,2023,1,2023-Q1,69,1448,20.985507246376812,0.19472182596291013,4.086336289772375,0.0,0.0,0.0,0.0,0.0,0.0,0.0,0.004143646408839779
fed/speech/fed_2023-02-13_speech_michelle_w_bowman_7772c8a3.txt,Fed,US,speech,Michelle W Bowman,2023-02-13,2023,1,2023-Q1,134,3226,24.074626865671643,0.24261670371546523,5.840906613329037,-0.002789832610043397,0.0009299442033477991,0.0,0.00030998140111593303,0.002789832610043397,-0.0006199628022318661,0.0,0.00030998140111593303
fed/speech/fed_2023-02-15_speech_michelle_w_bowman_667c7b4d.txt,Fed,US,speech,Michelle W Bowman,2023-02-15,2023,1,2023-Q1,103,2389,23.194174757281555,0.27866724361748163,6.463456747593822,0.0,0.0,0.0,0.0,0.0,0.0,0.0,-0.0058601925491837585
fed/speech/fed_2023-02-22_speech_philip_n_jefferson_71428d5d.txt,Fed,US,speech,Philip N Jefferson,2023-02-22,2023,1,2023-Q1,134,2892,21.582089552238806,0.1812522885389967,3.911803122796854,-0.010027662517289074,0.0027662517289073307,0.00034578146611341634,-0.0006915629322268327,-0.0006915629322268327,0.004495159059474412,0.0,0.003457814661134163
fed/speech/fed_2023-02-24_speech_philip_n_jefferson_bd685305.txt,Fed,US,speech,Philip N Jefferson,2023-02-24,2023,1,2023-Q1,159,3229,20.30817610062893,0.22171799027552674,4.50268799119293,-0.016413750387116753,-0.0021678538247135335,0.0,0.0003096934035305048,-0.0006193868070610096,-0.001548467017652524,0.0,-0.005574481263549086
fed/speech/fed_2023-02-27_speech_philip_n_jefferson_4bba1eda.txt,Fed,US,speech,Philip N Jefferson,2023-02-27,2023,1,2023-Q1,276,5230,18.94927536231884,0.22123893805309736,4.192317558035142,-0.022562141491395793,-0.0019120458891013384,0.0,0.0,-0.0019120458891013384,-0.0007648183556405354,0.0,-0.004397705544933079
fed/speech/fed_2023-03-02_speech_christopher_j_waller_6e75511c.txt,Fed,US,speech,Christopher J Waller,2023-03-02,2023,1,2023-Q1,51,1409,27.627450980392158,0.17849305047549377,4.931308002352368,-0.017033356990773598,0.0007097232079489,0.0,0.0014194464158978,-0.0007097232079489,0.0,0.0,0.0
fed/speech/fed_2023-03-03_speech_michelle_w_bowman_b0389901.txt,Fed,US,speech,Michelle W Bowman,2023-03-03,2023,1,2023-Q1,49,1171,23.897959183673468,0.2504472271914132,5.985177613084589,0.0,0.0,0.0,0.0,0.0,-0.0008539709649871904,-0.004269854824935952,0.0034158838599487617
fed/speech/fed_2023-03-07_speech_jerome_h_powell_f7d7e323.txt,Fed,US,speech,Jerome H Powell,2023-03-07,2023,1,2023-Q1,53,1136,21.433962264150942,0.20199275362318841,4.329505058791359,-0.01056338028169014,0.0008802816901408451,0.0,0.0008802816901408451,-0.0008802816901408451,-0.002640845070422535,0.0,0.009683098591549295
fed/speech/fed_2023-03-09_speech_michael_s_barr_4293a5c6.txt,Fed,US,speech,Michael S Barr,2023-03-09,2023,1,2023-Q1,149,3525,23.65771812080537,0.22712466686408053,5.373251346952241,0.0,0.0,0.0,0.0,-0.0014184397163120568,0.0,0.0,-0.003971631205673759
fed/speech/fed_2023-03-14_speech_michelle_w_bowman_ad88edc6.txt,Fed,US,speech,Michelle W Bowman,2023-03-14,2023,1,2023-Q1,218,5017,23.013761467889907,0.25714873482822465,5.917959645106436,0.0,0.00019932230416583617,0.00039864460833167234,0.0,0.0017939007374925253,0.0,0.0,-0.00039864460833167234
fed/speech/fed_2023-03-27_speech_philip_n_jefferson_a8a794ae.txt,Fed,US,speech,Philip N Jefferson,2023-03-27,2023,1,2023-Q1,328,6242,19.03048780487805,0.20807296064853908,3.9597299401468935,-0.0016020506247997437,-0.0006408202499198974,0.0,0.0,-0.00016020506247997436,-0.0004806151874399231,0.0,-0.0024030759371996154
fed/speech/fed_2023-03-29_speech_michael_s_barr_3fd1b7db.txt,Fed,US,speech,Michael S Barr,2023-03-29,2023,1,2023-Q1,26,716,27.53846153846154,0.19405099150141644,5.343865765962084,0.0,0.0,0.0,0.0,0.0013966480446927375,0.0,0.0,0.002793296089385475
fed/speech/fed_2023-03-31_speech_christopher_j_waller_e59e2f92.txt,Fed,US,speech,Christopher J Waller,2023-03-31,2023,1,2023-Q1,173,2950,17.052023121387283,0.20848310567936737,3.5550587384632006,-0.023728813559322035,0.00033898305084745765,0.0,0.00033898305084745765,-0.00033898305084745765,0.0,0.0,0.00033898305084745765
fed/speech/fed_2023-03-31_speech_lisa_d_cook_37ce159e.txt,Fed,US,speech,Lisa D Cook,2023-03-31,2023,1,2023-Q1,117,2260,19.316239316239315,0.21207929921622867,4.096574497680998,-0.006194690265486726,0.0,0.0004424778761061947,0.0022123893805309734,-0.0022123893805309734,-0.0017699115044247787,0.0,0.007964601769911504
fed/speech/fed_2023-04-04_speech_lisa_d_cook_5da209d8.txt,Fed,US,speech,Lisa D Cook,2023-04-04,2023,2,2023-Q2,32,524,16.375,0.1650485436893204,2.7026699029126213,0.0,0.0019083969465648854,0.0,0.0,0.0,0.0,0.0,0.003816793893129771
fed/speech/fed_2023-04-14_speech_christopher_j_waller_03807219.txt,Fed,US,speech,Christopher J Waller,2023-04-14,2023,2,2023-Q2,78,2008,25.743589743589745,0.17448979591836736,4.49199372056515,-0.008964143426294821,0.00099601593625498,0.0,0.0,-0.00049800796812749,-0.00049800796812749,-0.00049800796812749,0.0049800796812749
fed/speech/fed_2023-04-14_speech_michelle_w_bowman_5d002397.txt,Fed,US,speech,Michelle W Bowman,2023-04-14,2023,2,2023-Q2,209,4998,23.913875598086126,0.24099378881987576,5.763095485749948,0.0,0.0,0.0,0.0,0.0014005602240896359,0.0,0.0,0.003201280512204882
fed/speech/fed_2023-04-18_speech_michelle_w_bowman_a9177158.txt,Fed,US,speech,Michelle W Bowman,2023-04-18,2023,2,2023-Q2,170,4160,24.470588235294116,0.23539647029579916,5.760290096650143,0.0,0.0002403846153846154,0.0,0.0,0.0004807692307692308,0.0,0.0,0.003125
fed/speech/fed_2023-04-20_speech_christopher_j_waller_8e128e63.txt,Fed,US,speech,Christopher J Waller,2023-04-20,2023,2,2023-Q2,83,1968,23.710843373493976,0.204474505723205,4.848262979075511,0.0,0.0,0.012195121951219513,0.0,0.0,0.0,0.0,0.00508130081300813
fed/speech/fed_2023-04-20_speech_michelle_w_bowman_b4e997a8.txt,Fed,US,speech,Michelle W Bowman,2023-04-20,2023,2,2023-Q2,23,611,26.565217391304348,0.1716171617161716,4.559047209068733,-0.004909983633387889,0.0016366612111292963,0.0,0.0016366612111292963,0.0,0.0,0.0,0.0032733224222585926
fed/speech/fed_2023-04-21_speech_lisa_d_cook_bc099315.txt,Fed,US,speech,Lisa D Cook,2023-04-21,2023,2,2023-Q2,115,2329,20.252173913043478,0.17865019850022057,3.618054889626206,-0.010734220695577501,0.0,0.0,0.0030055817947617003,-0.00042936882782310007,-0.0012881064834693002,0.0,0.007728638900815801
fed/speech/fed_2023-05-05_speech_lisa_d_cook_37c56f9a.txt,Fed,US,speech,Lisa D Cook,2023-05-05,2023,2,2023-Q2,128,1549,12.1015625,0.1372937293729373,1.6614686468646864,0.0,0.0,0.0,0.0,0.0,0.0,0.0,0.0012911555842479018
fed/speech/fed_2023-05-11_speech_christopher_j_waller_3153cd5f.txt,Fed,US,speech,Christopher J Waller,2023-05-11,2023,2,2023-Q2,209,3358,16.066985645933013,0.20043777360850532,3.2204308314706256,0.0,0.0,0.0,0.0,-0.0002977963073257892,-0.0002977963073257892,-0.0002977963073257892,-0.006253722453841573
fed/speech/fed_2023-05-12_speech_michelle_w_bowman_7c568dcf.txt,Fed,US,speech,Michelle W Bowman,2023-05-12,2023,2,2023-Q2,238,5620,23.613445378151262,0.2410171365395246,5.691244988874489,-0.0014234875444839859,0.0005338078291814947,0.0,0.00035587188612099647,-0.00035587188612099647,-0.0012455516014234875,-0.00017793594306049823,0.0007117437722419929
fed/speech/fed_2023-05-12_speech_philip_n_jefferson_d1fb9078.txt,Fed,US,speech,Philip N Jefferson,2023-05-12,2023,2,2023-Q2,113,2013,17.8141592920354,0.21112844513780551,3.761075752764624,-0.006954793840039742,0.003477396920019871,0.0,0.0009935419771485345,-0.0024838549428713363,-0.0004967709885742673,-0.0004967709885742673,0.00546448087431694
fed/speech/fed_2023-05-18_speech_philip_n_jefferson_cfb6ed79.txt,Fed,US,speech,Philip N Jefferson,2023-05-18,2023,2,2023-Q2,68,1536,22.58823529411765,0.19770580296896087,4.465825196475352,-0.014322916666666666,0.0013020833333333333,0.0,0.0013020833333333333,-0.004557291666666667,0.0,-0.0013020833333333333,0.0006510416666666666
fed/speech/fed_2023-05-19_speech_john_c_williams_c281b577.txt,Fed,US,speech,John C Williams,2023-05-19,2023,2,2023-Q2,153,2513,16.424836601307188,0.1836734693877551,3.0168067226890756,-0.0003979307600477517,0.0,0.0,0.0,0.0,0.0,0.0,-0.002785515320334262
fed/speech/fed_2023-05-19_speech_michelle_w_bowman_983550b4.txt,Fed,US,speech,Michelle W Bowman,2023-05-19,2023,2,2023-Q2,147,3411,23.20408163265306,0.22567038264537512,5.236473980975337,0.0,0.0008795074758135445,0.0,0.0,0.0011726766344180592,0.0,-0.0002931691586045148,0.002638522427440633
fed/speech/fed_2023-05-24_speech_christopher_j_waller_693daec5.txt,Fed,US,speech,Christopher J Waller,2023-05-24,2023,2,2023-Q2,107,2472,23.102803738317757,0.15942028985507245,3.683055668427468,-0.014158576051779935,0.0,0.0,0.0004045307443365696,-0.0012135922330097086,-0.0020226537216828477,-0.0012135922330097086,-0.0008090614886731392
fed/speech/fed_2023-05-31_speech_michelle_w_bowman_76e06c05.txt,Fed,US,speech,Michelle W Bowman,2023-05-31,2023,2,2023-Q2,26,697,26.807692307692307,0.21282798833819241,5.705427225835389,-0.00430416068866571,0.0014347202295552368,0.0,0.0,0.0,0.0,0.0,0.005738880918220947
fed/speech/fed_2023-05-31_speech_philip_n_jefferson_5f42f184.txt,Fed,US,speech,Philip N Jefferson,2023-05-31,2023,2,2023-Q2,82,1847,22.524390243902438,0.23982398239823982,5.401888969384743,-0.0010828370330265296,-0.0005414185165132648,0.0,0.0,-0.0005414185165132648,-0.0016242555495397943,-0.0016242555495397943,-0.002165674066053059
fed/speech/fed_2023-06-16_speech_christopher_j_waller_50259299.txt,Fed,US,speech,Christopher J Waller,2023-06-16,2023,2,2023-Q2,49,1132,23.102040816326532,0.21665174574753804,5.005097473188022,0.0,0.0008833922261484099,0.0,0.0,-0.0017667844522968198,0.0,0.0,0.00265017667844523
fed/speech/fed_2023-06-21_speech_jerome_h_powell_848ccdac.txt,Fed,US,speech,Jerome H Powell,2023-06-21,2023,2,2023-Q2,53,1112,20.9811320754717,0.21735074626865672,4.560264714165024,-0.01079136690647482,0.0,0.0,0.0017985611510791368,-0.002697841726618705,-0.0008992805755395684,-0.0017985611510791368,0.009892086330935251
fed/speech/fed_2023-06-22_speech_christopher_j_waller_2b60f271.txt,Fed,US,speech,Christopher J Waller,2023-06-22,2023,2,2023-Q2,28,802,28.642857142857142,0.16287878787878787,4.665313852813853,-0.004987531172069825,0.0,0.0,0.0,-0.0012468827930174563,0.0,0.0,-0.0012468827930174563
fed/speech/fed_2023-06-25_speech_michelle_w_bowman_8b742fac.txt,Fed,US,speech,Michelle W Bowman,2023-06-25,2023,2,2023-Q2,220,5423,24.65,0.24603629417383,6.064794651384909,0.0,0.00018439977872026554,0.0,0.0,0.0011063986723215931,-0.00018439977872026554,-0.0007375991148810622,0.0
fed/speech/fed_2023-06-29_speech_jerome_h_powell_31e30ca5.txt,Fed,US,speech,Jerome H Powell,2023-06-29,2023,2,2023-Q2,90,1721,19.122222222222224,0.21560452650387135,4.1228376679240295,-0.004648460197559558,-0.002905287623474724,0.0,0.0005810575246949448,-0.0017431725740848344,-0.0005810575246949448,-0.0005810575246949448,0.0
fed/speech/fed_2023-07-10_speech_michael_s_barr_9e442769.txt,Fed,US,speech,Michael S Barr,2023-07-10,2023,3,2023-Q3,186,4644,24.967741935483872,0.19915724107340874,4.972506599703818,0.0,0.0,-0.0002153316106804479,0.0,0.0002153316106804479,0.0,-0.0004306632213608958,-0.014857881136950904
fed/speech/fed_2023-07-13_speech_christopher_j_waller_4ebf8618.txt,Fed,US,speech,Christopher J Waller,2023-07-13,2023,3,2023-Q3,158,3732,23.620253164556964,0.1566896551724138,3.701049323439546,-0.00669882100750268,0.0002679528403001072,0.0,0.0005359056806002144,-0.0008038585209003215,-0.0037513397642015005,-0.0002679528403001072,0.0010718113612004287
fed/speech/fed_2023-07-18_speech_michael_s_barr_9cc7d034.txt,Fed,US,speech,Michael S Barr,2023-07-18,2023,3,2023-Q3,90,2182,24.244444444444444,0.23665223665223664,5.73750200416867,0.0,0.0,0.0032080659945004585,0.0,0.00045829514207149406,0.0,0.0,0.0009165902841429881
fed/speech/fed_2023-08-05_speech_michelle_w_bowman_eccd47f7.txt,Fed,US,speech,Michelle W Bowman,2023-08-05,2023,3,2023-Q3,28,688,24.571428571428573,0.1800595238095238,4.424319727891157,-0.01308139534883721,0.0029069767441860465,0.0,0.00436046511627907,0.0,-0.0014534883720930232,0.0,0.01744186046511628
fed/speech/fed_2023-08-07_speech_michelle_w_bowman_74a56c20.txt,Fed,US,speech,Michelle W Bowman,2023-08-07,2023,3,2023-Q3,39,1104,28.307692307692307,0.19101123595505617,5.407087294727744,-0.01358695652173913,0.0009057971014492754,0.0,0.0,0.0,-0.0009057971014492754,0.0,0.0036231884057971015
fed/speech/fed_2023-08-22_speech_michelle_w_bowman_36d1e8ef.txt,Fed,US,speech,Michelle W Bowman,2023-08-22,2023,3,2023-Q3,33,890,26.96969696969697,0.1909722222222222,5.150462962962963,0.0,0.0,0.0,0.0011235955056179776,0.0,0.0,0.0,0.01348314606741573
fed/speech/fed_2023-08-25_speech_jerome_h_powell_8197d274.txt,Fed,US,speech,Jerome H Powell,2023-08-25,2023,3,2023-Q3,137,2778,20.277372262773724,0.20007535795026377,4.057002513765203,-0.017638588912886968,0.0010799136069114472,0.0,0.0025197984161267097,-0.0017998560115190785,-0.0032397408207343412,-0.0003599712023038157,0.004679625629949604
fed/speech/fed_2023-09-08_speech_michael_s_barr_542fe6b5.txt,Fed,US,speech,Michael S Barr,2023-09-08,2023,3,2023-Q3,77,1779,23.103896103896105,0.23938002296211253,5.530611179864912,0.0,0.0,0.0,0.0,0.0,0.0,0.0,0.008431703204047217
fed/speech/fed_2023-09-22_speech_lisa_d_cook_9117d257.txt,Fed,US,speech,Lisa D Cook,2023-09-22,2023,3,2023-Q3,180,3351,18.616666666666667,0.21566791510611735,4.015017686225551,0.000596836765144733,0.0002984183825723665,0.022381378692927483,0.0002984183825723665,-0.0002984183825723665,0.0,0.0,0.011339898537749925
fed/speech/fed_2023-09-22_speech_michelle_w_bowman_30d0c83c.txt,Fed,US,speech,Michelle W Bowman,2023-09-22,2023,3,2023-Q3,48,1207,25.145833333333332,0.2201524132091448,5.535915890488287,-0.012427506213753107,0.0008285004142502071,0.0,0.0008285004142502071,0.0,-0.0033140016570008283,0.0,0.009113504556752278
fed/speech/fed_2023-09-26_speech_michelle_w_bowman_0854c0c8.txt,Fed,US,speech,Michelle W Bowman,2023-09-26,2023,3,2023-Q3,46,953,20.717391304347824,0.2185792349726776,4.52839154193395,-0.0031479538300104933,0.0,0.0,-0.001049317943336831,0.0,0.0,0.0,0.004197271773347324
fed/speech/fed_2023-09-27_speech_michelle_w_bowman_c9e77f03.txt,Fed,US,speech,Michelle W Bowman,2023-09-27,2023,3,2023-Q3,74,1571,21.22972972972973,0.3178294573643411,6.74743347999162,0.0,0.0006365372374283895,0.0,0.0,-0.0006365372374283895,0.0,0.0,0.005092297899427116
fed/speech/fed_2023-09-28_speech_jerome_h_powell_60837988.txt,Fed,US,speech,Jerome H Powell,2023-09-28,2023,3,2023-Q3,37,725,19.594594594594593,0.16596931659693165,3.2521014738587954,0.0,0.001379310344827586,0.0,0.0,0.0,0.0,0.0,0.002758620689655172
fed/speech/fed_2023-09-28_speech_lisa_d_cook_4b381c60.txt,Fed,US,speech,Lisa D Cook,2023-09-28,2023,3,2023-Q3,24,502,20.916666666666668,0.14545454545454545,3.0424242424242425,0.0,0.00199203187250996,0.0,0.0,0.0,0.0,0.0,0.013944223107569721
fed/speech/fed_2023-10-02_speech_michael_s_barr_14d64f6a.txt,Fed,US,speech,Michael S Barr,2023-10-02,2023,4,2023-Q4,200,4525,22.625,0.22150882825040127,5.011637239165329,-0.0006629834254143647,0.0004419889502762431,0.0,0.00022099447513812155,-0.00022099447513812155,-0.0006629834254143647,-0.0004419889502762431,-0.0004419889502762431
fed/speech/fed_2023-10-02_speech_michelle_w_bowman_c3dd650a.txt,Fed,US,speech,Michelle W Bowman,2023-10-02,2023,4,2023-Q4,81,2328,28.74074074074074,0.21170774647887325,6.084637454355764,-0.006443298969072165,0.000859106529209622,0.0,0.000429553264604811,0.0,-0.001288659793814433,0.0,0.00429553264604811
fed/speech/fed_2023-10-04_speech_michelle_w_bowman_ba00d0e8.txt,Fed,US,speech,Michelle W Bowman,2023-10-04,2023,4,2023-Q4,179,4849,27.089385474860336,0.24149806284976325,6.542034115969285,0.0,0.00041245617653124357,0.0,0.00041245617653124357,0.0,0.0,0.0,0.0028871932357187047
fed/speech/fed_2023-10-07_speech_michelle_w_bowman_ecbee90b.txt,Fed,US,speech,Michelle W Bowman,2023-10-07,2023,4,2023-Q4,107,2834,26.485981308411215,0.23026792179580013,6.098871872610258,-0.00529287226534933,0.00035285815102328866,0.0,0.00035285815102328866,-0.00035285815102328866,-0.0014114326040931546,0.0,0.004234297812279464
fed/speech/fed_2023-10-09_speech_michael_s_barr_7885fdd4.txt,Fed,US,speech,Michael S Barr,2023-10-09,2023,4,2023-Q4,108,2488,23.037037037037038,0.21374685666387258,4.92409425351588,0.0,-0.00040192926045016077,0.0,0.0,-0.00040192926045016077,0.0,0.0,-0.013665594855305467
fed/speech/fed_2023-10-09_speech_philip_n_jefferson_c844ba30.txt,Fed,US,speech,Philip N Jefferson,2023-10-09,2023,4,2023-Q4,145,2436,16.8,0.2055030094582975,3.452450558899398,-0.007389162561576354,-0.002052545155993432,0.0,-0.0012315270935960591,-0.0016420361247947454,-0.003284072249589491,0.0,-0.00451559934318555
fed/speech/fed_2023-10-10_speech_christopher_j_waller_7674c3c8.txt,Fed,US,speech,Christopher J Waller,2023-10-10,2023,4,2023-Q4,274,4090,14.927007299270073,0.24808858423411548,3.70322010772822,-0.005623471882640587,0.0,0.0,0.0,0.0,-0.0004889975550122249,0.0,0.0017114914425427872
fed/speech/fed_2023-10-11_speech_michelle_w_bowman_404bdf15.txt,Fed,US,speech,Michelle W Bowman,2023-10-11,2023,4,2023-Q4,134,3207,23.932835820895523,0.2713326941514861,6.493760821968776,-0.002182725288431556,0.0003118178983473651,0.0,0.0,-0.0006236357966947302,-0.0003118178983473651,-0.0009354536950420954,-0.0006236357966947302
fed/speech/fed_2023-10-17_speech_michelle_w_bowman_7aa3703b.txt,Fed,US,speech,Michelle W Bowman,2023-10-17,2023,4,2023-Q4,150,3530,23.533333333333335,0.2768065268065268,6.514180264180264,0.0,0.0,0.0,0.0,0.00028328611898016995,0.0,0.0,0.006232294617563739
fed/speech/fed_2023-10-18_speech_christopher_j_waller_31715dea.txt,Fed,US,speech,Christopher J Waller,2023-10-18,2023,4,2023-Q4,101,2317,22.940594059405942,0.18680338831921534,4.285380700352693,-0.01294777729823047,0.0017263703064307294,0.00043159257660768235,0.0017263703064307294,-0.0008631851532153647,-0.0017263703064307294,0.0,0.009495036685369012
fed/speech/fed_2023-10-18_speech_lisa_d_cook_c7373668.txt,Fed,US,speech,Lisa D Cook,2023-10-18,2023,4,2023-Q4,93,2143,23.043010752688172,0.18534906588003933,4.271000518074454,0.0,-0.0004666355576294914,0.0,0.0004666355576294914,0.0,0.0,0.0,0.0032664489034064394
fed/speech/fed_2023-10-18_speech_michelle_w_bowman_702a7a29.txt,Fed,US,speech,Michelle W Bowman,2023-10-18,2023,4,2023-Q4,30,852,28.4,0.19880239520958085,5.645988023952095,-0.002347417840375587,0.0,0.0,0.0,0.0,0.0,0.0,0.004694835680751174
fed/speech/fed_2023-10-19_speech_jerome_h_powell_cd29608d.txt,Fed,US,speech,Jerome H Powell,2023-10-19,2023,4,2023-Q4,58,1349,23.25862068965517,0.21684867394695787,5.043601054387002,-0.01704966641957005,0.004447739065974796,0.0,0.0014825796886582653,-0.002223869532987398,-0.0037064492216456633,0.0,0.011860637509266123
fed/speech/fed_2023-10-19_speech_michael_s_barr_c8316e35.txt,Fed,US,speech,Michael S Barr,2023-10-19,2023,4,2023-Q4,150,3241,21.606666666666666,0.21343619414979106,4.611644701596485,-0.001234186979327368,-0.0015427337241592102,0.0,0.0,0.0009256402344955261,0.0,-0.000617093489663684,-0.0009256402344955261
fed/speech/fed_2023-10-19_speech_philip_n_jefferson_65449990.txt,Fed,US,speech,Philip N Jefferson,2023-10-19,2023,4,2023-Q4,47,1003,21.340425531914892,0.20205128205128206,4.311860338243317,0.0,0.0,0.0,0.0,0.0009970089730807576,0.0,0.0,0.004985044865403789
fed/speech/fed_2023-10-25_speech_jerome_h_powell_e2a07d43.txt,Fed,US,speech,Jerome H Powell,2023-10-25,2023,4,2023-Q4,78,1252,16.05128205128205,0.2079124579124579,3.3372615039281706,0.0,0.0,0.0,0.0,-0.0007987220447284345,0.0,0.0,-0.0023961661341853034
fed/speech/fed_2023-10-26_speech_christopher_j_waller_fe863d5a.txt,Fed,US,speech,Christopher J Waller,2023-10-26,2023,4,2023-Q4,45,894,19.866666666666667,0.16762342135476463,3.330118637581324,0.0,0.0,0.0,0.0,0.0011185682326621924,0.0,0.0,0.0022371364653243847
fed/speech/fed_2023-10-27_speech_michael_s_barr_1a66c3df.txt,Fed,US,speech,Michael S Barr,2023-10-27,2023,4,2023-Q4,42,1032,24.571428571428573,0.21751968503937008,5.344769403824523,0.0,0.0,0.0,0.0,0.0,0.0,0.0,0.007751937984496124
fed/speech/fed_2023-11-06_speech_lisa_d_cook_1ecf1e0a.txt,Fed,US,speech,Lisa D Cook,2023-11-06,2023,4,2023-Q4,132,2866,21.71212121212121,0.23525153818313427,5.107809912370173,-0.0006978367062107466,0.0003489183531053733,0.0,0.0,-0.00104675505931612,0.0,-0.0003489183531053733,0.0
fed/speech/fed_2023-11-07_speech_christopher_j_waller_35b49512.txt,Fed,US,speech,Christopher J Waller,2023-11-07,2023,4,2023-Q4,105,1492,14.209523809523809,0.2091917591125198,2.9725152818655194,-0.004691689008042895,0.0013404825737265416,0.0,0.0,0.0,0.0,0.0,-0.003351206434316354
fed/speech/fed_2023-11-07_speech_michelle_w_bowman_53b2ad8e.txt,Fed,US,speech,Michelle W Bowman,2023-11-07,2023,4,2023-Q4,192,4923,25.640625,0.2309299895506792,5.9211892633228835,-0.002640666260410319,0.0004062563477554337,0.0,0.00020312817387771684,-0.0006093845216331506,-0.00020312817387771684,0.0,0.0
fed/speech/fed_2023-11-08_speech_jerome_h_powell_c411739e.txt,Fed,US,speech,Jerome H Powell,2023-11-08,2023,4,2023-Q4,46,962,20.91304347826087,0.17386722866174922,3.6360929124478862,0.0,0.0010395010395010396,0.0,0.0,0.0,0.0,0.0,0.0031185031185031187
fed/speech/fed_2023-11-08_speech_john_c_williams_bcce7cef.txt,Fed,US,speech,John C Williams,2023-11-08,2023,4,2023-Q4,152,2606,17.144736842105264,0.18831168831168832,3.228554340396446,-0.005372217958557176,0.0,0.0003837298541826554,0.0,0.0023023791250959325,0.0,0.0,-0.0007674597083653108
fed/speech/fed_2023-11-08_speech_philip_n_jefferson_052446d2.txt,Fed,US,speech,Philip N Jefferson,2023-11-08,2023,4,2023-Q4,86,1643,19.1046511627907,0.21029504080351538,4.017613395815998,-0.0012172854534388314,0.0,0.0018259281801582471,0.0,-0.010346926354230066,0.0,0.0,-0.009129640900791236
fed/speech/fed_2023-11-09_speech_jerome_h_powell_5db8eed9.txt,Fed,US,speech,Jerome H Powell,2023-11-09,2023,4,2023-Q4,115,2623,22.808695652173913,0.21451876019575855,4.892893112986736,-0.01715592832634388,-0.0003812428516965307,0.0,0.0019062142584826535,-0.0015249714067861228,-0.0015249714067861228,0.0,-0.001143728555089592
fed/speech/fed_2023-11-09_speech_michelle_w_bowman_d8dd1615.txt,Fed,US,speech,Michelle W Bowman,2023-11-09,2023,4,2023-Q4,252,6116,24.26984126984127,0.23748740342626806,5.763781584742284,-0.002452583387835186,0.0004905166775670373,0.0,0.00016350555918901244,-0.0009810333551340746,-0.00016350555918901244,-0.0004905166775670373,-0.001962066710268149
fed/speech/fed_2023-11-13_speech_lisa_d_cook_9e347a5b.txt,Fed,US,speech,Lisa D Cook,2023-11-13,2023,4,2023-Q4,48,1145,23.854166666666668,0.25089605734767023,5.984916367980884,0.0,-0.0008733624454148472,0.011353711790393014,0.0,-0.0008733624454148472,0.0,0.0,0.0034934497816593887
fed/speech/fed_2023-11-14_speech_philip_n_jefferson_6bc58555.txt,Fed,US,speech,Philip N Jefferson,2023-11-14,2023,4,2023-Q4,266,3771,14.176691729323307,0.270079185520362,3.8288293556288906,-0.005568814638027049,-0.0007955449482895784,0.0,0.0,-0.0379209758684699,0.0,-0.00026518164942985947,-0.041898700609917794
fed/speech/fed_2023-11-14_speech_thomas_jordan_97aae0f3.txt,Fed,US,speech,Thomas Jordan,2023-11-14,2023,4,2023-Q4,80,1374,17.175,0.23964497041420119,4.115902366863906,-0.00363901018922853,0.000727802037845706,0.0,0.0,-0.010917030567685589,-0.001455604075691412,0.0,-0.017467248908296942
fed/speech/fed_2023-11-16_speech_lisa_d_cook_ab2f0399.txt,Fed,US,speech,Lisa D Cook,2023-11-16,2023,4,2023-Q4,161,2788,17.316770186335404,0.21788129226145755,3.773000265993439,-0.006097560975609756,0.001793400286944046,0.0,0.0007173601147776184,-0.0010760401721664275,-0.002152080344332855,-0.0003586800573888092,0.0007173601147776184
fed/speech/fed_2023-11-16_speech_michael_s_barr_5ac2472f.txt,Fed,US,speech,Michael S Barr,2023-11-16,2023,4,2023-Q4,112,2938,26.232142857142858,0.2332628611698379,6.11898469747307,-0.0006807351940095302,-0.0003403675970047651,0.0,0.0,0.0003403675970047651,-0.0003403675970047651,0.0,-0.0030633083730428863
fed/speech/fed_2023-11-28_speech_christopher_j_waller_cbcb9f60.txt,Fed,US,speech,Christopher J Waller,2023-11-28,2023,4,2023-Q4,101,2495,24.702970297029704,0.1761006289308176,4.350208605766237,-0.020440881763527055,0.002004008016032064,0.0,0.002004008016032064,-0.0012024048096192384,-0.0004008016032064128,0.0,0.007214428857715431
fed/speech/fed_2023-11-28_speech_michael_s_barr_5e4e34f2.txt,Fed,US,speech,Michael S Barr,2023-11-28,2023,4,2023-Q4,55,1365,24.818181818181817,0.24702380952380953,6.130681818181818,0.0,0.0,0.0,0.0,0.0014652014652014652,0.0,0.0,0.006593406593406593
fed/speech/fed_2023-11-28_speech_michelle_w_bowman_02a0ebd8.txt,Fed,US,speech,Michelle W Bowman,2023-11-28,2023,4,2023-Q4,145,3970,27.379310344827587,0.22406967537608868,6.1348731809867045,-0.01057934508816121,0.0012594458438287153,0.0,0.0007556675062972292,-0.0005037783375314861,0.0005037783375314861,-0.00025188916876574307,0.0015113350125944584
fed/speech/fed_2023-12-01_speech_jerome_h_powell_3b9ab5ff.txt,Fed,US,speech,Jerome H Powell,2023-12-01,2023,4,2023-Q4,67,1668,24.895522388059703,0.1980074719800747,4.929499451683054,-0.01079136690647482,0.002398081534772182,0.0,0.001199040767386091,-0.002398081534772182,-0.002398081534772182,0.0,0.01079136690647482
fed/speech/fed_2023-12-05_speech_michelle_w_bowman_aee47bbf.txt,Fed,US,speech,Michelle W Bowman,2023-12-05,2023,4,2023-Q4,90,2133,23.7,0.26627508565834557,6.31071953010279,0.0,0.00046882325363338024,0.0,0.0,0.0,0.0,0.0,0.0009376465072667605
fed/speech/fed_2024-01-10_speech_john_c_williams_3515854f.txt,FED,,speech,,2024-01-10,2024,1,2024-Q1,86,1848,21.488372093023255,0.16356457980823463,3.514736552158344,-0.01461038961038961,0.0005411255411255411,0.0,0.0016233766233766235,-0.0010822510822510823,-0.0021645021645021645,0.0,0.0027056277056277055
fed/speech/fed_2024-01-16_speech_christopher_j_waller_b9a0f4cc.txt,FED,,speech,,2024-01-16,2024,1,2024-Q1,115,2714,23.6,0.17947732513451192,4.235664873174482,-0.016212232866617538,0.001105379513633014,0.0,0.00036845983787767134,-0.00036845983787767134,-0.002579218865143699,0.0,0.002579218865143699
fed/speech/fed_2024-01-16_speech_christopher_j_waller_f66118d9.txt,Fed,US,speech,Christopher J Waller,2024-01-16,2024,1,2024-Q1,126,2920,23.174603174603174,0.18393689494442453,4.262664549505711,-0.015410958904109588,0.0017123287671232876,0.0,0.00034246575342465754,-0.00034246575342465754,-0.002397260273972603,0.0,0.0017123287671232876
fed/speech/fed_2024-01-17_speech_michael_s_barr_02324fd7.txt,FED,,speech,,2024-01-17,2024,1,2024-Q1,32,746,23.3125,0.2391304347826087,5.574728260869565,0.0,0.0,0.0,0.0,0.0,0.0,0.0,-0.00938337801608579
fed/speech/fed_2024-01-17_speech_michael_s_barr_cea3fa65.txt,Fed,US,speech,Michael S Barr,2024-01-17,2024,1,2024-Q1,47,986,20.97872340425532,0.24267782426778242,5.091070951660287,0.0,0.0,0.0,0.0,0.0,0.0,0.0,-0.013184584178498986
fed/speech/fed_2024-01-17_speech_michelle_w_bowman_e5ae9435.txt,FED,,speech,,2024-01-17,2024,1,2024-Q1,145,3426,23.627586206896552,0.24005979073243647,5.672033400340188,0.0,0.0,0.0,0.0,0.0005837711617046118,0.0,0.0,-0.0043782837127845885
fed/speech/fed_2024-01-17_speech_michelle_w_bowman_fd8ffb95.txt,Fed,US,speech,Michelle W Bowman,2024-01-17,2024,1,2024-Q1,163,3962,24.30674846625767,0.24296607941099133,5.905715378075753,0.0,0.0002523977788995457,0.0,0.0,0.0005047955577990914,0.0,0.0,-0.004290762241292277
fed/speech/fed_2024-02-02_speech_michelle_w_bowman_494b8730.txt,Fed,US,speech,Michelle W Bowman,2024-02-02,2024,1,2024-Q1,136,3620,26.61764705882353,0.2449271220348671,6.519383689457492,-0.004696132596685083,0.00027624309392265195,0.00027624309392265195,0.0005524861878453039,-0.0005524861878453039,-0.0005524861878453039,-0.0005524861878453039,-0.004419889502762431
fed/speech/fed_2024-02-02_speech_michelle_w_bowman_713c13a4.txt,FED,,speech,,2024-02-02,2024,1,2024-Q1,127,3391,26.700787401574804,0.2399756986634265,6.407540111556529,-0.005013270421704512,0.0002948982601002654,0.0002948982601002654,0.0005897965202005308,-0.0005897965202005308,-0.0005897965202005308,-0.0005897965202005308,-0.0044234739015039815
fed/speech/fed_2024-02-07_speech_adriana_d_kugler_4590c731.txt,Fed,US,speech,Adriana D Kugler,2024-02-07,2024,1,2024-Q1,126,3000,23.80952380952381,0.1932451253481894,4.601074413052129,-0.012666666666666666,0.0006666666666666666,0.0,0.0023333333333333335,-0.0006666666666666666,-0.0003333333333333333,-0.0003333333333333333,0.008333333333333333
fed/speech/fed_2024-02-07_speech_adriana_d_kugler_e4d07349.txt,FED,,speech,,2024-02-07,2024,1,2024-Q1,117,2594,22.17094017094017,0.1895582329317269,4.202684241238458,-0.01040863531225906,0.0007710100231303007,0.0,0.0026985350809560524,-0.0007710100231303007,-0.00038550501156515033,-0.00038550501156515033,0.010023130300693909
fed/speech/fed_2024-02-07_speech_michelle_w_bowman_0e414bef.txt,Fed,US,speech,Michelle W Bowman,2024-02-07,2024,1,2024-Q1,84,1916,22.80952380952381,0.2299229922992299,5.244433967206244,0.0005219206680584551,-0.0005219206680584551,0.0,0.0005219206680584551,0.0,0.0,0.0,0.0020876826722338203
fed/speech/fed_2024-02-07_speech_michelle_w_bowman_d7eab423.txt,FED,,speech,,2024-02-07,2024,1,2024-Q1,63,1405,22.3015873015873,0.2273391812865497,5.0700245985333705,0.0007117437722419929,0.0007117437722419929,0.0,0.0,0.0,0.0,0.0,0.0035587188612099642
fed/speech/fed_2024-02-12_speech_michelle_w_bowman_079b8a81.txt,Fed,US,speech,Michelle W Bowman,2024-02-12,2024,1,2024-Q1,132,3522,26.681818181818183,0.25274725274725274,6.743756243756244,0.0,0.00028392958546280523,0.0,0.0,-0.0008517887563884157,0.0,-0.0005678591709256105,-0.0014196479273140261
fed/speech/fed_2024-02-12_speech_michelle_w_bowman_df4d9f8d.txt,FED,,speech,,2024-02-12,2024,1,2024-Q1,103,3018,29.300970873786408,0.2490655793408087,7.2978632859277734,0.0,0.0003313452617627568,0.0,0.0,-0.0009940357852882703,0.0,-0.0006626905235255136,-0.0009940357852882703
fed/speech/fed_2024-02-14_speech_michael_s_barr_761ead51.txt,Fed,US,speech,Michael S Barr,2024-02-14,2024,1,2024-Q1,115,2685,23.347826086956523,0.20712349980642664,4.835883452002222,-0.0037243947858473,0.00037243947858472997,0.00037243947858472997,-0.00037243947858472997,-0.00037243947858472997,0.0,-0.0011173184357541898,0.00633147113594041
fed/speech/fed_2024-02-14_speech_michael_s_barr_c5cfa58a.txt,FED,,speech,,2024-02-14,2024,1,2024-Q1,101,2201,21.792079207920793,0.20149253731343283,4.390941332939264,-0.004997728305315766,0.00045433893684688776,0.00045433893684688776,-0.00045433893684688776,-0.00045433893684688776,0.0,-0.0013630168105406633,0.007723761926397092
fed/speech/fed_2024-02-15_speech_christopher_j_waller_8dedc643.txt,FED,,speech,,2024-02-15,2024,1,2024-Q1,135,2430,18.0,0.20589491670226398,3.7061085006407515,-0.00041152263374485596,0.00041152263374485596,0.0,0.0,0.0,0.0,0.0,0.0008230452674897119
fed/speech/fed_2024-02-15_speech_christopher_j_waller_b62ea511.txt,Fed,US,speech,Christopher J Waller,2024-02-15,2024,1,2024-Q1,196,3036,15.489795918367347,0.20461699895068206,3.169475555174851,-0.00032938076416337287,0.00032938076416337287,0.0,0.0,0.0,0.0,0.0,0.0006587615283267457
fed/speech/fed_2024-02-15_speech_michelle_w_bowman_7022d86f.txt,Fed,US,speech,Michelle W Bowman,2024-02-15,2024,1,2024-Q1,126,3052,24.22222222222222,0.3085437564856451,7.473615434874514,0.0,0.000327653997378768,0.0,0.0,0.000982961992136304,0.0,0.0,0.005570117955439056
fed/speech/fed_2024-02-15_speech_michelle_w_bowman_8626962c.txt,FED,,speech,,2024-02-15,2024,1,2024-Q1,98,2365,24.132653061224488,0.30692640692640694,7.4069484936831875,0.0,0.00042283298097251583,0.0,0.0,0.0012684989429175475,0.0,0.0,0.00718816067653277
fed/speech/fed_2024-02-16_speech_michael_s_barr_1fc31051.txt,FED,,speech,,2024-02-16,2024,1,2024-Q1,114,2853,25.026315789473685,0.21123277993641823,5.286378255777204,0.0,0.0,0.0,0.0,-0.0007010164738871364,0.0,0.0,-0.004907115317209955
fed/speech/fed_2024-02-16_speech_michael_s_barr_916da5be.txt,Fed,US,speech,Michael S Barr,2024-02-16,2024,1,2024-Q1,138,3347,24.253623188405797,0.21347971942665447,5.17765667334067,0.0,0.0,0.0,0.0,-0.0005975500448162533,0.0,0.0,-0.004182850313713774
fed/speech/fed_2024-02-22_speech_christopher_j_waller_aca00915.txt,FED,,speech,,2024-02-22,2024,1,2024-Q1,118,2772,23.491525423728813,0.162756052141527,3.823387936748414,-0.01948051948051948,-0.001443001443001443,0.00036075036075036075,0.001443001443001443,-0.00036075036075036075,0.0025252525252525255,0.0,0.006132756132756133
fed/speech/fed_2024-02-22_speech_christopher_j_waller_ccee8e26.txt,Fed,US,speech,Christopher J Waller,2024-02-22,2024,1,2024-Q1,120,2802,23.35,0.1629192775525249,3.8041651308514566,-0.019271948608137045,-0.0014275517487508922,0.00035688793718772306,0.0014275517487508922,-0.00035688793718772306,0.0024982155603140615,0.0,0.006067094932191292
fed/speech/fed_2024-02-22_speech_lisa_d_cook_2e93af74.txt,Fed,US,speech,Lisa D Cook,2024-02-22,2024,1,2024-Q1,144,3302,22.930555555555557,0.2107594936708861,4.832832278481013,-0.006965475469412477,0.0006056935190793458,0.0009085402786190188,0.0015142337976983646,-0.00514839491217444,-0.0009085402786190188,0.0,0.00938824954572986
fed/speech/fed_2024-02-22_speech_lisa_d_cook_39e6b7de.txt,FED,,speech,,2024-02-22,2024,1,2024-Q1,130,2830,21.76923076923077,0.20072992700729927,4.3697361033127455,-0.007067137809187279,0.0007067137809187279,0.0010600706713780918,0.0017667844522968198,-0.0038869257950530037,-0.0010600706713780918,0.0,0.012014134275618375
fed/speech/fed_2024-02-27_speech_michael_s_barr_183ee26b.txt,Fed,US,speech,Michael S Barr,2024-02-27,2024,1,2024-Q1,87,2234,25.67816091954023,0.24965643609711408,6.410718140700607,0.0,0.0,0.0,0.0,0.0,0.0,0.0,-0.025962399283795883
fed/speech/fed_2024-02-27_speech_michael_s_barr_4e70071c.txt,FED,,speech,,2024-02-27,2024,1,2024-Q1,79,2016,25.518987341772153,0.24824120603015076,6.33486419438967,0.0,0.0,0.0,0.0,0.0,0.0,0.0,-0.025793650793650792
fed/speech/fed_2024-02-27_speech_michelle_w_bowman_e1b74ea9.txt,FED,,speech,,2024-02-27,2024,1,2024-Q1,175,4895,27.97142857142857,0.23668885191347755,6.620525314951272,-0.0028600612870275793,0.00020429009193054137,0.0,0.0006128702757916241,-0.0010214504596527069,-0.0006128702757916241,-0.00020429009193054137,0.0008171603677221655
fed/speech/fed_2024-02-27_speech_michelle_w_bowman_e48db05a.txt,Fed,US,speech,Michelle W Bowman,2024-02-27,2024,1,2024-Q1,197,5372,27.269035532994923,0.2376313276026743,6.479977116150083,-0.0026061057334326137,0.00018615040953090097,0.0,0.0005584512285927029,-0.0009307520476545049,-0.0005584512285927029,-0.00018615040953090097,0.0005584512285927029
fed/speech/fed_2024-02-28_speech_john_c_williams_14c29da8.txt,FED,,speech,,2024-02-28,2024,1,2024-Q1,71,1400,19.718309859154928,0.16008935219657483,3.156691451763447,-0.013571428571428571,0.0007142857142857143,0.0,0.002857142857142857,0.0,-0.0014285714285714286,0.0,0.01
fed/speech/fed_2024-03-01_speech_adriana_d_kugler_11f20ea4.txt,Fed,US,speech,Adriana D Kugler,2024-03-01,2024,1,2024-Q1,218,5104,23.412844036697248,0.22551440329218106,5.2799335523086794,-0.0109717868338558,0.00019592476489028212,0.0,0.0005877742946708464,-0.0007836990595611285,0.00019592476489028212,0.0,0.003134796238244514
fed/speech/fed_2024-03-01_speech_adriana_d_kugler_ea24b089.txt,FED,,speech,,2024-03-01,2024,1,2024-Q1,130,3017,23.20769230769231,0.2120274914089347,4.920668781390431,-0.011932383162081539,0.0,0.0,0.0006629101756711965,0.0,0.00033145508783559825,0.0,0.005634736493205171
fed/speech/fed_2024-03-01_speech_christopher_j_waller_034370f5.txt,Fed,US,speech,Christopher J Waller,2024-03-01,2024,1,2024-Q1,160,4146,25.9125,0.17009018036072143,4.407461798597194,-0.000964785335262904,0.0,0.0,0.0,0.000241196333815726,-0.000241196333815726,0.0,0.000241196333815726
fed/speech/fed_2024-03-01_speech_christopher_j_waller_74a79845.txt,FED,,speech,,2024-03-01,2024,1,2024-Q1,126,3086,24.49206349206349,0.16327890703098968,3.999037357917731,-0.0006480881399870382,0.0,0.0,0.0,0.0,-0.0003240440699935191,0.0,-0.0006480881399870382
fed/speech/fed_2024-03-05_speech_michelle_w_bowman_15580a05.txt,FED,,speech,,2024-03-05,2024,1,2024-Q1,111,2474,22.28828828828829,0.271404821280133,6.049148899522964,0.0,0.0004042037186742118,0.0,0.0,-0.0008084074373484236,0.0,-0.0004042037186742118,-0.003637833468067906
fed/speech/fed_2024-03-05_speech_michelle_w_bowman_b6a146a1.txt,Fed,US,speech,Michelle W Bowman,2024-03-05,2024,1,2024-Q1,147,3053,20.768707482993197,0.2705761316872428,5.619516530892192,0.0,0.000982640026203734,0.0,0.0,-0.0006550933508024893,0.0,-0.00032754667540124465,-0.0026203734032099572
fed/speech/fed_2024-03-06_speech_jerome_h_powell_f14e6696.txt,Fed,US,speech,Jerome H Powell,2024-03-06,2024,1,2024-Q1,42,871,20.738095238095237,0.2327790973871734,4.827395091053048,-0.012629161882893225,0.001148105625717566,0.0,0.003444316877152698,-0.001148105625717566,-0.002296211251435132,0.0,0.012629161882893225
fed/speech/fed_2024-03-06_speech_jerome_h_powell_fb79e6f5.txt,FED,,speech,,2024-03-06,2024,1,2024-Q1,42,831,19.785714285714285,0.2263681592039801,4.4788557213930345,-0.013237063778580024,0.0012033694344163659,0.0,0.0036101083032490976,-0.0012033694344163659,-0.0024067388688327317,0.0,0.013237063778580024
fed/speech/fed_2024-03-07_speech_michelle_w_bowman_0ed8e693.txt,Fed,US,speech,Michelle W Bowman,2024-03-07,2024,1,2024-Q1,86,2274,26.441860465116278,0.24057450628366248,6.361237526616843,-0.006156552330694811,0.0008795074758135445,0.0,0.0013192612137203166,-0.00043975373790677223,-0.0013192612137203166,-0.0013192612137203166,0.0030782761653474055
fed/speech/fed_2024-03-07_speech_michelle_w_bowman_b0033495.txt,FED,,speech,,2024-03-07,2024,1,2024-Q1,79,2065,26.139240506329113,0.2362475442043222,6.175331376986397,-0.006779661016949152,0.0,0.0,0.0014527845036319612,-0.00048426150121065375,-0.0014527845036319612,-0.0014527845036319612,0.002421307506053269
fed/speech/fed_2024-03-25_speech_lisa_d_cook_e99a9c76.txt,FED,,speech,,2024-03-25,2024,1,2024-Q1,146,3261,22.335616438356166,0.21293375394321767,4.756006654855019,-0.015946028825513645,0.0,0.0009199632014719411,0.0021465808034345293,-0.0018399264029438822,-0.0009199632014719411,0.0,0.006746396810794235
fed/speech/fed_2024-03-25_speech_lisa_d_cook_efa023b6.txt,Fed,US,speech,Lisa D Cook,2024-03-25,2024,1,2024-Q1,231,4698,20.337662337662337,0.2217732884399551,4.510350255804801,-0.011068539804171988,-0.002979991485738612,0.0006385696040868455,0.0017028522775649213,-0.001277139208173691,-0.0006385696040868455,0.0,0.002767134951042997
fed/speech/fed_2024-03-27_speech_christopher_j_waller_9daffed6.txt,Fed,US,speech,Christopher J Waller,2024-03-27,2024,1,2024-Q1,127,2891,22.763779527559056,0.15849731663685152,3.607997971631006,-0.011068834313386372,0.0010377032168799724,0.0003459010722933241,0.0010377032168799724,-0.0010377032168799724,0.0,0.0,0.015565548253199585
fed/speech/fed_2024-03-27_speech_christopher_j_waller_c9dfd342.txt,FED,,speech,,2024-03-27,2024,1,2024-Q1,123,2829,23.0,0.15735669952537423,3.6192040890836075,-0.011311417462000707,0.0010604453870625664,0.0003534817956875221,0.0010604453870625664,-0.0010604453870625664,0.0,0.0,0.015906680805938492
fed/speech/fed_2024-04-01_speech_lisa_d_cook_35abb55e.txt,FED,,speech,,2024-04-01,2024,2,2024-Q2,43,863,20.069767441860463,0.13481828839390386,2.705771694975326,0.0,0.0,0.0,0.0,0.0,0.0,0.0,0.004634994206257242
fed/speech/fed_2024-04-01_speech_lisa_d_cook_9b780e23.txt,Fed,US,speech,Lisa D Cook,2024-04-01,2024,2,2024-Q2,43,870,20.232558139534884,0.13372093023255813,2.7055164954029203,0.0,0.0,0.0,0.0,0.0,0.0,0.0,0.004597701149425287
fed/speech/fed_2024-04-02_speech_michelle_w_bowman_0544167a.txt,Fed,US,speech,Michelle W Bowman,2024-04-02,2024,2,2024-Q2,134,3684,27.492537313432837,0.25972927241962773,7.140616713387378,0.0,0.0,0.0,0.0,-0.0013572204125950054,0.0,0.0,-0.0019001085776330076
fed/speech/fed_2024-04-02_speech_michelle_w_bowman_947fa077.txt,FED,,speech,,2024-04-02,2024,2,2024-Q2,105,3053,29.076190476190476,0.2613598673300166,7.599349285319435,0.0,0.0,0.0,0.0,-0.0016377333770062235,0.0,0.0,-0.0022928267278087126
fed/speech/fed_2024-04-03_speech_adriana_d_kugler_8b281803.txt,FED,,speech,,2024-04-03,2024,2,2024-Q2,109,2524,23.155963302752294,0.19313482216708022,4.4722228545844995,-0.010301109350237718,0.0011885895404120444,0.0,0.001584786053882726,-0.000792393026941363,-0.001584786053882726,0.0,0.01584786053882726
fed/speech/fed_2024-04-03_speech_adriana_d_kugler_b9362ce3.txt,Fed,US,speech,Adriana D Kugler,2024-04-03,2024,2,2024-Q2,134,3054,22.791044776119403,0.19639764461378595,4.476107512317181,-0.009495743287491814,0.0013097576948264572,0.0,0.0019646365422396855,-0.0006548788474132286,-0.0013097576948264572,0.0,0.014079895219384414
fed/speech/fed_2024-04-03_speech_jerome_h_powell_76138abb.txt,FED,,speech,,2024-04-03,2024,2,2024-Q2,70,1380,19.714285714285715,0.19065281899109793,3.758584145824502,-0.009420289855072464,0.0007246376811594203,0.0,0.0007246376811594203,0.0,-0.0007246376811594203,-0.0007246376811594203,0.007246376811594203
fed/speech/fed_2024-04-03_speech_jerome_h_powell_dcb16e14.txt,Fed,US,speech,Jerome H Powell,2024-04-03,2024,2,2024-Q2,84,1517,18.05952380952381,0.1933287950987066,3.491425978151642,-0.008569545154911009,0.0006591957811470006,0.0,0.0006591957811470006,0.0013183915622940012,-0.0006591957811470006,-0.0006591957811470006,0.0065919578114700065
fed/speech/fed_2024-04-03_speech_michelle_w_bowman_7fd4056e.txt,FED,,speech,,2024-04-03,2024,2,2024-Q2,125,3605,28.84,0.23622941510505394,6.812856331629756,0.0,0.0,0.00027739251040221914,0.0,-0.0005547850208044383,0.0,-0.0013869625520110957,0.00027739251040221914
fed/speech/fed_2024-04-03_speech_michelle_w_bowman_b2692f7f.txt,Fed,US,speech,Michelle W Bowman,2024-04-03,2024,2,2024-Q2,182,4558,25.043956043956044,0.23078698361412417,5.779819073149329,0.0,0.0,0.00021939447125932427,0.0,-0.0006581834137779728,0.0,-0.0010969723562966214,0.00021939447125932427
fed/speech/fed_2024-04-04_speech_adriana_d_kugler_79daff18.txt,FED,,speech,,2024-04-04,2024,2,2024-Q2,110,2669,24.263636363636362,0.19817767653758542,4.808511078898322,0.0,0.0,0.0,0.0,0.0,0.0,0.0,0.0022480329711502436
fed/speech/fed_2024-04-04_speech_adriana_d_kugler_8fdf0d25.txt,Fed,US,speech,Adriana D Kugler,2024-04-04,2024,2,2024-Q2,127,2839,22.35433070866142,0.20280474649406688,4.533564372414613,0.0,0.0,0.0,0.0,0.0,0.0,0.0,0.0017611835153222965
fed/speech/fed_2024-04-05_speech_michelle_w_bowman_38557c30.txt,FED,,speech,,2024-04-05,2024,2,2024-Q2,130,3948,30.369230769230768,0.24470034022507198,7.431361101604494,-0.0121580547112462,-0.0005065856129685917,0.0,0.0,-0.002026342451874367,0.0,0.0,-0.0022796352583586625
fed/speech/fed_2024-04-05_speech_michelle_w_bowman_8c90b4f1.txt,Fed,US,speech,Michelle W Bowman,2024-04-05,2024,2,2024-Q2,200,5555,27.775,0.2452866120738907,6.812835650352313,-0.010261026102610262,-0.00036003600360036,0.0,0.00036003600360036,-0.00234023402340234,0.0,-0.00018001800180018,-0.0019801980198019802
fed/speech/fed_2024-04-11_speech_john_c_williams_568220b4.txt,FED,,speech,,2024-04-11,2024,2,2024-Q2,81,1671,20.62962962962963,0.1668726823238566,3.442521631644005,-0.005984440454817474,0.0005984440454817474,0.0,0.002992220227408737,-0.0011968880909634949,-0.0023937761819269898,0.0,0.003590664272890485
fed/speech/fed_2024-04-16_speech_philip_n_jefferson_58ab6d28.txt,FED,,speech,,2024-04-16,2024,2,2024-Q2,82,2008,24.48780487804878,0.23190621814475026,5.67887421993486,-0.00796812749003984,0.00099601593625498,0.0,0.00049800796812749,-0.01444223107569721,-0.00049800796812749,0.0,-0.009462151394422311
fed/speech/fed_2024-04-16_speech_philip_n_jefferson_7c634462.txt,Fed,US,speech,Philip N Jefferson,2024-04-16,2024,2,2024-Q2,270,4182,15.488888888888889,0.24073133570340274,3.728660910783816,-0.008369201339072214,0.0007173601147776184,0.0,0.00023912003825920613,-0.010282161645145864,-0.00023912003825920613,0.0,-0.006456241032998565
fed/speech/fed_2024-04-17_speech_isabel_schnabel_3f49ceda.txt,Fed,US,speech,Isabel Schnabel,2024-04-17,2024,2,2024-Q2,243,4660,19.17695473251029,0.26164229471316086,5.017502441824402,-0.021244635193133046,0.0,0.00021459227467811158,0.0,-0.0030042918454935624,-0.00021459227467811158,0.0,-0.0012875536480686696
fed/speech/fed_2024-04-18_speech_michelle_w_bowman_90cfe663.txt,Fed,US,speech,Michelle W Bowman,2024-04-18,2024,2,2024-Q2,42,1138,27.095238095238095,0.24775583482944344,6.713003334188253,-0.0008787346221441124,0.0,0.0,0.0,-0.0008787346221441124,0.0,-0.0008787346221441124,-0.008787346221441126
fed/speech/fed_2024-04-18_speech_michelle_w_bowman_ed7a0330.txt,FED,,speech,,2024-04-18,2024,2,2024-Q2,41,1072,26.146341463414632,0.24311490978157646,6.35656544599634,-0.0009328358208955224,0.0,0.0,0.0,-0.0009328358208955224,0.0,-0.0009328358208955224,-0.008395522388059701
fed/speech/fed_2024-05-03_speech_john_c_williams_09dcc0f7.txt,FED,,speech,,2024-05-03,2024,2,2024-Q2,69,1377,19.956521739130434,0.19291635267520724,3.8499393859965267,-0.014524328249818447,0.0,0.0,0.0,0.0007262164124909223,0.0,0.0,0.005083514887436456
fed/speech/fed_2024-05-03_speech_michelle_w_bowman_8d40218d.txt,FED,,speech,,2024-05-03,2024,2,2024-Q2,38,1001,26.342105263157894,0.21779141104294478,5.73708427510494,-0.017982017982017984,0.001998001998001998,0.0,0.001998001998001998,-0.002997002997002997,-0.002997002997002997,0.0,0.003996003996003996
fed/speech/fed_2024-05-03_speech_michelle_w_bowman_bb6325ca.txt,Fed,US,speech,Michelle W Bowman,2024-05-03,2024,2,2024-Q2,39,1040,26.666666666666668,0.21576354679802956,5.753694581280788,-0.01730769230769231,0.0019230769230769232,0.0,0.0019230769230769232,-0.0028846153846153848,-0.0028846153846153848,0.0,0.0038461538461538464
fed/speech/fed_2024-05-04_speech_lisa_d_cook_0293ed02.txt,Fed,US,speech,Lisa D Cook,2024-05-04,2024,2,2024-Q2,104,2216,21.307692307692307,0.1448149840109639,3.085673120849,0.0,0.0004512635379061372,0.0,0.0,0.0,0.0,0.0,0.0004512635379061372
fed/speech/fed_2024-05-04_speech_lisa_d_cook_2e1c4f4e.txt,FED,,speech,,2024-05-04,2024,2,2024-Q2,104,2201,21.16346153846154,0.14581416743330267,3.085932524237492,0.0,0.00045433893684688776,0.0,0.0,0.0,0.0,0.0,0.00045433893684688776
fed/speech/fed_2024-05-08_speech_lisa_d_cook_7810055c.txt,Fed,US,speech,Lisa D Cook,2024-05-08,2024,2,2024-Q2,142,3179,22.387323943661972,0.22884425419822194,5.123210451381321,0.0,-0.0012582573136206354,0.0,0.0,0.0006291286568103177,0.0,0.0,0.00031456432840515884
fed/speech/fed_2024-05-08_speech_lisa_d_cook_c76eed9f.txt,FED,,speech,,2024-05-08,2024,2,2024-Q2,108,2487,23.02777777777778,0.22350041084634348,5.146717794211632,0.0,-0.0008041817450743868,0.0,0.0,0.0008041817450743868,0.0,0.0,0.0028146361077603537
fed/speech/fed_2024-05-10_speech_michael_s_barr_0f4831b5.txt,Fed,US,speech,Michael S Barr,2024-05-10,2024,2,2024-Q2,89,1620,18.202247191011235,0.12039925140361822,2.1915369356613654,0.0,0.0,0.0,0.0,0.0,0.0,0.0,0.0012345679012345679
fed/speech/fed_2024-05-10_speech_michael_s_barr_5b84f19b.txt,FED,,speech,,2024-05-10,2024,2,2024-Q2,89,1615,18.146067415730336,0.12015018773466833,2.1802534066459476,0.0,0.0,0.0,0.0,0.0,0.0,0.0,0.001238390092879257
fed/speech/fed_2024-05-10_speech_michelle_w_bowman_083f055b.txt,FED,,speech,,2024-05-10,2024,2,2024-Q2,159,3857,24.257861635220127,0.25904409823078955,6.283855892302864,-0.00025926886180969663,0.0,0.0,0.0,0.0005185377236193933,0.0,-0.00077780658542909,-0.008296603577910292
fed/speech/fed_2024-05-10_speech_michelle_w_bowman_c823f176.txt,Fed,US,speech,Michelle W Bowman,2024-05-10,2024,2,2024-Q2,191,4351,22.780104712041886,0.26098313939681783,5.945223243536934,-0.00022983222247759135,0.0,0.0,0.0,0.00022983222247759135,0.0,-0.000689496667432774,-0.007354631119282923
fed/speech/fed_2024-05-13_speech_philip_n_jefferson_a07157d7.txt,Fed,US,speech,Philip N Jefferson,2024-05-13,2024,2,2024-Q2,156,2513,16.108974358974358,0.2425,3.9064262820512816,-0.0015917230401910067,0.0,0.0,0.0,0.0,0.0,0.0,-0.001193792280143255
fed/speech/fed_2024-05-13_speech_philip_n_jefferson_ec09d5c3.txt,FED,,speech,,2024-05-13,2024,2,2024-Q2,86,1806,21.0,0.24196277495769883,5.081218274111675,0.0,0.0,0.0,0.0,-0.0005537098560354374,0.0,0.0,-0.0016611295681063123
fed/speech/fed_2024-05-14_speech_lisa_d_cook_2851a335.txt,FED,,speech,,2024-05-14,2024,2,2024-Q2,73,1623,22.232876712328768,0.22821316614420062,5.073835187014214,-0.0006161429451632779,0.0,0.0,0.0,0.0,0.0,0.0,0.004929143561306223
fed/speech/fed_2024-05-14_speech_lisa_d_cook_774dbc2a.txt,Fed,US,speech,Lisa D Cook,2024-05-14,2024,2,2024-Q2,87,1889,21.71264367816092,0.23355263157894737,5.071045069570478,-0.0005293806246691371,0.0,0.0,0.0,0.0,0.0,0.0,0.005823186871360508
fed/speech/fed_2024-05-15_speech_michelle_w_bowman_5bda10c1.txt,Fed,US,speech,Michelle W Bowman,2024-05-15,2024,2,2024-Q2,109,2510,23.027522935779817,0.28681229773462785,6.604576764347852,0.0,-0.00039840637450199205,0.0,0.0,0.001195219123505976,0.0,0.0,0.0015936254980079682
fed/speech/fed_2024-05-15_speech_michelle_w_bowman_85b16169.txt,FED,,speech,,2024-05-15,2024,2,2024-Q2,101,2300,22.77227722772277,0.2859025032938076,6.51065106510651,0.0,-0.0004347826086956522,0.0,0.0,0.0013043478260869566,0.0,0.0,0.0017391304347826088
fed/speech/fed_2024-05-17_speech_christopher_j_waller_79909914.txt,FED,,speech,,2024-05-17,2024,2,2024-Q2,79,1792,22.68354430379747,0.2660183066361556,6.034238044202416,0.0,0.0,0.0,0.0,0.0,0.0,0.0,0.010602678571428572
fed/speech/fed_2024-05-17_speech_christopher_j_waller_cba9d954.txt,Fed,US,speech,Christopher J Waller,2024-05-17,2024,2,2024-Q2,92,2028,22.043478260869566,0.2661207778915046,5.86622758221708,0.0,0.0,0.0,0.0,0.0,0.0,0.0,0.010355029585798817
fed/speech/fed_2024-05-17_speech_michelle_w_bowman_e617ff7e.txt,Fed,US,speech,Michelle W Bowman,2024-05-17,2024,2,2024-Q2,166,4103,24.716867469879517,0.2543728135932034,6.287299121523575,-0.004387033877650499,0.00073117231294175,0.0,0.0004874482086278333,-0.0014623446258835,-0.0009748964172556666,-0.00024372410431391665,-0.003168413356080916
fed/speech/fed_2024-05-17_speech_michelle_w_bowman_fa31bae1.txt,FED,,speech,,2024-05-17,2024,2,2024-Q2,149,3722,24.97986577181208,0.25340971085651937,6.330140562469564,-0.004836109618484685,0.0005373455131649651,0.0,0.0005373455131649651,-0.0013433637829124126,-0.0010746910263299302,-0.00026867275658248256,-0.0024180548092423426
fed/speech/fed_2024-05-18_speech_adriana_d_kugler_0d6c9e56.txt,Fed,US,speech,Adriana D Kugler,2024-05-18,2024,2,2024-Q2,82,2218,27.048780487804876,0.14083865086599817,3.809513751472975,0.0,-0.0004508566275924256,0.0,0.0,0.0,0.0,0.0,0.0009017132551848512
fed/speech/fed_2024-05-18_speech_adriana_d_kugler_c7d90602.txt,FED,,speech,,2024-05-18,2024,2,2024-Q2,82,2208,26.926829268292682,0.14148351648351648,3.8097024926293215,0.0,-0.0004528985507246377,0.0,0.0,0.0,0.0,0.0,0.0009057971014492754
fed/speech/fed_2024-05-19_speech_jerome_h_powell_3a91dbdd.txt,FED,,speech,,2024-05-19,2024,2,2024-Q2,106,1786,16.849056603773583,0.12414965986394558,2.0918046463868563,0.0,0.0,0.0,0.0,0.0,0.0,0.0,0.0011198208286674132
fed/speech/fed_2024-05-19_speech_jerome_h_powell_e1026cbd.txt,Fed,US,speech,Jerome H Powell,2024-05-19,2024,2,2024-Q2,106,1801,16.99056603773585,0.1259134345137718,2.139340524144368,0.0,0.0,0.0,0.0,0.0,0.0,0.0,0.001110494169905608
fed/speech/fed_2024-05-20_speech_christopher_j_waller_bfb449be.txt,Fed,US,speech,Christopher J Waller,2024-05-20,2024,2,2024-Q2,52,1186,22.807692307692307,0.21663778162911612,4.941007865617918,0.0,0.0008431703204047217,0.0,0.0,0.0,0.0,0.0,0.00505902192242833
fed/speech/fed_2024-05-20_speech_christopher_j_waller_d09e031d.txt,FED,,speech,,2024-05-20,2024,2,2024-Q2,49,1107,22.591836734693878,0.21646623496762257,4.890369838962412,0.0,0.0009033423667570009,0.0,0.0,0.0,0.0,0.0,0.005420054200542005
fed/speech/fed_2024-05-20_speech_michael_s_barr_96c7fed2.txt,Fed,US,speech,Michael S Barr,2024-05-20,2024,2,2024-Q2,142,3351,23.598591549295776,0.22763726095003084,5.3719187425602355,-0.000596836765144733,0.000596836765144733,0.0,0.0002984183825723665,0.0,-0.0002984183825723665,0.0,0.0020889286780065653
fed/speech/fed_2024-05-20_speech_michael_s_barr_c53c87a5.txt,FED,,speech,,2024-05-20,2024,2,2024-Q2,114,2707,23.74561403508772,0.21699887175629937,5.152771454774582,-0.0007388252678241596,0.0007388252678241596,0.0,0.0003694126339120798,0.0,-0.0003694126339120798,0.0,0.004802364240857037
fed/speech/fed_2024-05-20_speech_philip_n_jefferson_526d6def.txt,Fed,US,speech,Philip N Jefferson,2024-05-20,2024,2,2024-Q2,132,2506,18.984848484848484,0.18905263157894736,3.5891355661881974,-0.009577015163607342,-0.004788507581803671,0.0,0.0003990422984836393,-0.0003990422984836393,-0.0019952114924181963,0.0,-0.0011971268954509178
fed/speech/fed_2024-05-20_speech_philip_n_jefferson_d137eba5.txt,FED,,speech,,2024-05-20,2024,2,2024-Q2,102,1908,18.705882352941178,0.17679255610290093,3.3070607553366176,-0.009958071278825996,-0.0005241090146750524,0.0,0.0005241090146750524,-0.0005241090146750524,-0.002620545073375262,0.0,0.003668763102725367
fed/speech/fed_2024-05-21_speech_christopher_j_waller_3440d590.txt,FED,,speech,,2024-05-21,2024,2,2024-Q2,93,2290,24.623655913978496,0.1678733031674208,4.133654454337566,-0.014410480349344978,0.0008733624454148472,0.0,0.0017467248908296944,-0.0004366812227074236,0.0004366812227074236,0.0,0.003930131004366812
fed/speech/fed_2024-05-21_speech_christopher_j_waller_e4f546e4.txt,Fed,US,speech,Christopher J Waller,2024-05-21,2024,2,2024-Q2,102,2428,23.80392156862745,0.17194183062446536,4.092889850550999,-0.013591433278418451,0.0008237232289950577,0.0,0.0016474464579901153,-0.00041186161449752884,0.00041186161449752884,0.0,0.0037067545304777594
fed/speech/fed_2024-05-24_speech_christopher_j_waller_af4646b4.txt,Fed,US,speech,Christopher J Waller,2024-05-24,2024,2,2024-Q2,226,4414,19.530973451327434,0.17995169082125603,3.5146316959514343,-0.002718622564567286,-0.00045310376076121433,0.0,0.0,-0.0011327594019030357,-0.00045310376076121433,0.0,-0.0040779338468509285
fed/speech/fed_2024-05-24_speech_christopher_j_waller_c8df60cb.txt,FED,,speech,,2024-05-24,2024,2,2024-Q2,162,3231,19.944444444444443,0.16859716859716858,3.362576862576862,-0.0030950170225936243,0.00030950170225936243,0.0,0.0,-0.0012380068090374497,-0.0006190034045187249,0.0,-0.0030950170225936243
fed/speech/fed_2024-05-28_speech_michelle_w_bowman_12910ea5.txt,FED,,speech,,2024-05-28,2024,2,2024-Q2,86,2555,29.709302325581394,0.23036437246963562,6.843964786743244,-0.0031311154598825833,0.0,0.0,0.0,0.0,0.0,0.0,0.0019569471624266144
fed/speech/fed_2024-05-28_speech_michelle_w_bowman_cb355e89.txt,Fed,US,speech,Michelle W Bowman,2024-05-28,2024,2,2024-Q2,155,4238,27.34193548387097,0.22611305652826413,6.182368603656667,-0.0016517225106182161,0.0,0.0,0.0,0.0,0.0,-0.00023596035865974517,0.0009438414346389807
fed/speech/fed_2024-05-30_speech_john_c_williams_004b64a3.txt,FED,,speech,,2024-05-30,2024,2,2024-Q2,82,1774,21.634146341463413,0.16666666666666666,3.605691056910569,-0.011837655016910935,0.0011273957158962795,0.0,0.004509582863585118,-0.0011273957158962795,-0.0005636978579481398,0.0,0.009582863585118376
fed/speech/fed_2024-06-14_speech_lisa_d_cook_123c17be.txt,FED,,speech,,2024-06-14,2024,2,2024-Q2,47,1290,27.4468085106383,0.2029780564263323,5.571099846595078,0.0,0.0,0.0015503875968992248,0.0,0.0,0.0,0.0,0.0007751937984496124
fed/speech/fed_2024-06-14_speech_lisa_d_cook_7761c2d7.txt,Fed,US,speech,Lisa D Cook,2024-06-14,2024,2,2024-Q2,48,1330,27.708333333333332,0.20319634703196346,5.6302321156773205,0.0,0.0,0.0015037593984962407,0.0,0.0,0.0,0.0,0.0007518796992481203
fed/speech/fed_2024-06-17_speech_lisa_d_cook_3a431029.txt,Fed,US,speech,Lisa D Cook,2024-06-17,2024,2,2024-Q2,87,1644,18.896551724137932,0.17318435754189945,3.2725871701021,0.0,0.0,0.0,0.0,0.0,0.0,0.0,0.0030413625304136255
fed/speech/fed_2024-06-17_speech_lisa_d_cook_82e73043.txt,FED,,speech,,2024-06-17,2024,2,2024-Q2,86,1605,18.662790697674417,0.17164653528289892,3.2034033619657296,0.0,0.0,0.0,0.0,0.0,0.0,0.0,0.003115264797507788
fed/speech/fed_2024-06-17_speech_michelle_w_bowman_9c05627c.txt,Fed,US,speech,Michelle W Bowman,2024-06-17,2024,2,2024-Q2,173,3953,22.84971098265896,0.2880743417656169,6.582415450864067,0.0,0.0,0.0007589172780166962,0.0,0.0010118897040222615,0.0,-0.0007589172780166962,0.0007589172780166962
fed/speech/fed_2024-06-17_speech_michelle_w_bowman_ecb83d6c.txt,FED,,speech,,2024-06-17,2024,2,2024-Q2,164,3742,22.817073170731707,0.28610206297502716,6.528011705198486,0.0,0.0,0.0008017103153393907,0.0,0.0010689470871191875,0.0,-0.0008017103153393907,0.0008017103153393907
fed/speech/fed_2024-06-18_speech_adriana_d_kugler_4749620b.txt,Fed,US,speech,Adriana D Kugler,2024-06-18,2024,2,2024-Q2,136,3224,23.705882352941178,0.18264248704663213,4.329701310576044,-0.011786600496277916,0.00031017369727047146,0.0024813895781637717,0.0015508684863523574,-0.0009305210918114144,-0.0009305210918114144,0.0,0.010235732009925558
fed/speech/fed_2024-06-18_speech_adriana_d_kugler_65de0c37.txt,FED,,speech,,2024-06-18,2024,2,2024-Q2,105,2572,24.495238095238093,0.17821385662795355,4.365390849972347,-0.012441679626749611,0.00038880248833592535,0.0027216174183514776,0.0019440124416796269,-0.0011664074650077762,-0.0011664074650077762,0.0,0.008553654743390357
fed/speech/fed_2024-06-24_speech_christopher_j_waller_2116bd9a.txt,FED,,speech,,2024-06-24,2024,2,2024-Q2,35,798,22.8,0.1588310038119441,3.6213468869123253,-0.0012531328320802004,0.0,0.0,0.0,0.0,0.0,0.0,0.0
fed/speech/fed_2024-06-24_speech_christopher_j_waller_d3ed6459.txt,Fed,US,speech,Christopher J Waller,2024-06-24,2024,2,2024-Q2,35,811,23.17142857142857,0.16145181476846057,3.7410691936349005,-0.0012330456226880395,0.0,0.0,0.0,0.0,0.0,0.0,0.0
fed/speech/fed_2024-06-25_speech_michelle_w_bowman_37ff0e83.txt,Fed,US,speech,Michelle W Bowman,2024-06-25,2024,2,2024-Q2,219,4962,22.65753424657534,0.2391578947368421,5.418728190338861,-0.0068520757758968156,0.00040306328093510683,0.0,0.0006045949214026602,-0.0006045949214026602,-0.00040306328093510683,-0.0008061265618702137,-0.0006045949214026602
fed/speech/fed_2024-06-25_speech_michelle_w_bowman_44857721.txt,FED,,speech,,2024-06-25,2024,2,2024-Q2,201,4217,20.980099502487562,0.2352074637859072,4.934675993956073,-0.00758833293810766,0.00047427080863172874,0.0,0.00023713540431586437,-0.00047427080863172874,-0.00047427080863172874,-0.0007114062129475931,0.0
fed/speech/fed_2024-06-25_speech_michelle_w_bowman_7a16455a.txt,FED,,speech,,2024-06-25,2024,2,2024-Q2,34,727,21.38235294117647,0.30337078651685395,6.486781229345671,0.0,0.0,0.005502063273727648,0.0,0.0,0.0,0.0,-0.0068775790921595595
fed/speech/fed_2024-06-25_speech_michelle_w_bowman_b5147ef2.txt,Fed,US,speech,Michelle W Bowman,2024-06-25,2024,2,2024-Q2,35,763,21.8,0.2975871313672922,6.4873994638069705,0.0,0.0,0.005242463958060288,0.0,0.0,0.0,0.0,-0.00655307994757536
fed/speech/fed_2024-06-26_speech_michelle_w_bowman_2cd5ce8d.txt,Fed,US,speech,Michelle W Bowman,2024-06-26,2024,2,2024-Q2,138,3311,23.992753623188406,0.22393700787401574,5.372865457035262,-0.006342494714587738,0.0003020235578375113,0.0,0.0003020235578375113,-0.0006040471156750226,-0.0015101177891875567,0.0,-0.003926306251887647
fed/speech/fed_2024-06-26_speech_michelle_w_bowman_69e1f352.txt,FED,,speech,,2024-06-26,2024,2,2024-Q2,109,2529,23.201834862385322,0.21942299878098334,5.091016182725752,-0.00830367734282325,0.00039541320680110717,0.0,0.00039541320680110717,-0.0007908264136022143,-0.0019770660340055358,0.0,-0.0039541320680110716
fed/speech/fed_2024-06-27_speech_michelle_w_bowman_3ee12d56.txt,Fed,US,speech,Michelle W Bowman,2024-06-27,2024,2,2024-Q2,126,3259,25.865079365079364,0.24298770879294043,6.2848963726681975,-0.006443694384780607,0.0003068425897514575,0.0,0.0003068425897514575,-0.00122737035900583,-0.001841055538508745,0.0,-0.0003068425897514575
fed/speech/fed_2024-06-27_speech_michelle_w_bowman_e0bbf991.txt,FED,,speech,,2024-06-27,2024,2,2024-Q2,111,2852,25.693693693693692,0.24226254002134473,6.224619496764641,-0.007363253856942496,0.0003506311360448808,0.0,0.0003506311360448808,-0.001402524544179523,-0.0021037868162692847,0.0,-0.0007012622720897616
fed/speech/fed_2024-07-03_speech_john_c_williams_a3e36575.txt,FED,,speech,,2024-07-03,2024,3,2024-Q3,61,1036,16.983606557377048,0.17653167185877466,2.9981444597654185,-0.0009652509652509653,0.0,0.0009652509652509653,0.0,-0.003861003861003861,0.0,0.0,-0.004826254826254826
fed/speech/fed_2024-07-05_speech_john_c_williams_f7c7633b.txt,FED,,speech,,2024-07-05,2024,3,2024-Q3,83,1641,19.771084337349397,0.21805467260012715,4.3111773221302245,-0.014625228519195612,-0.0006093845216331506,0.0006093845216331506,0.0,-0.004875076173065204,0.0,0.0,-0.003656307129798903
fed/speech/fed_2024-07-09_speech_michael_s_barr_93072964.txt,FED,,speech,,2024-07-09,2024,3,2024-Q3,91,2293,25.197802197802197,0.2567747667703243,6.470159782465424,0.0,0.0004361098996947231,0.0,0.0,0.0008722197993894462,0.0,0.0,0.009158307893589184
fed/speech/fed_2024-07-09_speech_michael_s_barr_cab36394.txt,Fed,US,speech,Michael S Barr,2024-07-09,2024,3,2024-Q3,106,2845,26.839622641509433,0.25548245614035087,6.857052714333002,0.0,0.000351493848857645,0.0,0.0,0.00070298769771529,0.0,0.0,0.00773286467486819
fed/speech/fed_2024-07-09_speech_michelle_w_bowman_3f869d93.txt,FED,,speech,,2024-07-09,2024,3,2024-Q3,64,1331,20.796875,0.27546296296296297,5.72876880787037,0.0,0.0007513148009015778,0.0,0.0,0.0,0.0,-0.0007513148009015778,0.005259203606311044
fed/speech/fed_2024-07-09_speech_michelle_w_bowman_53edab53.txt,Fed,US,speech,Michelle W Bowman,2024-07-09,2024,3,2024-Q3,84,1826,21.738095238095237,0.27634660421545665,6.0072488011598075,0.0,0.000547645125958379,0.0,0.0,0.0,0.0,-0.000547645125958379,0.0038335158817086527
fed/speech/fed_2024-07-10_speech_lisa_d_cook_0ea78fba.txt,Fed,US,speech,Lisa D Cook,2024-07-10,2024,3,2024-Q3,148,3380,22.83783783783784,0.22887106724244294,5.226920319455791,-0.01952662721893491,0.0014792899408284023,0.0,0.000591715976331361,-0.0008875739644970414,-0.000591715976331361,0.0,-0.004437869822485207
fed/speech/fed_2024-07-10_speech_lisa_d_cook_cf7895c9.txt,FED,,speech,,2024-07-10,2024,3,2024-Q3,112,2666,23.803571428571427,0.21858134155744025,5.2030165767154966,-0.015003750937734433,0.0007501875468867217,0.0,0.0007501875468867217,-0.0011252813203300824,-0.0007501875468867217,0.0,-0.005251312828207052
fed/speech/fed_2024-07-10_speech_michelle_w_bowman_4c840af0.txt,FED,,speech,,2024-07-10,2024,3,2024-Q3,25,695,27.8,0.18985507246376812,5.277971014492754,0.0028776978417266188,0.0,0.0,0.0,0.0,0.0,0.0,0.008633093525179856
fed/speech/fed_2024-07-10_speech_michelle_w_bowman_fd48a8df.txt,Fed,US,speech,Michelle W Bowman,2024-07-10,2024,3,2024-Q3,26,730,28.076923076923077,0.18810511756569848,5.281412916267688,0.0027397260273972603,0.0,0.0,0.0,0.0,0.0,0.0,0.00821917808219178
fed/speech/fed_2024-07-16_speech_adriana_d_kugler_09acdb5b.txt,FED,,speech,,2024-07-16,2024,3,2024-Q3,156,3614,23.166666666666668,0.23133276979430825,5.359209166901475,-0.004703929164360819,0.0002767017155506364,0.0011068068622025456,-0.0011068068622025456,-0.0005534034311012728,0.0,0.0,0.001383508577753182
fed/speech/fed_2024-07-16_speech_adriana_d_kugler_de21203e.txt,Fed,US,speech,Adriana D Kugler,2024-07-16,2024,3,2024-Q3,215,4681,21.772093023255813,0.23507130124777184,5.117994237864279,-0.003631702627643666,-0.00021362956633198035,0.0010681478316599017,-0.0008545182653279214,-0.0004272591326639607,0.0,0.0,0.0004272591326639607
fed/speech/fed_2024-07-17_speech_christopher_j_waller_26b825f5.txt,FED,,speech,,2024-07-17,2024,3,2024-Q3,120,2812,23.433333333333334,0.15342365433906993,3.5952276333455386,-0.011735419630156473,0.001422475106685633,0.0,0.0007112375533428165,-0.0007112375533428165,-0.0007112375533428165,0.0,0.00035561877667140827
fed/speech/fed_2024-07-17_speech_christopher_j_waller_9c123e79.txt,Fed,US,speech,Christopher J Waller,2024-07-17,2024,3,2024-Q3,123,2895,23.536585365853657,0.1542022792022792,3.629395108053644,-0.011744386873920553,0.0017271157167530224,0.0,0.000690846286701209,-0.000690846286701209,-0.000690846286701209,0.0,0.0
fed/speech/fed_2024-07-18_speech_michelle_w_bowman_4809fc36.txt,Fed,US,speech,Michelle W Bowman,2024-07-18,2024,3,2024-Q3,183,4519,24.693989071038253,0.24232081911262798,5.983867658852272,0.0,0.0,0.0,0.0,0.0006638636866563399,0.0,-0.0024341668510732464,0.0002212878955521133
fed/speech/fed_2024-07-18_speech_michelle_w_bowman_f8bbdfdf.txt,FED,,speech,,2024-07-18,2024,3,2024-Q3,149,3791,25.44295302013423,0.24417670682730924,6.212576480418318,0.0,0.0,0.0,0.0,0.0007913479293062516,0.0,-0.0029016090741229225,0.0010551305724083356
fed/speech/fed_2024-07-24_speech_michelle_w_bowman_4381bc3f.txt,FED,,speech,,2024-07-24,2024,3,2024-Q3,34,768,22.58823529411765,0.28100263852242746,6.34735371721248,0.0013020833333333333,0.0026041666666666665,0.0,0.0,0.0,0.0,0.0,0.013020833333333334
fed/speech/fed_2024-07-24_speech_michelle_w_bowman_ce7c002f.txt,Fed,US,speech,Michelle W Bowman,2024-07-24,2024,3,2024-Q3,33,780,23.636363636363637,0.2831168831168831,6.691853600944509,0.001282051282051282,0.002564102564102564,0.0,0.0,0.0,0.0,0.0,0.01282051282051282
fed/speech/fed_2024-08-10_speech_michelle_w_bowman_dde3ba7f.txt,FED,,speech,,2024-08-10,2024,3,2024-Q3,174,4665,26.810344827586206,0.24085365853658536,6.4573696383515555,-0.0045016077170418,0.0006430868167202572,0.0,0.00021436227224008573,-0.0019292604501607716,-0.00042872454448017146,-0.0010718113612004287,0.002357984994640943
fed/speech/fed_2024-08-10_speech_michelle_w_bowman_e633cadc.txt,Fed,US,speech,Michelle W Bowman,2024-08-10,2024,3,2024-Q3,194,5282,27.22680412371134,0.24124513618677043,6.568334068755265,-0.003975766755017039,0.0005679666792881485,0.0,0.0001893222264293828,-0.0017039000378644452,-0.0003786444528587656,-0.000946611132146914,0.0020825444907232107
fed/speech/fed_2024-08-19_speech_christopher_j_waller_dbac1bd3.txt,Fed,US,speech,Christopher J Waller,2024-08-19,2024,3,2024-Q3,40,1045,26.125,0.24074074074074073,6.289351851851851,-0.0009569377990430622,0.0,0.0,0.0,0.0,0.0,0.0,-0.0019138755980861245
fed/speech/fed_2024-08-19_speech_christopher_j_waller_e31d195c.txt,FED,,speech,,2024-08-19,2024,3,2024-Q3,39,1005,25.76923076923077,0.242914979757085,6.259732170663344,-0.0009950248756218905,0.0,0.0,0.0,0.0,0.0,0.0,-0.001990049751243781
fed/speech/fed_2024-08-20_speech_michelle_w_bowman_01904a1d.txt,Fed,US,speech,Michelle W Bowman,2024-08-20,2024,3,2024-Q3,141,3309,23.46808510638298,0.24013668841255048,5.6355482408307065,-0.004835297673012995,0.0009066183136899365,0.0,0.0003022061045633122,-0.0012088244182532487,-0.0003022061045633122,0.0,0.0030220610456331218
fed/speech/fed_2024-08-20_speech_michelle_w_bowman_1556e82e.txt,FED,,speech,,2024-08-20,2024,3,2024-Q3,127,2912,22.929133858267715,0.23786238211666086,5.453978399399341,-0.005494505494505495,0.0010302197802197802,0.0,0.00034340659340659343,-0.0013736263736263737,-0.00034340659340659343,0.0,0.0030906593406593405
fed/speech/fed_2024-08-23_speech_jerome_h_powell_b9ad683c.txt,FED,,speech,,2024-08-23,2024,3,2024-Q3,132,2450,18.560606060606062,0.22231614539306846,4.126322395553165,-0.02122448979591837,-0.0012244897959183673,0.0,0.0008163265306122449,-0.00040816326530612246,-0.0008163265306122449,0.0,0.0
fed/speech/fed_2024-08-23_speech_jerome_h_powell_da75207d.txt,Fed,US,speech,Jerome H Powell,2024-08-23,2024,3,2024-Q3,265,4472,16.87547169811321,0.23785228377065112,4.013869483103215,-0.018783542039355994,-0.0017889087656529517,0.0,0.0006708407871198568,-0.0004472271914132379,-0.0004472271914132379,0.0,-0.0013416815742397137
fed/speech/fed_2024-08-28_speech_christopher_j_waller_0d8b445f.txt,Fed,US,speech,Christopher J Waller,2024-08-28,2024,3,2024-Q3,86,1999,23.24418604651163,0.2342857142857143,5.4457807308970105,0.0,0.0,0.0,0.0,0.0005002501250625312,0.0,0.0,0.006003001500750375
fed/speech/fed_2024-08-28_speech_christopher_j_waller_9c1ca8e9.txt,FED,,speech,,2024-08-28,2024,3,2024-Q3,79,1826,23.11392405063291,0.23459581684567551,5.422429893167132,0.0,0.0,0.0,0.0,0.000547645125958379,0.0,0.0,0.00547645125958379
fed/speech/fed_2024-09-06_speech_christopher_j_waller_657d72e9.txt,Fed,US,speech,Christopher J Waller,2024-09-06,2024,3,2024-Q3,101,2560,25.346534653465348,0.16942315449778136,4.294289856577429,-0.009765625,-0.003125,0.0,0.0015625,-0.000390625,-0.000390625,0.0,-0.001953125
fed/speech/fed_2024-09-06_speech_christopher_j_waller_f9d23761.txt,FED,,speech,,2024-09-06,2024,3,2024-Q3,95,2408,25.347368421052632,0.16737830913748933,4.242599667400782,-0.009966777408637873,-0.0024916943521594683,0.0,0.0008305647840531562,-0.0004152823920265781,-0.0004152823920265781,0.0,-0.0024916943521594683
fed/speech/fed_2024-09-06_speech_john_c_williams_4d6d7334.txt,FED,,speech,,2024-09-06,2024,3,2024-Q3,65,1508,23.2,0.17076502732240437,3.961748633879781,-0.013262599469496022,0.000663129973474801,0.0,-0.000663129973474801,-0.001326259946949602,-0.000663129973474801,0.0,0.002652519893899204
fed/speech/fed_2024-09-10_speech_michael_s_barr_62cdd632.txt,FED,,speech,,2024-09-10,2024,3,2024-Q3,119,3015,25.33613445378151,0.21883561643835617,5.544448601358352,-0.0003316749585406302,0.0006633499170812604,0.0,0.0,0.0003316749585406302,0.0,0.0,-0.014593698175787729
fed/speech/fed_2024-09-10_speech_michael_s_barr_bca0fd85.txt,Fed,US,speech,Michael S Barr,2024-09-10,2024,3,2024-Q3,145,3542,24.427586206896553,0.21604938271604937,5.277564921243082,-0.000564652738565782,0.001129305477131564,0.0,0.0,0.000282326369282891,0.0,0.0,-0.012704686617730096
fed/speech/fed_2024-09-10_speech_michelle_w_bowman_31424857.txt,Fed,US,speech,Michelle W Bowman,2024-09-10,2024,3,2024-Q3,177,4477,25.293785310734464,0.2008814660171654,5.081052674343782,0.0,-0.0006700915791824883,0.0,0.0,0.00022336385972749609,0.0,-0.00044672771945499217,-0.009381282108554836
fed/speech/fed_2024-09-10_speech_michelle_w_bowman_8d0e709f.txt,FED,,speech,,2024-09-10,2024,3,2024-Q3,145,3657,25.220689655172414,0.2054220234768027,5.180885102445982,0.0,-0.00027344818156959256,0.0,0.0,0.0005468963631391851,0.0,-0.0005468963631391851,-0.00847689362865737
fed/speech/fed_2024-09-24_speech_michelle_w_bowman_512c9489.txt,FED,,speech,,2024-09-24,2024,3,2024-Q3,85,2262,26.611764705882354,0.20434979610330767,5.438108691596258,-0.010610079575596816,0.0022104332449160036,0.0,0.0004420866489832007,-0.0017683465959328027,-0.0008841732979664014,0.0,0.005305039787798408
fed/speech/fed_2024-09-24_speech_michelle_w_bowman_a737959a.txt,Fed,US,speech,Michelle W Bowman,2024-09-24,2024,3,2024-Q3,86,2333,27.127906976744185,0.20394736842105263,5.53266523867809,-0.010287183883411917,0.0021431633090441492,0.0,0.0004286326618088298,-0.0017145306472353193,-0.0008572653236176596,0.0,0.005143591941705958
fed/speech/fed_2024-09-25_speech_adriana_d_kugler_50e5f977.txt,Fed,US,speech,Adriana D Kugler,2024-09-25,2024,3,2024-Q3,137,3730,27.226277372262775,0.1855815263306111,5.052694111045105,-0.015281501340482574,0.00026809651474530834,0.00026809651474530834,0.0005361930294906167,-0.00026809651474530834,0.0,0.0,0.002412868632707775
fed/speech/fed_2024-09-25_speech_adriana_d_kugler_f620dec2.txt,FED,,speech,,2024-09-25,2024,3,2024-Q3,102,2878,28.215686274509803,0.17759365994236312,5.010926993275697,-0.015635858234885336,0.00034746351633078526,0.0,0.0006949270326615705,-0.00034746351633078526,0.0,0.0,0.003822098679638638
fed/speech/fed_2024-09-26_speech_jerome_h_powell_22cfeaf9.txt,Fed,US,speech,Jerome H Powell,2024-09-26,2024,3,2024-Q3,27,535,19.814814814814813,0.15324165029469547,3.0364549225060027,0.0,0.0,0.0,0.0,0.0,0.0,0.0,0.0
fed/speech/fed_2024-09-26_speech_jerome_h_powell_32948737.txt,FED,,speech,,2024-09-26,2024,3,2024-Q3,23,465,20.217391304347824,0.13968957871396895,2.824158873999807,0.0,0.0,0.0,0.0,0.0,0.0,0.0,0.0
fed/speech/fed_2024-09-26_speech_john_c_williams_3dcc8f2b.txt,FED,,speech,,2024-09-26,2024,3,2024-Q3,59,1227,20.796610169491526,0.18552412645590682,3.8582729349389435,0.0,0.0,0.0008149959250203749,0.0,0.0016299918500407497,0.0,0.0,0.0032599837000814994
fed/speech/fed_2024-09-26_speech_lisa_d_cook_08b9256f.txt,FED,,speech,,2024-09-26,2024,3,2024-Q3,131,3070,23.435114503816795,0.18196994991652754,4.26448661254763,-0.002280130293159609,0.0,0.02214983713355049,0.0,-0.000977198697068404,-0.0003257328990228013,0.0,0.009120521172638436
fed/speech/fed_2024-09-26_speech_lisa_d_cook_50e11c4c.txt,Fed,US,speech,Lisa D Cook,2024-09-26,2024,3,2024-Q3,149,3343,22.436241610738254,0.187731196054254,4.211982472546115,-0.0020939276099311995,0.0,0.032007179180376905,0.0,-0.0008973975471133712,-0.0002991325157044571,0.0,0.00927310798683817
fed/speech/fed_2024-09-26_speech_michael_s_barr_07bbdbea.txt,Fed,US,speech,Michael S Barr,2024-09-26,2024,3,2024-Q3,96,2593,27.010416666666668,0.23457760314341847,6.33603880157171,0.0,0.0,0.0,0.0,-0.0003856536829926726,0.0,-0.0011569610489780178,0.002699575780948708
fed/speech/fed_2024-09-26_speech_michael_s_barr_afd7109d.txt,FED,,speech,,2024-09-26,2024,3,2024-Q3,86,2382,27.697674418604652,0.23322005097706033,6.459653039852997,0.0,0.0,0.0,0.0,-0.00041981528127623844,0.0,-0.0012594458438287153,0.0025188916876574307
fed/speech/fed_2024-09-30_speech_jerome_h_powell_64047529.txt,Fed,US,speech,Jerome H Powell,2024-09-30,2024,3,2024-Q3,51,900,17.647058823529413,0.1745664739884393,3.0805848350901055,-0.014444444444444444,0.0022222222222222222,0.0,0.0,0.0,-0.0011111111111111111,0.0,0.02
fed/speech/fed_2024-09-30_speech_jerome_h_powell_c0b16e57.txt,FED,,speech,,2024-09-30,2024,3,2024-Q3,51,888,17.41176470588235,0.17253521126760563,3.0041425020712507,-0.013513513513513514,0.0022522522522522522,0.0,0.0,0.0,-0.0011261261261261261,0.0,0.02027027027027027
fed/speech/fed_2024-10-01_speech_lisa_d_cook_a1973e87.txt,Fed,US,speech,Lisa D Cook,2024-10-01,2024,4,2024-Q4,146,3041,20.828767123287673,0.21557093425605536,4.490076788168934,0.0,0.0,0.026964814205853338,0.0003288391976323578,-0.0009865175928970734,-0.0003288391976323578,0.0,0.010851693521867807
fed/speech/fed_2024-10-01_speech_lisa_d_cook_ce8b2414.txt,FED,,speech,,2024-10-01,2024,4,2024-Q4,92,2110,22.934782608695652,0.21356421356421357,4.8980488110922895,0.0,0.0,0.027014218009478674,0.00047393364928909954,-0.0014218009478672985,-0.00047393364928909954,0.0,0.014218009478672985
fed/speech/fed_2024-10-02_speech_michelle_w_bowman_2993b55c.txt,Fed,US,speech,Michelle W Bowman,2024-10-02,2024,4,2024-Q4,261,6379,24.440613026819925,0.2710735747929186,6.625204343310451,-0.0004702931493964571,0.0006270575325286095,0.0,0.0,-0.00031352876626430476,-0.00015676438313215238,0.0,0.00031352876626430476
fed/speech/fed_2024-10-02_speech_michelle_w_bowman_b93d00dd.txt,FED,,speech,,2024-10-02,2024,4,2024-Q4,219,5441,24.84474885844749,0.27039670658682635,6.717938267301014,-0.0005513692335967653,0.0005513692335967653,0.0,0.0,-0.0003675794890645102,-0.0001837897445322551,0.0,0.0005513692335967653
fed/speech/fed_2024-10-04_speech_john_c_williams_55c40956.txt,FED,,speech,,2024-10-04,2024,4,2024-Q4,49,928,18.93877551020408,0.12280701754385964,2.325814536340852,0.0,0.0010775862068965517,0.0,0.0,0.0,0.0,0.0,0.003232758620689655
fed/speech/fed_2024-10-08_speech_adriana_d_kugler_dddfc769.txt,Fed,US,speech,Adriana D Kugler,2024-10-08,2024,4,2024-Q4,198,4442,22.434343434343436,0.22721779066956732,5.097481950273829,-0.017784781629896444,0.0015758667266996848,0.0018009905447996398,0.00045024763619990995,-0.00022512381809995497,-0.00045024763619990995,0.0,0.005177847816298964
fed/speech/fed_2024-10-08_speech_adriana_d_kugler_e3bbb146.txt,FED,,speech,,2024-10-08,2024,4,2024-Q4,98,2520,25.714285714285715,0.2175337976239246,5.593726224615204,-0.019444444444444445,0.0015873015873015873,0.0007936507936507937,0.0,-0.0003968253968253968,-0.0007936507936507937,0.0,0.004365079365079365
fed/speech/fed_2024-10-08_speech_philip_n_jefferson_28ce8cf0.txt,FED,,speech,,2024-10-08,2024,4,2024-Q4,162,3247,20.04320987654321,0.21049284578696342,4.218952285618951,-0.0012319063751154912,-0.0006159531875577456,0.0,0.0,-0.0012319063751154912,-0.0003079765937788728,0.0,0.0009239297813366184
fed/speech/fed_2024-10-08_speech_philip_n_jefferson_7a7cf68c.txt,Fed,US,speech,Philip N Jefferson,2024-10-08,2024,4,2024-Q4,294,5086,17.299319727891156,0.2067237419085404,3.5761801066218926,-0.0007864726700747149,-0.0007864726700747149,0.0,0.0,-0.0007864726700747149,-0.00019661816751867872,0.0,-0.0007864726700747149
fed/speech/fed_2024-10-09_speech_philip_n_jefferson_733f0ce7.txt,FED,,speech,,2024-10-09,2024,4,2024-Q4,134,2937,21.917910447761194,0.23076923076923078,5.057979334098738,-0.001361933946203609,0.0,0.0,0.0,0.0,-0.00034048348655090226,0.0,0.003745318352059925
fed/speech/fed_2024-10-09_speech_philip_n_jefferson_de5b1cee.txt,Fed,US,speech,Philip N Jefferson,2024-10-09,2024,4,2024-Q4,186,4223,22.704301075268816,0.2272159800249688,5.158780019599157,-0.000947193937958797,0.0,0.0,0.0,0.0,-0.00023679848448969926,0.0,0.001894387875917594
fed/speech/fed_2024-10-10_speech_john_c_williams_7189acbd.txt,FED,,speech,,2024-10-10,2024,4,2024-Q4,67,1433,21.388059701492537,0.16031631919482386,3.428855006062427,-0.011863224005582694,0.0006978367062107466,0.0,0.0,-0.0006978367062107466,-0.0006978367062107466,0.0,0.004884856943475227
fed/speech/fed_2024-10-10_speech_lisa_d_cook_714a4fc8.txt,FED,,speech,,2024-10-10,2024,4,2024-Q4,109,2276,20.880733944954127,0.18780815777678173,3.9215721752289467,0.0008787346221441124,0.0,0.0008787346221441124,0.0,0.0,0.0004393673110720562,0.0,0.008787346221441126
fed/speech/fed_2024-10-10_speech_lisa_d_cook_b8daa106.txt,Fed,US,speech,Lisa D Cook,2024-10-10,2024,4,2024-Q4,219,3875,17.69406392694064,0.2097921225382932,3.712075227561124,0.0005161290322580645,0.0,0.0012903225806451613,-0.00025806451612903227,-0.00025806451612903227,0.00025806451612903227,0.0,0.0064516129032258064
fed/speech/fed_2024-10-11_speech_michelle_w_bowman_2da2b4ed.txt,Fed,US,speech,Michelle W Bowman,2024-10-11,2024,4,2024-Q4,143,3295,23.041958041958043,0.27492922302610884,6.334907621475725,-0.0006069802731411229,0.00030349013657056146,0.0,0.0,0.0006069802731411229,0.0,-0.00030349013657056146,-0.006676783004552352
fed/speech/fed_2024-10-11_speech_michelle_w_bowman_5b08db99.txt,FED,,speech,,2024-10-11,2024,4,2024-Q4,122,2803,22.975409836065573,0.27724945135332846,6.369919771667046,-0.00035676061362825543,0.00035676061362825543,0.0,0.0,0.0007135212272565109,0.0,-0.00035676061362825543,-0.007135212272565109
fed/speech/fed_2024-10-14_speech_christopher_j_waller_2c61858e.txt,FED,,speech,,2024-10-14,2024,4,2024-Q4,115,3069,26.68695652173913,0.1491140086927449,3.9793990667655144,-0.007820136852394917,0.00032583903551645487,0.0,0.0019550342130987292,-0.0006516780710329097,0.0006516780710329097,0.0,0.006516780710329097
fed/speech/fed_2024-10-14_speech_christopher_j_waller_dc1352c8.txt,Fed,US,speech,Christopher J Waller,2024-10-14,2024,4,2024-Q4,132,3343,25.325757575757574,0.1548904659055847,3.922718390320982,-0.007478312892611427,0.0002991325157044571,0.0,0.0017947950942267424,-0.0002991325157044571,0.0005982650314089142,0.0,0.005982650314089142
fed/speech/fed_2024-10-18_speech_christopher_j_waller_06566b1a.txt,Fed,US,speech,Christopher J Waller,2024-10-18,2024,4,2024-Q4,117,2300,19.65811965811966,0.19831036016007114,3.898408789471484,0.0,0.0,0.0013043478260869566,0.0,0.0004347826086956522,0.0,0.0,0.003043478260869565
fed/speech/fed_2024-10-18_speech_christopher_j_waller_5ceabdcd.txt,FED,,speech,,2024-10-18,2024,4,2024-Q4,111,2142,19.2972972972973,0.19451017510648366,3.7535206763791713,0.0,0.0,0.0014005602240896359,0.0,0.00046685340802987864,0.0,0.0,0.0032679738562091504
fed/speech/fed_2024-10-23_speech_michelle_w_bowman_070ffcb1.txt,Fed,US,speech,Michelle W Bowman,2024-10-23,2024,4,2024-Q4,43,945,21.976744186046513,0.23275862068965517,5.115276663993585,0.0,0.0,0.0,0.0,0.0,0.0,0.0,0.006349206349206349
fed/speech/fed_2024-10-23_speech_michelle_w_bowman_e37b2ed0.txt,FED,,speech,,2024-10-23,2024,4,2024-Q4,40,875,21.875,0.23121387283236994,5.057803468208093,0.0,0.0,0.0,0.0,0.0,0.0,0.0,0.006857142857142857
fed/speech/fed_2024-11-12_speech_christopher_j_waller_606e958b.txt,FED,,speech,,2024-11-12,2024,4,2024-Q4,100,2314,23.14,0.1834137779727951,4.244194822290479,0.0,0.0,0.0,0.0,0.000432152117545376,0.0,0.0,0.005185825410544511
fed/speech/fed_2024-11-12_speech_christopher_j_waller_c681b9c3.txt,Fed,US,speech,Christopher J Waller,2024-11-12,2024,4,2024-Q4,115,2528,21.982608695652175,0.18196588139723802,4.000084766714937,0.0,0.0,0.0,0.0,0.00039556962025316455,0.0,0.0,0.004746835443037975
fed/speech/fed_2024-11-14_speech_adriana_d_kugler_697f990b.txt,Fed,US,speech,Adriana D Kugler,2024-11-14,2024,4,2024-Q4,276,4787,17.344202898550726,0.2456449834619625,4.260516434175416,-0.012951744307499478,0.0006266973052015876,0.00020889910173386254,0.0006266973052015876,0.00020889910173386254,0.0,0.0,0.0027156883225402132
fed/speech/fed_2024-11-14_speech_adriana_d_kugler_a0bcf709.txt,FED,,speech,,2024-11-14,2024,4,2024-Q4,126,3264,25.904761904761905,0.23727215587680703,6.146478704618239,-0.015931372549019607,0.00030637254901960784,0.0,0.0009191176470588235,0.0006127450980392157,0.0,0.0,0.003676470588235294
fed/speech/fed_2024-11-14_speech_jerome_h_powell_95cd2c47.txt,Fed,US,speech,Jerome H Powell,2024-11-14,2024,4,2024-Q4,50,998,19.96,0.18813905930470348,3.7552556237218817,-0.01503006012024048,0.002004008016032064,0.0,0.0,-0.001002004008016032,0.001002004008016032,0.0,0.011022044088176353
fed/speech/fed_2024-11-14_speech_jerome_h_powell_af00659b.txt,FED,,speech,,2024-11-14,2024,4,2024-Q4,50,983,19.66,0.18607068607068608,3.658149688149688,-0.014242115971515769,0.001017293997965412,0.0,0.0,-0.001017293997965412,0.001017293997965412,0.0,0.01017293997965412
fed/speech/fed_2024-11-15_speech_john_c_williams_81bc608b.txt,FED,,speech,,2024-11-15,2024,4,2024-Q4,90,1520,16.88888888888889,0.16227180527383367,2.740590489069191,0.0,0.0,0.0013157894736842105,0.0,0.0,0.0,0.0,0.003289473684210526
fed/speech/fed_2024-11-20_speech_lisa_d_cook_379d29f0.txt,FED,,speech,,2024-11-20,2024,4,2024-Q4,109,2242,20.568807339449542,0.19030023094688223,3.914248786999174,-0.00847457627118644,0.0026761819803746653,0.001784121320249777,0.0013380909901873326,-0.00044603033006244426,0.0,0.0,0.02096342551293488
fed/speech/fed_2024-11-20_speech_lisa_d_cook_de2199d4.txt,Fed,US,speech,Lisa D Cook,2024-11-20,2024,4,2024-Q4,143,2900,20.27972027972028,0.1996370235934664,4.048582995951417,-0.008275862068965517,0.0034482758620689655,0.003103448275862069,0.0010344827586206897,-0.0003448275862068965,0.0,0.0,0.017241379310344827
fed/speech/fed_2024-11-20_speech_michelle_w_bowman_c05375b3.txt,FED,,speech,,2024-11-20,2024,4,2024-Q4,165,4245,25.727272727272727,0.23771866762520968,6.115852994357668,-0.0016489988221436984,0.0016489988221436984,0.0,0.0004711425206124853,0.00023557126030624264,0.0,0.0,0.003769140164899882
fed/speech/fed_2024-11-20_speech_michelle_w_bowman_e34097ef.txt,Fed,US,speech,Michelle W Bowman,2024-11-20,2024,4,2024-Q4,172,4374,25.430232558139537,0.24114631873252562,6.132406965907367,-0.001600365797896662,0.00205761316872428,0.0,0.0004572473708276177,0.00022862368541380886,0.0,0.0,0.004343850022862369
fed/speech/fed_2024-12-02_speech_christopher_j_waller_811c2f2d.txt,FED,,speech,,2024-12-02,2024,4,2024-Q4,84,2242,26.69047619047619,0.16643804298125287,4.442310623380583,-0.01650312221231044,0.00044603033006244426,0.0,0.0013380909901873326,-0.00044603033006244426,-0.00044603033006244426,0.0,0.0008920606601248885
fed/speech/fed_2024-12-02_speech_christopher_j_waller_b678650e.txt,Fed,US,speech,Christopher J Waller,2024-12-02,2024,4,2024-Q4,87,2309,26.54022988505747,0.16577777777777777,4.399780332056194,-0.01602425292334344,0.00043308791684711995,0.0,0.00129926375054136,-0.00043308791684711995,-0.00043308791684711995,0.0,0.0017323516673884798
fed/speech/fed_2024-12-03_speech_adriana_d_kugler_c62b0ebf.txt,Fed,US,speech,Adriana D Kugler,2024-12-03,2024,4,2024-Q4,137,2813,20.532846715328468,0.19170033051781124,3.936153501800022,-0.005332385353714895,0.0017774617845716318,0.0007109847138286527,0.00035549235691432633,-0.0014219694276573053,-0.00035549235691432633,0.0,0.018841094916459297
fed/speech/fed_2024-12-03_speech_adriana_d_kugler_cb12627e.txt,FED,,speech,,2024-12-03,2024,4,2024-Q4,127,2664,20.976377952755904,0.18713900654601462,3.925498531012464,-0.00563063063063063,0.0018768768768768769,0.0007507507507507507,0.00037537537537537537,-0.0011261261261261261,-0.00037537537537537537,0.0,0.02027027027027027
fed/speech/fed_2024-12-08_speech_michelle_w_bowman_91a81d50.txt,Fed,US,speech,Michelle W Bowman,2024-12-08,2024,4,2024-Q4,157,3957,25.203821656050955,0.24954557257855103,6.28950210632692,-0.0027798837503158957,0.0005054334091483447,0.0,0.00025271670457417233,0.0005054334091483447,-0.000758150113722517,0.0,-0.0017690169320192064
fed/speech/fed_2024-12-08_speech_michelle_w_bowman_a671cc70.txt,FED,,speech,,2024-12-08,2024,4,2024-Q4,142,3666,25.816901408450704,0.24477861319966582,6.319425323873062,-0.003000545553737043,0.00027277686852154935,0.0,0.00027277686852154935,0.00027277686852154935,-0.0008183306055646482,0.0,-0.0016366612111292963
fed/speech/fed_2025-01-06_speech_lisa_d_cook_8b6e94b8.txt,Fed,US,speech,Lisa D Cook,2025-01-06,2025,1,2025-Q1,179,3901,21.793296089385475,0.21884984025559107,4.769459367804808,-0.0033324788515765188,0.0007690335811330429,0.003845167905665214,0.0005126890540886952,-0.001281722635221738,0.0005126890540886952,0.0,0.010253781081773904
fed/speech/fed_2025-01-06_speech_lisa_d_cook_b331924a.txt,FED,,speech,,2025-01-06,2025,1,2025-Q1,164,3612,22.024390243902438,0.21516101453405528,4.738790149371998,-0.0033222591362126247,0.0008305647840531562,0.003045404208194906,0.0005537098560354374,-0.0013842746400885937,0.0005537098560354374,0.0,0.011351052048726468
fed/speech/fed_2025-01-08_speech_christopher_j_waller_0fb4e162.txt,Fed,US,speech,Christopher J Waller,2025-01-08,2025,1,2025-Q1,160,3518,21.9875,0.199168892846542,4.379226031463342,-0.01137009664582149,0.0014212620807276862,0.0017055144968732233,0.0,-0.001989766913018761,-0.0002842524161455372,0.0,0.004832291074474133
fed/speech/fed_2025-01-08_speech_christopher_j_waller_46d36b36.txt,FED,,speech,,2025-01-08,2025,1,2025-Q1,134,2971,22.171641791044777,0.19550173010380623,4.334594329391107,-0.010434197239986537,0.0013463480309660047,0.002019522046449007,0.0,-0.002019522046449007,-0.0003365870077415012,0.0,0.005385392123864019
fed/speech/fed_2025-01-09_speech_michelle_w_bowman_211cf3bd.txt,FED,,speech,,2025-01-09,2025,1,2025-Q1,152,3977,26.164473684210527,0.23904074265085096,6.254375220542331,-0.0060346995222529546,0.001257229067136032,0.00025144581342720644,0.0005028916268544129,0.0010057832537088258,-0.00025144581342720644,-0.00025144581342720644,0.0027659039476992707
fed/speech/fed_2025-01-09_speech_michelle_w_bowman_2a8eb41f.txt,Fed,US,speech,Michelle W Bowman,2025-01-09,2025,1,2025-Q1,163,4228,25.938650306748468,0.2393681652490887,6.208887132964092,-0.005676442762535478,0.0011825922421948912,0.00023651844843897824,0.0004730368968779565,0.0011825922421948912,-0.00023651844843897824,-0.00023651844843897824,0.0023651844843897824
fed/speech/fed_2025-01-31_speech_michelle_w_bowman_da33568b.txt,FED,,speech,,2025-01-31,2025,1,2025-Q1,224,5280,23.571428571428573,0.2362478286045165,5.568698817106461,-0.004356060606060606,0.000946969696969697,0.0,0.0003787878787878788,0.0,0.0,0.0,0.004356060606060606
fed/speech/fed_2025-01-31_speech_michelle_w_bowman_dba4293a.txt,Fed,US,speech,Michelle W Bowman,2025-01-31,2025,1,2025-Q1,246,5656,22.991869918699187,0.23753399818676338,5.461350787578592,-0.004066478076379066,0.0010608203677510608,0.0,0.0003536067892503536,0.0,0.0,0.0,0.004066478076379066
fed/speech/fed_2025-02-05_speech_michelle_w_bowman_1c8f705c.txt,Fed,US,speech,Michelle W Bowman,2025-02-05,2025,1,2025-Q1,171,3862,22.584795321637426,0.2633128177682633,5.946866094859842,0.0,0.001294665976178146,0.0002589331952356292,0.0,0.0002589331952356292,0.0,0.0,0.0005178663904712584
fed/speech/fed_2025-02-05_speech_michelle_w_bowman_cde1b0a9.txt,FED,,speech,,2025-02-05,2025,1,2025-Q1,145,3169,21.855172413793102,0.2640232108317215,5.77027279397052,0.0,0.0012622278321236984,0.0003155569580309246,0.0,0.0003155569580309246,0.0,0.0,0.001577784790154623
fed/speech/fed_2025-02-05_speech_philip_n_jefferson_58264f34.txt,Fed,US,speech,Philip N Jefferson,2025-02-05,2025,1,2025-Q1,217,3921,18.069124423963135,0.2288065843621399,4.134334641861524,-0.00204029584289722,0.0,0.0,0.004845702626880897,-0.000510073960724305,0.0,0.0,0.014537107880642693
fed/speech/fed_2025-02-05_speech_philip_n_jefferson_7da3c862.txt,Fed,US,speech,Philip N Jefferson,2025-02-05,2025,1,2025-Q1,144,2756,19.13888888888889,0.18498659517426275,3.540437890974084,-0.011248185776487663,0.0021770682148040637,0.0,0.0010885341074020319,-0.0021770682148040637,-0.000362844702467344,0.0,0.012336719883889695
fed/speech/fed_2025-02-05_speech_philip_n_jefferson_8eb2ab23.txt,FED,,speech,,2025-02-05,2025,1,2025-Q1,127,2611,20.559055118110237,0.17896907216494845,3.679435019076224,-0.009574875526618154,0.002297970126388357,0.0,0.0011489850631941786,-0.002297970126388357,-0.00038299502106472615,0.0,0.013404825737265416
fed/speech/fed_2025-02-05_speech_philip_n_jefferson_a695a2fb.txt,FED,,speech,,2025-02-05,2025,1,2025-Q1,186,3573,19.20967741935484,0.2208398133748056,4.24226157628054,-0.002239014833473272,0.0,0.0,0.00559753708368318,-0.000559753708368318,0.0,0.0,0.01595298068849706
fed/speech/fed_2025-02-07_speech_adriana_d_kugler_5124d326.txt,FED,,speech,,2025-02-07,2025,1,2025-Q1,121,2640,21.818181818181817,0.19792083166733307,4.318272690923631,-0.004166666666666667,0.0015151515151515152,0.003787878787878788,0.0007575757575757576,-0.0007575757575757576,0.0,0.0,0.03068181818181818
fed/speech/fed_2025-02-07_speech_adriana_d_kugler_826c4c5f.txt,Fed,US,speech,Adriana D Kugler,2025-02-07,2025,1,2025-Q1,168,3222,19.178571428571427,0.20414300033411292,3.9151711135506653,-0.003414028553693358,0.000931098696461825,0.0031036623215394167,0.0006207324643078833,-0.0006207324643078833,0.0,0.0,0.027312228429546864
fed/speech/fed_2025-02-11_speech_jerome_h_powell_1281872b.txt,Fed,US,speech,Jerome H Powell,2025-02-11,2025,1,2025-Q1,48,971,20.229166666666668,0.2046908315565032,4.140724946695096,-0.007209062821833162,0.0010298661174047373,0.0,0.0020597322348094747,-0.0010298661174047373,0.0010298661174047373,0.0,0.016477857878475798
fed/speech/fed_2025-02-11_speech_jerome_h_powell_a9603d01.txt,FED,,speech,,2025-02-11,2025,1,2025-Q1,47,955,20.319148936170212,0.20195439739413681,4.103541478965972,-0.007329842931937173,0.0010471204188481676,0.0,0.0020942408376963353,-0.0010471204188481676,0.0010471204188481676,0.0,0.016753926701570682
fed/speech/fed_2025-02-11_speech_john_c_williams_4a80fb74.txt,FED,,speech,,2025-02-11,2025,1,2025-Q1,65,1358,20.892307692307693,0.1393188854489164,2.9106930221481306,-0.008100147275405008,0.0022091310751104565,0.0,0.0014727540500736377,0.0,-0.0007363770250368188,0.0,0.011782032400589101
fed/speech/fed_2025-02-12_speech_christopher_j_waller_1d5de161.txt,FED,,speech,,2025-02-12,2025,1,2025-Q1,128,2672,20.875,0.23189522342064714,4.840812788906009,-0.00037425149700598805,0.0,0.0,0.0,0.0007485029940119761,-0.00037425149700598805,0.0,0.001122754491017964
fed/speech/fed_2025-02-12_speech_christopher_j_waller_5e3c90c8.txt,Fed,US,speech,Christopher J Waller,2025-02-12,2025,1,2025-Q1,146,2959,20.267123287671232,0.23740753786544558,4.811567839341462,-0.0003379520108144643,0.0,0.0,0.0,0.0006759040216289286,-0.0003379520108144643,0.0,0.0
fed/speech/fed_2025-02-17_speech_christopher_j_waller_268c5c40.txt,FED,,speech,,2025-02-17,2025,1,2025-Q1,101,2615,25.89108910891089,0.15545886075949367,4.024999216693821,-0.01491395793499044,0.0,0.0,0.0019120458891013384,-0.005353728489483747,0.0003824091778202677,0.0,0.0034416826003824093
fed/speech/fed_2025-02-17_speech_christopher_j_waller_6b35eee6.txt,Fed,US,speech,Christopher J Waller,2025-02-17,2025,1,2025-Q1,106,2735,25.80188679245283,0.1590909090909091,4.104845626072041,-0.014625228519195612,0.0,0.0,0.0018281535648994515,-0.005118829981718464,0.00036563071297989033,0.0,0.0032906764168190127
fed/speech/fed_2025-02-17_speech_michelle_w_bowman_7135556b.txt,Fed,US,speech,Michelle W Bowman,2025-02-17,2025,1,2025-Q1,257,6541,25.45136186770428,0.24008186397984888,6.110410398024091,-0.0027518728023238036,0.0006115272894052897,0.0,0.00030576364470264486,-0.00015288182235132243,0.0,-0.00015288182235132243,0.0007644091117566122
fed/speech/fed_2025-02-17_speech_michelle_w_bowman_71f69d3b.txt,FED,,speech,,2025-02-17,2025,1,2025-Q1,234,6162,26.333333333333332,0.23754152823920266,6.255260243632336,-0.00275884453099643,0.0006491398896462187,0.0,0.0003245699448231094,-0.0001622849724115547,0.0,-0.0001622849724115547,0.0008114248620577734
fed/speech/fed_2025-02-18_speech_michael_s_barr_542183f3.txt,FED,,speech,,2025-02-18,2025,1,2025-Q1,96,2181,22.71875,0.229068673565381,5.2041539275635,0.0,-0.0004585052728106373,0.011462631820265932,0.0,-0.0009170105456212746,0.0,0.0,0.004585052728106373
fed/speech/fed_2025-02-18_speech_michael_s_barr_5bbb8a58.txt,Fed,US,speech,Michael S Barr,2025-02-18,2025,1,2025-Q1,219,4831,22.059360730593607,0.25378531073446325,5.5983417176173145,0.0,-0.00020699648105982198,0.027530531980956324,0.0,-0.000620989443179466,0.0,0.0,0.00517491202649555
fed/speech/fed_2025-02-19_speech_philip_n_jefferson_29986d63.txt,FED,,speech,,2025-02-19,2025,1,2025-Q1,198,4031,20.358585858585858,0.19031324032640168,3.874508443210733,-0.0004961548002976929,0.00024807740014884643,0.0,0.0,-0.00024807740014884643,-0.0004961548002976929,0.0,0.0024807740014884646
fed/speech/fed_2025-02-19_speech_philip_n_jefferson_526e2c54.txt,Fed,US,speech,Philip N Jefferson,2025-02-19,2025,1,2025-Q1,235,4450,18.93617021276596,0.19314420803782506,3.6574115990141345,-0.0006741573033707865,0.00022471910112359551,0.0,0.0,-0.00022471910112359551,-0.00044943820224719103,0.0,0.0022471910112359553
fed/speech/fed_2025-02-20_speech_adriana_d_kugler_1c7392b7.txt,FED,,speech,,2025-02-20,2025,1,2025-Q1,182,4050,22.252747252747252,0.20701932858596134,4.606748795456832,-0.030617283950617285,0.0002469135802469136,0.0,0.0004938271604938272,-0.0004938271604938272,-0.0004938271604938272,0.0,0.0009876543209876543
fed/speech/fed_2025-02-20_speech_adriana_d_kugler_c509e48d.txt,Fed,US,speech,Adriana D Kugler,2025-02-20,2025,1,2025-Q1,240,5262,21.925,0.21482511923688394,4.71004073926868,-0.02717597871531737,0.00019004180919802356,0.0,0.0003800836183960471,-0.0003800836183960471,-0.0003800836183960471,0.0,-0.0005701254275940707
fed/speech/fed_2025-02-20_speech_michael_s_barr_a1f25e00.txt,Fed,US,speech,Michael S Barr,2025-02-20,2025,1,2025-Q1,246,6053,24.60569105691057,0.20963026655202063,5.158097574956833,0.0,0.0,0.00016520733520568312,0.0,0.0004956220056170494,0.0,-0.00033041467041136624,-0.0036345613745250287
fed/speech/fed_2025-02-20_speech_michael_s_barr_b1231cdc.txt,FED,,speech,,2025-02-20,2025,1,2025-Q1,210,5220,24.857142857142858,0.20697765582124658,5.1448731589852725,0.0,0.0,0.00019157088122605365,0.0,0.0005747126436781609,0.0,-0.0003831417624521073,-0.0034482758620689655
fed/speech/fed_2025-02-21_speech_philip_n_jefferson_34c78b0b.txt,FED,,speech,,2025-02-21,2025,1,2025-Q1,221,3310,14.97737556561086,0.2568043547870637,3.8462552685302303,-0.0015105740181268882,0.0,0.0009063444108761329,0.0,-0.002416918429003021,0.0,0.0,-0.002719033232628399
fed/speech/fed_2025-02-21_speech_philip_n_jefferson_ff63ef66.txt,Fed,US,speech,Philip N Jefferson,2025-02-21,2025,1,2025-Q1,273,4541,16.633699633699635,0.25769777356702983,4.286467361787116,-0.0015415106804668576,-0.00022021581149526536,0.0006606474344857961,0.0,-0.0013212948689715921,0.0,0.0,-0.0015415106804668576
fed/speech/fed_2025-02-25_speech_michael_s_barr_444c5855.txt,Fed,US,speech,Michael S Barr,2025-02-25,2025,1,2025-Q1,189,4506,23.841269841269842,0.22416201117318435,5.344306996541634,0.0,0.00022192632046160674,0.0,0.0,-0.00022192632046160674,-0.00022192632046160674,-0.0006657789613848203,-0.0013315579227696406
fed/speech/fed_2025-02-25_speech_michael_s_barr_ddbf74d4.txt,FED,,speech,,2025-02-25,2025,1,2025-Q1,143,3375,23.6013986013986,0.21658566221142161,5.111724545199635,0.0,0.0002962962962962963,0.0,0.0,-0.0002962962962962963,0.0,-0.0005925925925925926,-0.0014814814814814814
fed/speech/fed_2025-02-27_speech_michael_s_barr_85396efd.txt,FED,,speech,,2025-02-27,2025,1,2025-Q1,65,1564,24.06153846153846,0.27947882736156354,6.724690553745929,0.0,0.0,0.0,0.0,0.0006393861892583121,0.0,0.0,-0.005115089514066497
fed/speech/fed_2025-02-27_speech_michael_s_barr_f9744293.txt,Fed,US,speech,Michael S Barr,2025-02-27,2025,1,2025-Q1,75,1729,23.053333333333335,0.27386634844868735,6.313532219570406,0.0,0.0,0.0,0.0,0.000578368999421631,0.0,0.0,-0.005205320994794679
fed/speech/fed_2025-02-27_speech_michelle_w_bowman_22c997eb.txt,FED,,speech,,2025-02-27,2025,1,2025-Q1,145,3512,24.220689655172414,0.2474703671581382,5.993902961788837,-0.0005694760820045558,0.0011389521640091116,0.0,0.0,-0.0011389521640091116,0.0,0.0,0.003132118451025057
fed/speech/fed_2025-02-27_speech_michelle_w_bowman_ac2570e2.txt,Fed,US,speech,Michelle W Bowman,2025-02-27,2025,1,2025-Q1,154,3698,24.01298701298701,0.24786088876621584,5.951880302970559,-0.0005408328826392645,0.001081665765278529,0.0,0.0,-0.001081665765278529,0.0,0.0,0.0029745808545159546
fed/speech/fed_2025-03-07_speech_adriana_d_kugler_57b2a5d7.txt,FED,,speech,,2025-03-07,2025,1,2025-Q1,115,2919,25.382608695652173,0.1827956989247312,4.6398316970546984,-0.0078794107571086,0.0,0.0,0.003083247687564234,-0.00034258307639602604,-0.0013703323055841042,0.0,0.0078794107571086
fed/speech/fed_2025-03-07_speech_adriana_d_kugler_9da5f341.txt,Fed,US,speech,Adriana D Kugler,2025-03-07,2025,1,2025-Q1,173,4166,24.08092485549133,0.2029881504379186,4.888142397250687,-0.006240998559769563,0.0,0.0,0.0021603456553048487,-0.00024003840614498319,-0.0009601536245799327,0.0,0.006481036965914546
fed/speech/fed_2025-03-07_speech_jerome_h_powell_e8721875.txt,FED,,speech,,2025-03-07,2025,1,2025-Q1,50,946,18.92,0.1883259911894273,3.563127753303965,-0.011627906976744186,0.0,0.0,0.0010570824524312897,-0.006342494714587738,0.0,0.0,0.009513742071881607
fed/speech/fed_2025-03-07_speech_jerome_h_powell_f1d4b1df.txt,Fed,US,speech,Jerome H Powell,2025-03-07,2025,1,2025-Q1,52,965,18.557692307692307,0.19052744886975242,3.535749772294444,-0.012435233160621761,0.0010362694300518134,0.0,0.0010362694300518134,-0.0062176165803108805,0.0,0.0,0.010362694300518135
fed/speech/fed_2025-03-07_speech_john_c_williams_cc01b632.txt,FED,,speech,,2025-03-07,2025,1,2025-Q1,76,1661,21.855263157894736,0.24252068746021643,5.300353445676572,-0.027694160144491272,0.0,0.0006020469596628537,0.0,-0.0006020469596628537,0.0,0.0,-0.0006020469596628537
fed/speech/fed_2025-03-07_speech_michelle_w_bowman_6516ae09.txt,Fed,US,speech,Michelle W Bowman,2025-03-07,2025,1,2025-Q1,148,3253,21.97972972972973,0.22215046819502746,4.882807250259623,-0.0027666769136181985,0.0006148170919151552,0.0003074085459575776,0.0003074085459575776,0.0,-0.002151859821703043,0.0,0.00522594528127882
fed/speech/fed_2025-03-07_speech_michelle_w_bowman_837afa1b.txt,FED,,speech,,2025-03-07,2025,1,2025-Q1,130,3037,23.361538461538462,0.22429261559696342,5.2398205659075225,-0.0026341784655910436,0.0006585446163977609,0.00032927230819888045,0.00032927230819888045,0.0,-0.001975633849193283,0.0,0.005597629239380968
fed/speech/fed_2025-03-21_speech_john_c_williams_4c86b114.txt,FED,,speech,,2025-03-21,2025,1,2025-Q1,98,2036,20.775510204081634,0.22914521112255407,4.7606086718930625,-0.022593320235756387,0.0009823182711198428,0.0,0.0004911591355599214,-0.0063850687622789785,-0.0004911591355599214,0.0,-0.0054027504911591355
fed/speech/fed_2025-03-24_speech_michael_s_barr_8e95569e.txt,FED,,speech,,2025-03-24,2025,1,2025-Q1,72,1591,22.09722222222222,0.3093851132686084,6.8365516001438325,0.0,0.0006285355122564425,0.0,0.0,0.0018856065367693275,0.0,0.0,0.00502828409805154
fed/speech/fed_2025-03-24_speech_michael_s_barr_a2ea47cb.txt,Fed,US,speech,Michael S Barr,2025-03-24,2025,1,2025-Q1,110,2224,20.21818181818182,0.294174289841117,5.94766927824222,0.0,0.0004496402877697842,0.0,0.0,0.0017985611510791368,0.0,0.0,0.006744604316546762
fed/speech/fed_2025-03-25_speech_adriana_d_kugler_982ec24f.txt,Fed,US,speech,Adriana D Kugler,2025-03-25,2025,1,2025-Q1,106,1988,18.754716981132077,0.19002123142250532,3.563794415735289,-0.008048289738430584,0.0015090543259557343,0.0005030181086519115,0.0005030181086519115,-0.001006036217303823,-0.0005030181086519115,0.0,0.011569416498993963
fed/speech/fed_2025-03-25_speech_adriana_d_kugler_9884b8ed.txt,FED,,speech,,2025-03-25,2025,1,2025-Q1,89,1724,19.370786516853933,0.18446601941747573,3.5732518817497545,-0.008700696055684454,0.0017401392111368909,0.0,0.000580046403712297,-0.001160092807424594,-0.000580046403712297,0.0,0.009860788863109048
fed/speech/fed_2025-03-25_speech_john_c_williams_bc003b51.txt,FED,,speech,,2025-03-25,2025,1,2025-Q1,54,854,15.814814814814815,0.19689737470167065,3.113895518430125,0.0,0.0,0.0,0.0,-0.00117096018735363,0.0,0.0,-0.00117096018735363
fed/speech/fed_2025-04-02_speech_adriana_d_kugler_534c8562.txt,FED,,speech,,2025-04-02,2025,2,2025-Q2,126,3540,28.095238095238095,0.24229857819905212,6.807436244640035,-0.038135593220338986,0.0,0.0,0.001694915254237288,-0.00480225988700565,0.0002824858757062147,0.0,-0.000847457627118644
fed/speech/fed_2025-04-02_speech_adriana_d_kugler_e0ebda9c.txt,Fed,US,speech,Adriana D Kugler,2025-04-02,2025,2,2025-Q2,196,4644,23.693877551020407,0.249715973642354,5.916739702015775,-0.03875968992248062,0.0002153316106804479,0.0,0.0012919896640826874,-0.004521963824289405,0.0002153316106804479,0.0,-0.0017226528854435831
fed/speech/fed_2025-04-03_speech_lisa_d_cook_1eb55d97.txt,Fed,US,speech,Lisa D Cook,2025-04-03,2025,2,2025-Q2,290,5811,20.03793103448276,0.21392587261604895,4.286631881971933,-0.00980898296334538,-0.0015487867836861124,0.0017208742040956805,-0.00034417484081913615,-0.005162622612287042,0.00017208742040956807,0.0,-0.0008604371020478403
fed/speech/fed_2025-04-03_speech_lisa_d_cook_c2ccd0be.txt,FED,,speech,,2025-04-03,2025,2,2025-Q2,245,7180,29.306122448979593,0.20229090123189972,5.92836192181649,-0.006545961002785515,0.0011142061281337048,0.0008356545961002785,-0.0002785515320334262,-0.003481894150417827,0.0,0.0,0.0022284122562674096
fed/speech/fed_2025-04-03_speech_philip_n_jefferson_6e5ccb60.txt,FED,,speech,,2025-04-03,2025,2,2025-Q2,150,3123,20.82,0.20481519159036962,4.2642522889114955,-0.007684918347742555,0.001280819724623759,0.0,-0.0009606147934678194,-0.002241434518091579,-0.0006404098623118795,0.0,0.004162664105027218
fed/speech/fed_2025-04-03_speech_philip_n_jefferson_bb50d5a6.txt,Fed,US,speech,Philip N Jefferson,2025-04-03,2025,2,2025-Q2,159,3177,19.9811320754717,0.20596917021974417,4.1154971936360205,-0.008183821214982689,0.0015738117721120553,0.0,-0.0009442870632672333,-0.0022033364809568774,-0.0006295247088448222,0.0,0.004091910607491344
fed/speech/fed_2025-04-04_speech_jerome_h_powell_0431acb0.txt,FED,,speech,,2025-04-04,2025,2,2025-Q2,49,922,18.816326530612244,0.17725752508361203,3.3353354719814345,-0.01843817787418655,0.0010845986984815619,0.0,-0.0010845986984815619,-0.004338394793926247,0.0,0.0,0.006507592190889371
fed/speech/fed_2025-04-04_speech_jerome_h_powell_2a0ac96b.txt,Fed,US,speech,Jerome H Powell,2025-04-04,2025,2,2025-Q2,49,934,19.06122448979592,0.1793179317931793,3.418019352955704,-0.018201284796573874,0.0010706638115631692,0.0,-0.0010706638115631692,-0.004282655246252677,0.0,0.0,0.006423982869379015
fed/speech/fed_2025-04-04_speech_michael_s_barr_7b2fd7d7.txt,FED,,speech,,2025-04-04,2025,2,2025-Q2,86,1965,22.848837209302324,0.2405391394504925,5.496039639769974,0.0,0.0,0.010687022900763359,0.0,0.0,0.0,0.0,-0.005089058524173028
fed/speech/fed_2025-04-04_speech_michael_s_barr_d4b1c629.txt,Fed,US,speech,Michael S Barr,2025-04-04,2025,2,2025-Q2,105,2262,21.542857142857144,0.23994515539305303,5.1691042047532,0.0,0.0,0.026525198938992044,0.0,0.0,0.0,0.0,-0.005305039787798408
fed/speech/fed_2025-04-11_speech_john_c_williams_b3a9600f.txt,FED,,speech,,2025-04-11,2025,2,2025-Q2,70,1503,21.47142857142857,0.1850582590815627,3.9734651914226964,-0.009314703925482368,0.0013306719893546241,0.0,0.0,-0.011976047904191617,-0.0006653359946773121,0.0,-0.003992015968063872
fed/speech/fed_2025-04-14_speech_christopher_j_waller_1197c0a3.txt,FED,,speech,,2025-04-14,2025,2,2025-Q2,143,3263,22.818181818181817,0.16650838873061094,3.7994186883075765,-0.014097456328532026,0.0006129328838492185,0.0,0.0,-0.003677597303095311,0.00030646644192460924,0.0,-0.0027581979773214833
fed/speech/fed_2025-04-14_speech_christopher_j_waller_cb66c772.txt,Fed,US,speech,Christopher J Waller,2025-04-14,2025,2,2025-Q2,149,3382,22.697986577181208,0.16778728606356969,3.8084335668925684,-0.013305736250739207,0.0005913660555884093,0.0,0.0,-0.0035481963335304554,0.0005913660555884093,0.0,-0.0026611472501478417
fed/speech/fed_2025-04-15_speech_lisa_d_cook_4e6a81ee.txt,Fed,US,speech,Lisa D Cook,2025-04-15,2025,2,2025-Q2,88,1466,16.65909090909091,0.15176715176715178,2.5283027783027787,0.0,-0.0006821282401091405,0.0,0.0,-0.0006821282401091405,0.0,0.0,0.0006821282401091405
fed/speech/fed_2025-04-16_speech_jerome_h_powell_37eaa5fb.txt,FED,,speech,,2025-04-16,2025,2,2025-Q2,44,857,19.477272727272727,0.19036144578313252,3.707721796276013,-0.015169194865810968,0.0011668611435239206,0.0,0.002333722287047841,-0.004667444574095682,0.0,0.0,0.011668611435239206
fed/speech/fed_2025-04-16_speech_jerome_h_powell_ba07de41.txt,Fed,US,speech,Jerome H Powell,2025-04-16,2025,2,2025-Q2,45,869,19.31111111111111,0.19217081850533807,3.7110320284697504,-0.014959723820483314,0.0011507479861910242,0.0,0.0023014959723820483,-0.004602991944764097,0.0,0.0,0.011507479861910242
fed/speech/fed_2025-04-17_speech_michael_s_barr_4353d995.txt,FED,,speech,,2025-04-17,2025,2,2025-Q2,74,1591,21.5,0.24643320363164722,5.298313878080416,0.0,0.0,0.01257071024512885,0.0,0.0,0.0,0.0,0.0018856065367693275
fed/speech/fed_2025-04-17_speech_michael_s_barr_b776d468.txt,Fed,US,speech,Michael S Barr,2025-04-17,2025,2,2025-Q2,101,2087,20.663366336633665,0.24655436447166923,5.094643154973997,0.0,0.0,0.014374700527072353,0.0,0.0,0.0,0.0,0.0009583133684714902
fed/speech/fed_2025-04-22_speech_adriana_d_kugler_1e8e9e8d.txt,FED,,speech,,2025-04-22,2025,2,2025-Q2,122,2642,21.65573770491803,0.211605415860735,4.582471382820179,-0.006434519303557911,0.000757002271006813,0.0,0.0,-0.001514004542013626,0.0,0.0,0.006434519303557911
fed/speech/fed_2025-04-22_speech_adriana_d_kugler_5e92f1b0.txt,Fed,US,speech,Adriana D Kugler,2025-04-22,2025,2,2025-Q2,218,3824,17.541284403669724,0.22675862068965516,3.977637456501107,-0.004707112970711297,0.0005230125523012552,0.0002615062761506276,0.0,-0.0010460251046025104,-0.0002615062761506276,0.0,0.004968619246861925
fed/speech/fed_2025-04-22_speech_philip_n_jefferson_378594a5.txt,FED,,speech,,2025-04-22,2025,2,2025-Q2,164,2681,16.347560975609756,0.23728139904610493,3.878972139284191,-0.0011189854531891085,0.0007459903021260724,0.0,0.0033569563595673255,0.0,0.0,0.0,0.010443864229765013
fed/speech/fed_2025-04-22_speech_philip_n_jefferson_c43c7f52.txt,Fed,US,speech,Philip N Jefferson,2025-04-22,2025,2,2025-Q2,218,3503,16.068807339449542,0.2283343577135833,3.6690608030765244,-0.0008564087924636027,-0.0005709391949757351,0.0,0.0028546959748786756,-0.00028546959748786756,0.0,0.0,0.007422209534684556
fed/speech/fed_2025-04-23_speech_christopher_j_waller_514dd2aa.txt,Fed,US,speech,Christopher J Waller,2025-04-23,2025,2,2025-Q2,30,612,20.4,0.16996699669966997,3.4673267326732673,-0.0032679738562091504,0.0016339869281045752,0.0,0.0,0.0,0.0,0.0,-0.0016339869281045752
fed/speech/fed_2025-04-23_speech_christopher_j_waller_5fbd97c8.txt,FED,,speech,,2025-04-23,2025,2,2025-Q2,29,577,19.896551724137932,0.16958041958041958,3.3740655895828313,-0.0034662045060658577,0.0017331022530329288,0.0,0.0,0.0,0.0,0.0,-0.0017331022530329288
fed/speech/fed_2025-05-03_speech_lisa_d_cook_0db044eb.txt,Fed,US,speech,Lisa D Cook,2025-05-03,2025,2,2025-Q2,93,1601,17.21505376344086,0.1639030612244898,2.821600010972131,0.0,-0.0006246096189881324,0.0006246096189881324,0.0,-0.0006246096189881324,0.0,0.0,0.0
fed/speech/fed_2025-05-09_speech_john_c_williams_5b2cea26.txt,FED,,speech,,2025-05-09,2025,2,2025-Q2,109,2287,20.98165137614679,0.22862286228622863,4.796885193106467,-0.005247048535198951,0.0,0.00043725404459991256,0.0,-0.010056843025797988,0.0,0.0,-0.005684302579798863
fed/speech/fed_2025-05-09_speech_lisa_d_cook_4be65013.txt,Fed,US,speech,Lisa D Cook,2025-05-09,2025,2,2025-Q2,78,1467,18.807692307692307,0.2261904761904762,4.254120879120879,-0.0054533060668029995,0.0006816632583503749,0.011588275391956374,0.0,-0.0013633265167007499,-0.0006816632583503749,0.0,0.029993183367416496
fed/speech/fed_2025-05-09_speech_lisa_d_cook_b24ae3c0.txt,FED,,speech,,2025-05-09,2025,2,2025-Q2,71,1340,18.87323943661972,0.22543792840822544,4.254744000943973,-0.005970149253731343,0.0007462686567164179,0.005970149253731343,0.0,-0.0014925373134328358,-0.0007462686567164179,0.0,0.030597014925373135
fed/speech/fed_2025-05-12_speech_adriana_d_kugler_5af8f2c7.txt,Fed,US,speech,Adriana D Kugler,2025-05-12,2025,2,2025-Q2,179,3079,17.201117318435752,0.21829309758585516,3.754885181379039,-0.008444300097434233,0.000974342318934719,0.0003247807729782397,-0.0003247807729782397,-0.008119519324455992,-0.0003247807729782397,0.0,-0.0003247807729782397
fed/speech/fed_2025-05-12_speech_adriana_d_kugler_b1b3677f.txt,FED,,speech,,2025-05-12,2025,2,2025-Q2,139,2587,18.611510791366907,0.21625951141369643,4.024916230411746,-0.009663703131039814,0.0011596443757247777,0.00038654812524159255,-0.00038654812524159255,-0.003865481252415926,-0.00038654812524159255,0.0,0.004252029377657518
fed/speech/fed_2025-05-14_speech_christopher_j_waller_af0bf633.txt,FED,,speech,,2025-05-14,2025,2,2025-Q2,131,2614,19.954198473282442,0.22966134682755937,4.582708096238474,-0.005738332058148432,-0.00038255547054322876,0.0,0.0,0.0,0.0,0.0,0.0022953328232593728
fed/speech/fed_2025-05-14_speech_christopher_j_waller_e518942c.txt,Fed,US,speech,Christopher J Waller,2025-05-14,2025,2,2025-Q2,165,3102,18.8,0.23107569721115537,4.344223107569721,-0.005802707930367505,-0.0009671179883945841,0.0,0.0,0.0,0.0,0.0,0.002256608639587363
fed/speech/fed_2025-05-14_speech_philip_n_jefferson_8ad1ba50.txt,FED,,speech,,2025-05-14,2025,2,2025-Q2,90,1706,18.955555555555556,0.20743034055727555,3.9319573443412454,-0.008792497069167644,0.0017584994138335288,0.0,-0.0005861664712778429,-0.004689331770222743,-0.0005861664712778429,0.0,-0.0005861664712778429
fed/speech/fed_2025-05-14_speech_philip_n_jefferson_ea86795d.txt,Fed,US,speech,Philip N Jefferson,2025-05-14,2025,2,2025-Q2,108,1873,17.34259259259259,0.21579532814238042,3.7424504593581345,-0.012279765082754938,0.002135611318739989,0.0,-0.0005339028296849973,-0.004271222637479978,-0.0005339028296849973,0.0,-0.0005339028296849973
fed/speech/fed_2025-05-15_speech_michael_s_barr_6fe9a839.txt,Fed,US,speech,Michael S Barr,2025-05-15,2025,2,2025-Q2,81,1784,22.02469135802469,0.24192601291837934,5.328345766004799,-0.0011210762331838565,0.0011210762331838565,0.0,0.0005605381165919282,-0.0005605381165919282,0.0,0.0,0.00952914798206278
fed/speech/fed_2025-05-15_speech_michael_s_barr_f7bb4671.txt,FED,,speech,,2025-05-15,2025,2,2025-Q2,70,1556,22.228571428571428,0.2461435278336687,5.471418990131264,-0.0006426735218508997,0.0,0.0,0.0006426735218508997,-0.0006426735218508997,0.0,0.0,0.006426735218508998
fed/speech/fed_2025-05-19_speech_philip_n_jefferson_61efd744.txt,FED,,speech,,2025-05-19,2025,2,2025-Q2,128,2874,22.453125,0.23850574712643677,5.355199353448276,0.0,0.0,0.0,0.0,0.0,0.0003479471120389701,-0.0003479471120389701,0.0020876826722338203
fed/speech/fed_2025-05-19_speech_philip_n_jefferson_af321bf7.txt,Fed,US,speech,Philip N Jefferson,2025-05-19,2025,2,2025-Q2,172,3677,21.377906976744185,0.23669985775248933,5.060147540441298,0.0,0.0,0.0,0.0,-0.0002719608376393799,0.0002719608376393799,-0.0002719608376393799,0.0005439216752787598
fed/speech/fed_2025-05-20_speech_adriana_d_kugler_adcc99b7.txt,Fed,US,speech,Adriana D Kugler,2025-05-20,2025,2,2025-Q2,83,2077,25.02409638554217,0.13443740867023868,3.364174672386575,0.0,0.0,0.0,0.0,0.0,0.0,0.0,-0.0009629272989889263
fed/speech/fed_2025-05-23_speech_lisa_d_cook_115eb7d8.txt,FED,,speech,,2025-05-23,2025,2,2025-Q2,125,3026,24.208,0.2483085250338295,6.011052774018944,0.0,0.0,0.0,0.0,-0.005287508261731659,0.0,-0.00033046926635822867,-0.00495703899537343
fed/speech/fed_2025-05-23_speech_lisa_d_cook_29bfca66.txt,Fed,US,speech,Lisa D Cook,2025-05-23,2025,2,2025-Q2,196,3846,19.622448979591837,0.25729081493594985,5.0486758889982815,0.0,0.0,0.0,0.0,-0.004160166406656267,0.0,-0.00026001040041601667,-0.004420176807072283
fed/speech/fed_2025-05-29_speech_adriana_d_kugler_61c5ebfe.txt,FED,,speech,,2025-05-29,2025,2,2025-Q2,45,873,19.4,0.2719812426729191,5.2764361078546305,0.0,0.0,0.0,0.0,-0.002290950744558992,0.0,0.0,-0.002290950744558992
fed/speech/fed_2025-05-29_speech_adriana_d_kugler_d58bac5c.txt,Fed,US,speech,Adriana D Kugler,2025-05-29,2025,2,2025-Q2,45,879,19.533333333333335,0.270081490104773,5.2755917733799,0.0,0.0,0.0,0.0,-0.0022753128555176336,0.0,0.0,-0.0022753128555176336
fed/speech/fed_2025-06-01_speech_christopher_j_waller_a587752f.txt,FED,,speech,,2025-06-01,2025,2,2025-Q2,147,3539,24.07482993197279,0.1855004402700323,4.465891551807104,-0.0175190731845154,0.00028256569652444194,0.0,0.0,-0.002543091268719977,0.0005651313930488839,0.0,-0.0031082226617688614
fed/speech/fed_2025-06-01_speech_christopher_j_waller_ed2cbba9.txt,Fed,US,speech,Christopher J Waller,2025-06-01,2025,2,2025-Q2,164,3863,23.554878048780488,0.1894878706199461,4.463363684175925,-0.01993269479679006,0.0002588661661920787,0.0,0.0,-0.003365260160497023,0.0005177323323841574,0.0,-0.0041418586590732595
fed/speech/fed_2025-06-02_speech_jerome_h_powell_362bf16d.txt,Fed,US,speech,Jerome H Powell,2025-06-02,2025,2,2025-Q2,59,1270,21.52542372881356,0.22401289282836423,4.82197243884784,-0.0015748031496062992,0.0,0.0,0.0,-0.005511811023622047,0.0,0.0,-0.0031496062992125984
fed/speech/fed_2025-06-02_speech_jerome_h_powell_4a8bc993.txt,FED,,speech,,2025-06-02,2025,2,2025-Q2,58,1245,21.46551724137931,0.22413793103448276,4.811236623067776,-0.001606425702811245,0.0,0.0,0.0,-0.005622489959839358,0.0,0.0,-0.00321285140562249
fed/speech/fed_2025-06-03_speech_lisa_d_cook_09ab3f69.txt,FED,,speech,,2025-06-03,2025,2,2025-Q2,70,1187,16.957142857142856,0.21875,3.7093749999999996,-0.013479359730412805,0.0,0.0016849199663016006,0.0008424599831508003,-0.005054759898904802,0.0,0.0,-0.0016849199663016006
fed/speech/fed_2025-06-03_speech_lisa_d_cook_896d03c4.txt,Fed,US,speech,Lisa D Cook,2025-06-03,2025,2,2025-Q2,81,1364,16.839506172839506,0.2295957284515637,3.86627868651769,-0.013929618768328446,0.0,0.001466275659824047,0.0007331378299120235,-0.005131964809384164,0.0,0.0,-0.001466275659824047
fed/speech/fed_2025-06-04_speech_lisa_d_cook_2ee94dfa.txt,Fed,US,speech,Lisa D Cook,2025-06-04,2025,2,2025-Q2,26,462,17.76923076923077,0.1419068736141907,2.521575984990619,0.0,0.0,0.0,0.0,0.0,0.0,0.0,0.0
fed/speech/fed_2025-06-04_speech_lisa_d_cook_63f87945.txt,FED,,speech,,2025-06-04,2025,2,2025-Q2,22,411,18.681818181818183,0.14320987654320988,2.6754208754208757,0.0,0.0,0.0,0.0,0.0,0.0,0.0,0.0
fed/speech/fed_2025-06-05_speech_adriana_d_kugler_13193e73.txt,Fed,US,speech,Adriana D Kugler,2025-06-05,2025,2,2025-Q2,112,2883,25.741071428571427,0.2031757488271382,5.229961463112852,-0.013180714533472077,0.0,0.0,-0.001734304543877905,-0.001734304543877905,-0.000346860908775581,0.0,0.001040582726326743
fed/speech/fed_2025-06-05_speech_adriana_d_kugler_a861c201.txt,FED,,speech,,2025-06-05,2025,2,2025-Q2,100,2697,26.97,0.2019969278033794,5.447857142857142,-0.013718946978123842,0.0,0.0,-0.0018539117538005192,-0.0018539117538005192,-0.0003707823507601038,0.0,0.0011123470522803114
fed/speech/fed_2025-06-06_speech_michelle_w_bowman_853ad163.txt,FED,,speech,,2025-06-06,2025,2,2025-Q2,140,3678,26.271428571428572,0.26011560693641617,6.833608587943848,-0.0002718868950516585,0.0002718868950516585,0.000543773790103317,0.0,0.001087547580206634,0.0,0.0,0.0
fed/speech/fed_2025-06-06_speech_michelle_w_bowman_f4037e82.txt,Fed,US,speech,Michelle W Bowman,2025-06-06,2025,2,2025-Q2,156,3964,25.41025641025641,0.2617948717948718,6.652274819197896,-0.0002522704339051463,0.0002522704339051463,0.0005045408678102926,0.0,0.0010090817356205853,0.0,0.0,0.0
fed/speech/fed_2025-06-23_speech_adriana_d_kugler_f61cc197.txt,Fed,US,speech,Adriana D Kugler,2025-06-23,2025,2,2025-Q2,31,596,19.225806451612904,0.15555555555555556,2.9906810035842297,0.0,0.0,0.0,0.0,0.0,0.0,0.0,0.003355704697986577
fed/speech/fed_2025-06-23_speech_christopher_j_waller_a5d966b8.txt,Fed,US,speech,Christopher J Waller,2025-06-23,2025,2,2025-Q2,33,865,26.21212121212121,0.19217081850533807,5.037204788094467,-0.0011560693641618498,0.0,0.0,0.0,0.0,0.0,0.0,0.004624277456647399
fed/speech/fed_2025-06-23_speech_michelle_w_bowman_b3d985ba.txt,Fed,US,speech,Michelle W Bowman,2025-06-23,2025,2,2025-Q2,200,4818,24.09,0.23935483870967741,5.766058064516129,-0.005811540058115401,0.0010377750103777502,0.0,0.00020755500207555002,-0.0012453300124533001,-0.00041511000415110004,0.0,-0.00311332503113325
fed/speech/fed_2025-06-24_speech_michael_s_barr_dcac6d50.txt,Fed,US,speech,Michael S Barr,2025-06-24,2025,2,2025-Q2,35,800,22.857142857142858,0.1685823754789272,3.853311439518336,-0.00125,0.0,0.0,0.00125,-0.00125,0.0,0.0,0.00625
fed/speech/fed_2025-06-26_speech_michael_s_barr_aa502f20.txt,Fed,US,speech,Michael S Barr,2025-06-26,2025,2,2025-Q2,80,1938,24.225,0.2518597236981934,6.1013018065887366,-0.0010319917440660474,0.0020639834881320948,0.0,0.0,-0.0005159958720330237,0.0,0.0,0.010319917440660475
fed/speech/fed_2025-07-10_speech_christopher_j_waller_48af49aa.txt,Fed,US,speech,Christopher J Waller,2025-07-10,2025,3,2025-Q3,200,4677,23.385,0.1625082799735041,3.8002561271803934,0.0,0.001710498182595681,0.0,0.0,-0.0006414368184733803,0.0,0.00021381227282446012,0.00021381227282446012
fed/speech/fed_2025-07-15_speech_michael_s_barr_547e5d84.txt,Fed,US,speech,Michael S Barr,2025-07-15,2025,3,2025-Q3,97,2297,23.68041237113402,0.236782647989155,5.607110746712258,0.0,0.0,0.0,0.0,0.0008707009142359599,0.0,0.0,0.006965607313887679
fed/speech/fed_2025-07-15_speech_michelle_w_bowman_7a945774.txt,Fed,US,speech,Michelle W Bowman,2025-07-15,2025,3,2025-Q3,29,820,28.275862068965516,0.25921219822109276,7.3294483634929675,0.0,0.0,0.0,0.0,0.0,0.0,0.0,0.006097560975609756
fed/speech/fed_2025-07-16_speech_michael_s_barr_371570bd.txt,Fed,US,speech,Michael S Barr,2025-07-16,2025,3,2025-Q3,201,4045,20.124378109452735,0.24074553455863318,4.844854165620254,-0.00024721878862793575,0.0012360939431396785,0.0,-0.00024721878862793575,-0.00024721878862793575,0.0,0.0,-0.0012360939431396785
fed/speech/fed_2025-07-17_speech_adriana_d_kugler_fba06266.txt,Fed,US,speech,Adriana D Kugler,2025-07-17,2025,3,2025-Q3,174,3506,20.149425287356323,0.1801336573511543,3.6295896705353274,-0.005704506560182544,0.0,0.0,0.0002852253280091272,-0.0005704506560182544,-0.0002852253280091272,0.0,0.005704506560182544
fed/speech/fed_2025-07-17_speech_christopher_j_waller_14ad0636.txt,Fed,US,speech,Christopher J Waller,2025-07-17,2025,3,2025-Q3,117,3228,27.58974358974359,0.16400911161731208,4.524969335903277,-0.01332094175960347,0.0018587360594795538,0.0,0.0012391573729863693,-0.0003097893432465923,-0.0006195786864931846,0.0,0.0003097893432465923
fed/speech/fed_2025-07-17_speech_lisa_d_cook_8606000d.txt,Fed,US,speech,Lisa D Cook,2025-07-17,2025,3,2025-Q3,150,3241,21.606666666666666,0.2236503856041131,4.832339331619536,0.0,0.000308546744831842,0.03363159518667078,-0.000617093489663684,-0.000308546744831842,0.0,0.0,0.0046282011724776305
fed/speech/fed_2025-08-09_speech_michelle_w_bowman_7b59c68b.txt,Fed,US,speech,Michelle W Bowman,2025-08-09,2025,3,2025-Q3,157,3814,24.29299363057325,0.22633856138453218,5.498441230067552,-0.003932878867330886,0.0018353434714210803,0.002097535395909806,0.0,0.00026219192448872575,-0.0007865757734661773,0.0,0.001048767697954903
fed/speech/fed_2025-08-19_speech_michelle_w_bowman_856ee267.txt,Fed,US,speech,Michelle W Bowman,2025-08-19,2025,3,2025-Q3,140,3257,23.264285714285716,0.2644859813084112,6.15307743658211,0.0,0.0006140620202640467,0.003070310101320233,0.0,0.0,-0.00030703101013202335,0.0,0.0033773411114522566
fed/speech/fed_2025-08-20_speech_christopher_j_waller_466283ea.txt,Fed,US,speech,Christopher J Waller,2025-08-20,2025,3,2025-Q3,101,2016,19.96039603960396,0.23762886597938143,4.743166275390426,-0.000496031746031746,0.0,0.006944444444444444,0.0,-0.000496031746031746,0.0,0.0,0.007936507936507936
fed/speech/fed_2025-08-22_speech_jerome_h_powell_1a5ad2ca.txt,Fed,US,speech,Jerome H Powell,2025-08-22,2025,3,2025-Q3,211,4538,21.507109004739338,0.21283547257876312,4.577475708826668,-0.013442044953724107,0.00044072278536800354,0.0,0.0006610841780520053,-0.0008814455707360071,-0.0006610841780520053,0.0,0.0013221683561040105
fed/speech/fed_2025-08-28_speech_christopher_j_waller_6fb32e24.txt,Fed,US,speech,Christopher J Waller,2025-08-28,2025,3,2025-Q3,131,3260,24.885496183206108,0.15936507936507938,3.9658790742760215,-0.006441717791411043,0.00030674846625766873,0.001226993865030675,0.001226993865030675,-0.002147239263803681,0.00030674846625766873,0.0,-0.003987730061349694
fed/speech/fed_2025-09-22_speech_stephen_i_miran_be70b9db.txt,Fed,US,speech,Stephen I Miran,2025-09-22,2025,3,2025-Q3,206,4332,21.02912621359223,0.21124318969787023,4.4422596979183195,-0.006463527239150508,0.0009233610341643582,0.00023084025854108956,-0.0004616805170821791,-0.0006925207756232687,-0.0006925207756232687,0.0,0.002770083102493075
fed/speech/fed_2025-09-23_speech_jerome_h_powell_f76b4694.txt,Fed,US,speech,Jerome H Powell,2025-09-23,2025,3,2025-Q3,69,1259,18.246376811594203,0.17477328936521022,3.1889792943594157,-0.011119936457505957,0.0007942811755361397,0.0,0.0,-0.0023828435266084196,-0.0015885623510722795,0.0,0.0
fed/speech/fed_2025-09-23_speech_michelle_w_bowman_e4b06836.txt,Fed,US,speech,Michelle W Bowman,2025-09-23,2025,3,2025-Q3,108,2735,25.324074074074073,0.20944173847883102,5.303918099440767,-0.009140767824497258,0.0014625228519195613,0.00036563071297989033,0.00036563071297989033,0.0,0.0,0.0,0.002559414990859232
fed/speech/fed_2025-09-25_speech_michael_s_barr_1493ee84.txt,Fed,US,speech,Michael S Barr,2025-09-25,2025,3,2025-Q3,193,4787,24.803108808290155,0.20850509871989586,5.1715746506328575,0.0,-0.0008355964069354502,0.0,0.0,0.0025067892208063504,0.0,0.0,-0.006058073950282013
fed/speech/fed_2025-09-26_speech_michelle_w_bowman_69e4606e.txt,Fed,US,speech,Michelle W Bowman,2025-09-26,2025,3,2025-Q3,197,5477,27.80203045685279,0.23161627472937663,6.439402724328913,-0.0062077779806463396,0.0005477451159393829,0.0007303268212525105,0.00018258170531312764,-0.0009129085265656381,0.0003651634106262553,-0.0005477451159393829,-0.0016432353478181487
fed/speech/fed_2025-09-29_speech_christopher_j_waller_75a82391.txt,Fed,US,speech,Christopher J Waller,2025-09-29,2025,3,2025-Q3,108,2299,21.287037037037038,0.2637707120465741,5.6148969166210545,0.0,0.0,0.005219660722053067,0.0,0.0008699434536755111,0.0,0.0,0.008264462809917356
fed/speech/fed_2025-09-30_speech_philip_n_jefferson_25f44fe1.txt,Fed,US,speech,Philip N Jefferson,2025-09-30,2025,3,2025-Q3,124,2672,21.548387096774192,0.2161849710982659,4.658437441730374,-0.008982035928143712,0.0,0.0,0.001122754491017964,-0.001122754491017964,0.0,0.0,0.0029940119760479044
fed/speech/fed_2025-10-03_speech_philip_n_jefferson_c931406c.txt,Fed,US,speech,Philip N Jefferson,2025-10-03,2025,4,2025-Q4,96,2275,23.697916666666668,0.2157394843962008,5.1125763229308,-0.00967032967032967,0.0,0.0,0.00043956043956043956,-0.0017582417582417582,0.0,0.0,0.002197802197802198
fed/speech/fed_2025-10-07_speech_michelle_w_bowman_f06c4f79.txt,Fed,US,speech,Michelle W Bowman,2025-10-07,2025,4,2025-Q4,44,1169,26.568181818181817,0.263249348392702,6.994056551615195,0.0,0.000855431993156544,0.0,0.0,0.0,0.0,0.0,0.0051325919589392645
fed/speech/fed_2025-10-08_speech_michael_s_barr_be0330a5.txt,Fed,US,speech,Michael S Barr,2025-10-08,2025,4,2025-Q4,83,1867,22.49397590361446,0.24172185430463577,5.437285566105482,0.0,0.0021424745581146223,0.0,0.0,0.0,0.0,0.0,0.0048205677557579
fed/speech/fed_2025-10-08_speech_michael_s_barr_cda47367.txt,Fed,US,speech,Michael S Barr,2025-10-08,2025,4,2025-Q4,93,2314,24.881720430107528,0.20966312056737588,5.216779150461374,0.0,0.000432152117545376,0.00950734658599827,0.0,-0.000432152117545376,0.0,0.0,-0.0012964563526361278
fed/speech/fed_2025-10-09_speech_michael_s_barr_ecfc736f.txt,Fed,US,speech,Michael S Barr,2025-10-09,2025,4,2025-Q4,99,2594,26.2020202020202,0.16140489344909234,4.2291342788580355,-0.015805705474171164,0.0019275250578257518,0.0,0.0019275250578257518,-0.0019275250578257518,-0.0007710100231303007,0.0,0.0015420200462606013
fed/speech/fed_2025-10-09_speech_michelle_w_bowman_9e7a73fe.txt,Fed,US,speech,Michelle W Bowman,2025-10-09,2025,4,2025-Q4,71,1537,21.64788732394366,0.25181278839815424,5.45121486997131,-0.0006506180871828237,0.001951854261548471,0.0,0.0,0.0013012361743656475,0.0,0.0,0.002602472348731295
fed/speech/fed_2025-10-14_speech_jerome_h_powell_d6d4c1ee.txt,Fed,US,speech,Jerome H Powell,2025-10-14,2025,4,2025-Q4,190,4382,23.063157894736843,0.24546992027059678,5.661311529609238,-0.002510269283432223,0.0,0.0,-0.00022820629849383843,-0.0013692377909630307,0.00045641259698767686,-0.00045641259698767686,-0.002053856686444546
fed/speech/fed_2025-10-15_speech_christopher_j_waller_72903341.txt,Fed,US,speech,Christopher J Waller,2025-10-15,2025,4,2025-Q4,134,2449,18.276119402985074,0.19039595619208088,3.4796992292119855,-0.0004083299305839118,0.0008166598611678236,0.015924867292772562,-0.0008166598611678236,-0.0008166598611678236,0.0,0.0,0.008166598611678236
fed/speech/fed_2025-10-16_speech_michael_s_barr_e09d7c26.txt,Fed,US,speech,Michael S Barr,2025-10-16,2025,4,2025-Q4,193,4005,20.751295336787564,0.25019899177500665,5.191953171289645,0.0,0.0,0.00149812734082397,0.0,-0.00024968789013732833,0.0,-0.0004993757802746567,0.0024968789013732834
fed/speech/fed_2025-10-16_speech_michelle_w_bowman_1a8b5b35.txt,Fed,US,speech,Michelle W Bowman,2025-10-16,2025,4,2025-Q4,29,722,24.896551724137932,0.23163841807909605,5.766997857003702,0.0,0.0013850415512465374,0.0,0.0,0.0,0.0,0.0,0.006925207756232687
fed/speech/fed_2025-10-21_speech_christopher_j_waller_930a44f9.txt,Fed,US,speech,Christopher J Waller,2025-10-21,2025,4,2025-Q4,61,1391,22.80327868852459,0.2001466275659824,4.563999326955434,0.0,0.0,0.002875629043853343,0.0,0.0,0.0,0.0,0.0014378145219266715
fed/speech/fed_2025-10-22_speech_michael_s_barr_196864a9.txt,Fed,US,speech,Michael S Barr,2025-10-22,2025,4,2025-Q4,28,683,24.392857142857142,0.20833333333333334,5.081845238095238,0.0,0.0,0.0,0.0,0.0,0.0,0.0,0.010248901903367497
fed/speech/fed_2025-11-07_speech_philip_n_jefferson_789d4456.txt,Fed,US,speech,Philip N Jefferson,2025-11-07,2025,4,2025-Q4,113,2154,19.061946902654867,0.18151016456921587,3.4599371193105397,-0.003714020427112349,0.00046425255338904364,0.026462395543175487,0.0,-0.0009285051067780873,-0.00046425255338904364,0.0,0.0064995357474466105
fed/speech/fed_2025-11-07_speech_stephen_i_miran_9a474db2.txt,Fed,US,speech,Stephen I Miran,2025-11-07,2025,4,2025-Q4,150,2903,19.35333333333333,0.2289938694554634,4.4317946868614015,-0.0003444712366517396,0.0013778849466069584,0.0,0.0,-0.0010334137099552187,0.0,0.0,0.003100241129865656
fed/speech/fed_2025-11-11_speech_michael_s_barr_6e496a71.txt,Fed,US,speech,Michael S Barr,2025-11-11,2025,4,2025-Q4,112,2363,21.098214285714285,0.2088691796008869,4.406766708900855,-0.00042319085907744394,0.0,0.03343207786711807,-0.00042319085907744394,-0.0012695725772323319,0.0,0.0,0.003808717731696995
fed/speech/fed_2025-11-17_speech_christopher_j_waller_1e01e97a.txt,Fed,US,speech,Christopher J Waller,2025-11-17,2025,4,2025-Q4,149,3387,22.731543624161073,0.1684177997527812,3.82839656216557,-0.005019191024505462,0.0023619722468261,0.002657218777679362,-0.002066725715972837,-0.000590493061706525,-0.0002952465308532625,0.0,-0.005019191024505462
fed/speech/fed_2025-11-17_speech_philip_n_jefferson_ead4e8ff.txt,Fed,US,speech,Philip N Jefferson,2025-11-17,2025,4,2025-Q4,61,1376,22.557377049180328,0.20222222222222222,4.5616029143898,-0.006540697674418605,0.0,0.0,0.0,0.0,-0.0007267441860465116,0.0,0.0014534883720930232
fed/speech/fed_2025-11-18_speech_michael_s_barr_8f0642f4.txt,Fed,US,speech,Michael S Barr,2025-11-18,2025,4,2025-Q4,181,3736,20.640883977900554,0.26065022421524664,5.380051036840672,-0.0002676659528907923,0.0,0.0,-0.0002676659528907923,0.0008029978586723769,0.0,0.0,-0.004014989293361884
fed/speech/fed_2025-11-21_speech_philip_n_jefferson_e35b8dd4.txt,Fed,US,speech,Philip N Jefferson,2025-11-21,2025,4,2025-Q4,144,3020,20.97222222222222,0.20836261419536192,4.369827047708284,-0.00033112582781456954,0.00033112582781456954,0.02880794701986755,0.0,-0.0009933774834437086,0.0,0.0,0.004635761589403974
fed/speech/fed_2025-12-15_speech_stephen_i_miran_318c9d14.txt,Fed,US,speech,Stephen I Miran,2025-12-15,2025,4,2025-Q4,243,4532,18.650205761316872,0.2308775222900047,4.30591329637161,-0.01676963812886143,-0.00088261253309797,0.0002206531332744925,0.0,-0.00088261253309797,0.0,0.0,-0.00264783759929391
